﻿<?xml version="1.0" encoding="UTF-8"?>
<ExtensibleLibrary SerializerVersion="1.1.0.0" LibraryId="304daab4-9f31-485c-9cc0-983beabff0b4" Version="1.1.0.0" xmlns="http://altium.com/ns/Data/ExtensibleLibraries">
	<Types />
	<TypeExtensions />
	<Entities>
		<Entity Id="6bd74f66-498b-4a10-94bc-38ab6d2aa742" TypeId="27d70fdc-4c4e-4774-bfac-7efbb48cde47" RevisionId="213f7ab1-e5f1-4f0d-a19c-886f418396cf" RevisionDate="2021-03-16T04:34:50.4370739Z">
			<Property Name="Constructions" Type="String">CEM-1_CCL</Property>
			<Property Name="Resin" Type="DimValue" Dimension="Relative">0</Property>
			<Property Name="Frequency" Type="DimValue" Dimension="Frequency">1MHz</Property>
			<Property Name="DielectricConstant" Type="DimValue" Dimension="Dimensionless">5.5</Property>
			<Property Name="LossTangent" Type="DimValue" Dimension="Dimensionless">0.035</Property>
			<Property Name="GlassTransTemp" Type="DimValue" Dimension="Temperature">0</Property>
			<Property Name="Manufacturer" Type="String">Chang_Chun</Property>
			<Property Name="Name" Type="String">CCP-508</Property>
			<Property Name="Thickness" Type="DimValue" Dimension="Length">62.99212598 mil</Property>
			<Property Name="Description" Type="String">CCP-508;_CEM-1_CCL;_(1MHz)</Property>
			<Property Name="Note" Type="String">Df=0.035</Property>
		</Entity>
		<Entity Id="6bd74f66-498b-4a10-94bc-38ab6d2aa743" TypeId="27d70fdc-4c4e-4774-bfac-7efbb48cde47" RevisionId="213f7ab1-e5f1-4f0d-a19c-886f418396cf" RevisionDate="2021-03-16T04:34:50.4370739Z">
			<Property Name="Constructions" Type="String">CEM-1_CCL</Property>
			<Property Name="Resin" Type="DimValue" Dimension="Relative">0</Property>
			<Property Name="Frequency" Type="DimValue" Dimension="Frequency">1MHz</Property>
			<Property Name="DielectricConstant" Type="DimValue" Dimension="Dimensionless">5.5</Property>
			<Property Name="LossTangent" Type="DimValue" Dimension="Dimensionless">0.035</Property>
			<Property Name="GlassTransTemp" Type="DimValue" Dimension="Temperature">0</Property>
			<Property Name="Manufacturer" Type="String">Chang_Chun</Property>
			<Property Name="Name" Type="String">CCP-508_(W)</Property>
			<Property Name="Thickness" Type="DimValue" Dimension="Length">62.99212598 mil</Property>
			<Property Name="Description" Type="String">CCP-508_(W);_CEM-1_CCL;_(1MHz)</Property>
			<Property Name="Note" Type="String">Df=0.035</Property>
		</Entity>
		<Entity Id="6bd74f66-498b-4a10-94bc-38ab6d2aa744" TypeId="27d70fdc-4c4e-4774-bfac-7efbb48cde47" RevisionId="213f7ab1-e5f1-4f0d-a19c-886f418396cf" RevisionDate="2021-03-16T04:34:50.4370739Z">
			<Property Name="Constructions" Type="String">CEM-1_CCL</Property>
			<Property Name="Resin" Type="DimValue" Dimension="Relative">0</Property>
			<Property Name="Frequency" Type="DimValue" Dimension="Frequency">1MHz</Property>
			<Property Name="DielectricConstant" Type="DimValue" Dimension="Dimensionless">5.5</Property>
			<Property Name="LossTangent" Type="DimValue" Dimension="Dimensionless">0.035</Property>
			<Property Name="GlassTransTemp" Type="DimValue" Dimension="Temperature">0</Property>
			<Property Name="Manufacturer" Type="String">Chang_Chun</Property>
			<Property Name="Name" Type="String">CCP-518</Property>
			<Property Name="Thickness" Type="DimValue" Dimension="Length">62.99212598 mil</Property>
			<Property Name="Description" Type="String">CCP-518;_CEM-1_CCL;_(1MHz)</Property>
			<Property Name="Note" Type="String">Df=0.035</Property>
		</Entity>
		<Entity Id="6bd74f66-498b-4a10-94bc-38ab6d2aa745" TypeId="27d70fdc-4c4e-4774-bfac-7efbb48cde47" RevisionId="213f7ab1-e5f1-4f0d-a19c-886f418396cf" RevisionDate="2021-03-16T04:34:50.4370739Z">
			<Property Name="Constructions" Type="String">CEM-1_CCL</Property>
			<Property Name="Resin" Type="DimValue" Dimension="Relative">0</Property>
			<Property Name="Frequency" Type="DimValue" Dimension="Frequency">1MHz</Property>
			<Property Name="DielectricConstant" Type="DimValue" Dimension="Dimensionless">5.5</Property>
			<Property Name="LossTangent" Type="DimValue" Dimension="Dimensionless">0.035</Property>
			<Property Name="GlassTransTemp" Type="DimValue" Dimension="Temperature">0</Property>
			<Property Name="Manufacturer" Type="String">Chang_Chun</Property>
			<Property Name="Name" Type="String">CCP-518_(SW)</Property>
			<Property Name="Thickness" Type="DimValue" Dimension="Length">62.99212598 mil</Property>
			<Property Name="Description" Type="String">CCP-518_(SW);_CEM-1_CCL;_(1MHz)</Property>
			<Property Name="Note" Type="String">Df=0.035</Property>
		</Entity>
		<Entity Id="6bd74f66-498b-4a10-94bc-38ab6d2aa746" TypeId="27d70fdc-4c4e-4774-bfac-7efbb48cde47" RevisionId="213f7ab1-e5f1-4f0d-a19c-886f418396cf" RevisionDate="2021-03-16T04:34:50.4370739Z">
			<Property Name="Constructions" Type="String">FR-1/FR-2_CCL</Property>
			<Property Name="Resin" Type="DimValue" Dimension="Relative">0</Property>
			<Property Name="Frequency" Type="DimValue" Dimension="Frequency">1MHz</Property>
			<Property Name="DielectricConstant" Type="DimValue" Dimension="Dimensionless">5</Property>
			<Property Name="LossTangent" Type="DimValue" Dimension="Dimensionless">0.05</Property>
			<Property Name="GlassTransTemp" Type="DimValue" Dimension="Temperature">0</Property>
			<Property Name="Manufacturer" Type="String">Chang_Chun</Property>
			<Property Name="Name" Type="String">CCP-3400_(AP)</Property>
			<Property Name="Thickness" Type="DimValue" Dimension="Length">62.99212598 mil</Property>
			<Property Name="Description" Type="String">CCP-3400_(AP);_FR-1/FR-2_CCL;_(1MHz)</Property>
			<Property Name="Note" Type="String">Df=0.05</Property>
		</Entity>
		<Entity Id="6bd74f66-498b-4a10-94bc-38ab6d2aa747" TypeId="27d70fdc-4c4e-4774-bfac-7efbb48cde47" RevisionId="213f7ab1-e5f1-4f0d-a19c-886f418396cf" RevisionDate="2021-03-16T04:34:50.4370739Z">
			<Property Name="Constructions" Type="String">FR-1/FR-2_CCL</Property>
			<Property Name="Resin" Type="DimValue" Dimension="Relative">0</Property>
			<Property Name="Frequency" Type="DimValue" Dimension="Frequency">1MHz</Property>
			<Property Name="DielectricConstant" Type="DimValue" Dimension="Dimensionless">5</Property>
			<Property Name="LossTangent" Type="DimValue" Dimension="Dimensionless">0.05</Property>
			<Property Name="GlassTransTemp" Type="DimValue" Dimension="Temperature">0</Property>
			<Property Name="Manufacturer" Type="String">Chang_Chun</Property>
			<Property Name="Name" Type="String">CCP-3400_(ST)</Property>
			<Property Name="Thickness" Type="DimValue" Dimension="Length">62.99212598 mil</Property>
			<Property Name="Description" Type="String">CCP-3400_(ST);_FR-1/FR-2_CCL;_(1MHz)</Property>
			<Property Name="Note" Type="String">Df=0.05</Property>
		</Entity>
		<Entity Id="6bd74f66-498b-4a10-94bc-38ab6d2aa748" TypeId="27d70fdc-4c4e-4774-bfac-7efbb48cde47" RevisionId="213f7ab1-e5f1-4f0d-a19c-886f418396cf" RevisionDate="2021-03-16T04:34:50.4370739Z">
			<Property Name="Constructions" Type="String">FR-1/FR-2_CCL</Property>
			<Property Name="Resin" Type="DimValue" Dimension="Relative">0</Property>
			<Property Name="Frequency" Type="DimValue" Dimension="Frequency">1MHz</Property>
			<Property Name="DielectricConstant" Type="DimValue" Dimension="Dimensionless">5</Property>
			<Property Name="LossTangent" Type="DimValue" Dimension="Dimensionless">0.05</Property>
			<Property Name="GlassTransTemp" Type="DimValue" Dimension="Temperature">0</Property>
			<Property Name="Manufacturer" Type="String">Chang_Chun</Property>
			<Property Name="Name" Type="String">CCP-6400</Property>
			<Property Name="Thickness" Type="DimValue" Dimension="Length">62.99212598 mil</Property>
			<Property Name="Description" Type="String">CCP-6400;_FR-1/FR-2_CCL;_(1MHz)</Property>
			<Property Name="Note" Type="String">Df=0.05</Property>
		</Entity>
		<Entity Id="6bd74f66-498b-4a10-94bc-38ab6d2aa749" TypeId="27d70fdc-4c4e-4774-bfac-7efbb48cde47" RevisionId="213f7ab1-e5f1-4f0d-a19c-886f418396cf" RevisionDate="2021-03-16T04:34:50.4370739Z">
			<Property Name="Constructions" Type="String">FR-1/FR-2_CCL</Property>
			<Property Name="Resin" Type="DimValue" Dimension="Relative">0</Property>
			<Property Name="Frequency" Type="DimValue" Dimension="Frequency">1MHz</Property>
			<Property Name="DielectricConstant" Type="DimValue" Dimension="Dimensionless">5</Property>
			<Property Name="LossTangent" Type="DimValue" Dimension="Dimensionless">0.05</Property>
			<Property Name="GlassTransTemp" Type="DimValue" Dimension="Temperature">0</Property>
			<Property Name="Manufacturer" Type="String">Chang_Chun</Property>
			<Property Name="Name" Type="String">CCP-6400_(RC)</Property>
			<Property Name="Thickness" Type="DimValue" Dimension="Length">62.99212598 mil</Property>
			<Property Name="Description" Type="String">CCP-6400_(RC);_FR-1/FR-2_CCL;_(1MHz)</Property>
			<Property Name="Note" Type="String">Df=0.05</Property>
		</Entity>
		<Entity Id="6bd74f66-498b-4a10-94bc-38ab6d2aa750" TypeId="27d70fdc-4c4e-4774-bfac-7efbb48cde47" RevisionId="213f7ab1-e5f1-4f0d-a19c-886f418396cf" RevisionDate="2021-03-16T04:34:50.4370739Z">
			<Property Name="Constructions" Type="String">Al_based_CCL</Property>
			<Property Name="Resin" Type="DimValue" Dimension="Relative">0</Property>
			<Property Name="Frequency" Type="DimValue" Dimension="Frequency">1MHz</Property>
			<Property Name="DielectricConstant" Type="DimValue" Dimension="Dimensionless">5.6</Property>
			<Property Name="LossTangent" Type="DimValue" Dimension="Dimensionless">0.013</Property>
			<Property Name="GlassTransTemp" Type="DimValue" Dimension="Temperature">100</Property>
			<Property Name="Manufacturer" Type="String">Chang_Chun</Property>
			<Property Name="Name" Type="String">CS-AL088/89_AD2</Property>
			<Property Name="Thickness" Type="DimValue" Dimension="Length">2 mil</Property>
			<Property Name="Description" Type="String">CS-AL088/89_AD2;_(1MHz)</Property>
			<Property Name="Note" Type="String">Tg=100C;_Df=0.013</Property>
		</Entity>
		<Entity Id="6bd74f66-498b-4a10-94bc-38ab6d2aa751" TypeId="27d70fdc-4c4e-4774-bfac-7efbb48cde47" RevisionId="213f7ab1-e5f1-4f0d-a19c-886f418396cf" RevisionDate="2021-03-16T04:34:50.4370739Z">
			<Property Name="Constructions" Type="String">Al_based_CCL</Property>
			<Property Name="Resin" Type="DimValue" Dimension="Relative">0</Property>
			<Property Name="Frequency" Type="DimValue" Dimension="Frequency">1MHz</Property>
			<Property Name="DielectricConstant" Type="DimValue" Dimension="Dimensionless">5.6</Property>
			<Property Name="LossTangent" Type="DimValue" Dimension="Dimensionless">0.013</Property>
			<Property Name="GlassTransTemp" Type="DimValue" Dimension="Temperature">100</Property>
			<Property Name="Manufacturer" Type="String">Chang_Chun</Property>
			<Property Name="Name" Type="String">CS-AL088/89_AD2</Property>
			<Property Name="Thickness" Type="DimValue" Dimension="Length">8 mil</Property>
			<Property Name="Description" Type="String">CS-AL088/89_AD2;_(1MHz)</Property>
			<Property Name="Note" Type="String">Tg=100C;_Df=0.013</Property>
		</Entity>
		<Entity Id="6bd74f66-498b-4a10-94bc-38ab6d2aa752" TypeId="27d70fdc-4c4e-4774-bfac-7efbb48cde47" RevisionId="213f7ab1-e5f1-4f0d-a19c-886f418396cf" RevisionDate="2021-03-16T04:34:50.4370739Z">
			<Property Name="Constructions" Type="String">Al_based_CCL</Property>
			<Property Name="Resin" Type="DimValue" Dimension="Relative">0</Property>
			<Property Name="Frequency" Type="DimValue" Dimension="Frequency">1GHz</Property>
			<Property Name="DielectricConstant" Type="DimValue" Dimension="Dimensionless">5.3</Property>
			<Property Name="LossTangent" Type="DimValue" Dimension="Dimensionless">0.01</Property>
			<Property Name="GlassTransTemp" Type="DimValue" Dimension="Temperature">100</Property>
			<Property Name="Manufacturer" Type="String">Chang_Chun</Property>
			<Property Name="Name" Type="String">CS-AL088/89_AD2</Property>
			<Property Name="Thickness" Type="DimValue" Dimension="Length">2 mil</Property>
			<Property Name="Description" Type="String">CS-AL088/89_AD2;_(1GHz)</Property>
			<Property Name="Note" Type="String">Tg=100C;_Df=0.010</Property>
		</Entity>
		<Entity Id="6bd74f66-498b-4a10-94bc-38ab6d2aa753" TypeId="27d70fdc-4c4e-4774-bfac-7efbb48cde47" RevisionId="213f7ab1-e5f1-4f0d-a19c-886f418396cf" RevisionDate="2021-03-16T04:34:50.4370739Z">
			<Property Name="Constructions" Type="String">Al_based_CCL</Property>
			<Property Name="Resin" Type="DimValue" Dimension="Relative">0</Property>
			<Property Name="Frequency" Type="DimValue" Dimension="Frequency">1GHz</Property>
			<Property Name="DielectricConstant" Type="DimValue" Dimension="Dimensionless">5.3</Property>
			<Property Name="LossTangent" Type="DimValue" Dimension="Dimensionless">0.01</Property>
			<Property Name="GlassTransTemp" Type="DimValue" Dimension="Temperature">100</Property>
			<Property Name="Manufacturer" Type="String">Chang_Chun</Property>
			<Property Name="Name" Type="String">CS-AL088/89_AD2</Property>
			<Property Name="Thickness" Type="DimValue" Dimension="Length">8 mil</Property>
			<Property Name="Description" Type="String">CS-AL088/89_AD2;_(1GHz)</Property>
			<Property Name="Note" Type="String">Tg=100C;_Df=0.010</Property>
		</Entity>
		<Entity Id="6bd74f66-498b-4a10-94bc-38ab6d2aa754" TypeId="27d70fdc-4c4e-4774-bfac-7efbb48cde47" RevisionId="213f7ab1-e5f1-4f0d-a19c-886f418396cf" RevisionDate="2021-03-16T04:34:50.4370739Z">
			<Property Name="Constructions" Type="String">Al_based_CCL</Property>
			<Property Name="Resin" Type="DimValue" Dimension="Relative">0</Property>
			<Property Name="Frequency" Type="DimValue" Dimension="Frequency">1MHz</Property>
			<Property Name="DielectricConstant" Type="DimValue" Dimension="Dimensionless">6.1</Property>
			<Property Name="LossTangent" Type="DimValue" Dimension="Dimensionless">0.017</Property>
			<Property Name="GlassTransTemp" Type="DimValue" Dimension="Temperature">100</Property>
			<Property Name="Manufacturer" Type="String">Chang_Chun</Property>
			<Property Name="Name" Type="String">CS-AL088/89_AD3</Property>
			<Property Name="Thickness" Type="DimValue" Dimension="Length">2 mil</Property>
			<Property Name="Description" Type="String">CS-AL088/89_AD3;_(1MHz)</Property>
			<Property Name="Note" Type="String">Tg=100C;_Df=0.017</Property>
		</Entity>
		<Entity Id="6bd74f66-498b-4a10-94bc-38ab6d2aa755" TypeId="27d70fdc-4c4e-4774-bfac-7efbb48cde47" RevisionId="213f7ab1-e5f1-4f0d-a19c-886f418396cf" RevisionDate="2021-03-16T04:34:50.4370739Z">
			<Property Name="Constructions" Type="String">Al_based_CCL</Property>
			<Property Name="Resin" Type="DimValue" Dimension="Relative">0</Property>
			<Property Name="Frequency" Type="DimValue" Dimension="Frequency">1MHz</Property>
			<Property Name="DielectricConstant" Type="DimValue" Dimension="Dimensionless">6.1</Property>
			<Property Name="LossTangent" Type="DimValue" Dimension="Dimensionless">0.017</Property>
			<Property Name="GlassTransTemp" Type="DimValue" Dimension="Temperature">100</Property>
			<Property Name="Manufacturer" Type="String">Chang_Chun</Property>
			<Property Name="Name" Type="String">CS-AL088/89_AD3</Property>
			<Property Name="Thickness" Type="DimValue" Dimension="Length">8 mil</Property>
			<Property Name="Description" Type="String">CS-AL088/89_AD3;_(1MHz)</Property>
			<Property Name="Note" Type="String">Tg=100C;_Df=0.017</Property>
		</Entity>
		<Entity Id="6bd74f66-498b-4a10-94bc-38ab6d2aa756" TypeId="27d70fdc-4c4e-4774-bfac-7efbb48cde47" RevisionId="213f7ab1-e5f1-4f0d-a19c-886f418396cf" RevisionDate="2021-03-16T04:34:50.4370739Z">
			<Property Name="Constructions" Type="String">Al_based_CCL</Property>
			<Property Name="Resin" Type="DimValue" Dimension="Relative">0</Property>
			<Property Name="Frequency" Type="DimValue" Dimension="Frequency">1GHz</Property>
			<Property Name="DielectricConstant" Type="DimValue" Dimension="Dimensionless">6</Property>
			<Property Name="LossTangent" Type="DimValue" Dimension="Dimensionless">0.009</Property>
			<Property Name="GlassTransTemp" Type="DimValue" Dimension="Temperature">100</Property>
			<Property Name="Manufacturer" Type="String">Chang_Chun</Property>
			<Property Name="Name" Type="String">CS-AL088/89_AD3</Property>
			<Property Name="Thickness" Type="DimValue" Dimension="Length">2 mil</Property>
			<Property Name="Description" Type="String">CS-AL088/89_AD3;_(1GHz)</Property>
			<Property Name="Note" Type="String">Tg=100C;_Df=0.009</Property>
		</Entity>
		<Entity Id="6bd74f66-498b-4a10-94bc-38ab6d2aa757" TypeId="27d70fdc-4c4e-4774-bfac-7efbb48cde47" RevisionId="213f7ab1-e5f1-4f0d-a19c-886f418396cf" RevisionDate="2021-03-16T04:34:50.4370739Z">
			<Property Name="Constructions" Type="String">Al_based_CCL</Property>
			<Property Name="Resin" Type="DimValue" Dimension="Relative">0</Property>
			<Property Name="Frequency" Type="DimValue" Dimension="Frequency">1GHz</Property>
			<Property Name="DielectricConstant" Type="DimValue" Dimension="Dimensionless">6</Property>
			<Property Name="LossTangent" Type="DimValue" Dimension="Dimensionless">0.009</Property>
			<Property Name="GlassTransTemp" Type="DimValue" Dimension="Temperature">100</Property>
			<Property Name="Manufacturer" Type="String">Chang_Chun</Property>
			<Property Name="Name" Type="String">CS-AL088/89_AD3</Property>
			<Property Name="Thickness" Type="DimValue" Dimension="Length">8 mil</Property>
			<Property Name="Description" Type="String">CS-AL088/89_AD3;_(1GHz)</Property>
			<Property Name="Note" Type="String">Tg=100C;_Df=0.009</Property>
		</Entity>
		<Entity Id="6bd74f66-498b-4a10-94bc-38ab6d2aa758" TypeId="27d70fdc-4c4e-4774-bfac-7efbb48cde47" RevisionId="213f7ab1-e5f1-4f0d-a19c-886f418396cf" RevisionDate="2021-03-16T04:34:50.4370739Z">
			<Property Name="Constructions" Type="String">Al_based_CCL</Property>
			<Property Name="Resin" Type="DimValue" Dimension="Relative">0</Property>
			<Property Name="Frequency" Type="DimValue" Dimension="Frequency">1MHz</Property>
			<Property Name="DielectricConstant" Type="DimValue" Dimension="Dimensionless">5.8</Property>
			<Property Name="LossTangent" Type="DimValue" Dimension="Dimensionless">0.015</Property>
			<Property Name="GlassTransTemp" Type="DimValue" Dimension="Temperature">100</Property>
			<Property Name="Manufacturer" Type="String">Chang_Chun</Property>
			<Property Name="Name" Type="String">CS-AL088/89_AD5</Property>
			<Property Name="Thickness" Type="DimValue" Dimension="Length">2 mil</Property>
			<Property Name="Description" Type="String">CS-AL088/89_AD5;_(1MHz)</Property>
			<Property Name="Note" Type="String">Tg=100C;_Df=0.015</Property>
		</Entity>
		<Entity Id="6bd74f66-498b-4a10-94bc-38ab6d2aa759" TypeId="27d70fdc-4c4e-4774-bfac-7efbb48cde47" RevisionId="213f7ab1-e5f1-4f0d-a19c-886f418396cf" RevisionDate="2021-03-16T04:34:50.4370739Z">
			<Property Name="Constructions" Type="String">Al_based_CCL</Property>
			<Property Name="Resin" Type="DimValue" Dimension="Relative">0</Property>
			<Property Name="Frequency" Type="DimValue" Dimension="Frequency">1MHz</Property>
			<Property Name="DielectricConstant" Type="DimValue" Dimension="Dimensionless">5.8</Property>
			<Property Name="LossTangent" Type="DimValue" Dimension="Dimensionless">0.015</Property>
			<Property Name="GlassTransTemp" Type="DimValue" Dimension="Temperature">100</Property>
			<Property Name="Manufacturer" Type="String">Chang_Chun</Property>
			<Property Name="Name" Type="String">CS-AL088/89_AD5</Property>
			<Property Name="Thickness" Type="DimValue" Dimension="Length">8 mil</Property>
			<Property Name="Description" Type="String">CS-AL088/89_AD5;_(1MHz)</Property>
			<Property Name="Note" Type="String">Tg=100C;_Df=0.015</Property>
		</Entity>
		<Entity Id="6bd74f66-498b-4a10-94bc-38ab6d2aa760" TypeId="27d70fdc-4c4e-4774-bfac-7efbb48cde47" RevisionId="213f7ab1-e5f1-4f0d-a19c-886f418396cf" RevisionDate="2021-03-16T04:34:50.4370739Z">
			<Property Name="Constructions" Type="String">Al_based_CCL</Property>
			<Property Name="Resin" Type="DimValue" Dimension="Relative">0</Property>
			<Property Name="Frequency" Type="DimValue" Dimension="Frequency">1GHz</Property>
			<Property Name="DielectricConstant" Type="DimValue" Dimension="Dimensionless">5.7</Property>
			<Property Name="LossTangent" Type="DimValue" Dimension="Dimensionless">0.008</Property>
			<Property Name="GlassTransTemp" Type="DimValue" Dimension="Temperature">100</Property>
			<Property Name="Manufacturer" Type="String">Chang_Chun</Property>
			<Property Name="Name" Type="String">CS-AL088/89_AD5</Property>
			<Property Name="Thickness" Type="DimValue" Dimension="Length">2 mil</Property>
			<Property Name="Description" Type="String">CS-AL088/89_AD5;_(1GHz)</Property>
			<Property Name="Note" Type="String">Tg=100C;_Df=0.008</Property>
		</Entity>
		<Entity Id="6bd74f66-498b-4a10-94bc-38ab6d2aa761" TypeId="27d70fdc-4c4e-4774-bfac-7efbb48cde47" RevisionId="213f7ab1-e5f1-4f0d-a19c-886f418396cf" RevisionDate="2021-03-16T04:34:50.4370739Z">
			<Property Name="Constructions" Type="String">Al_based_CCL</Property>
			<Property Name="Resin" Type="DimValue" Dimension="Relative">0</Property>
			<Property Name="Frequency" Type="DimValue" Dimension="Frequency">1GHz</Property>
			<Property Name="DielectricConstant" Type="DimValue" Dimension="Dimensionless">5.7</Property>
			<Property Name="LossTangent" Type="DimValue" Dimension="Dimensionless">0.008</Property>
			<Property Name="GlassTransTemp" Type="DimValue" Dimension="Temperature">100</Property>
			<Property Name="Manufacturer" Type="String">Chang_Chun</Property>
			<Property Name="Name" Type="String">CS-AL088/89_AD5</Property>
			<Property Name="Thickness" Type="DimValue" Dimension="Length">8 mil</Property>
			<Property Name="Description" Type="String">CS-AL088/89_AD5;_(1GHz)</Property>
			<Property Name="Note" Type="String">Tg=100C;_Df=0.008</Property>
		</Entity>
		<Entity Id="6bd74f66-498b-4a10-94bc-38ab6d2aa762" TypeId="27d70fdc-4c4e-4774-bfac-7efbb48cde47" RevisionId="213f7ab1-e5f1-4f0d-a19c-886f418396cf" RevisionDate="2021-03-16T04:34:50.4370739Z">
			<Property Name="Constructions" Type="String">Al_based_CCL</Property>
			<Property Name="Resin" Type="DimValue" Dimension="Relative">0</Property>
			<Property Name="Frequency" Type="DimValue" Dimension="Frequency">1MHz</Property>
			<Property Name="DielectricConstant" Type="DimValue" Dimension="Dimensionless">5.6</Property>
			<Property Name="LossTangent" Type="DimValue" Dimension="Dimensionless">0.013</Property>
			<Property Name="GlassTransTemp" Type="DimValue" Dimension="Temperature">100</Property>
			<Property Name="Manufacturer" Type="String">Chang_Chun</Property>
			<Property Name="Name" Type="String">CS-AL088/89_LI</Property>
			<Property Name="Thickness" Type="DimValue" Dimension="Length">2 mil</Property>
			<Property Name="Description" Type="String">CS-AL088/89_L1;_(1MHz)</Property>
			<Property Name="Note" Type="String">Tg=100C;_Df=0.013</Property>
		</Entity>
		<Entity Id="6bd74f66-498b-4a10-94bc-38ab6d2aa763" TypeId="27d70fdc-4c4e-4774-bfac-7efbb48cde47" RevisionId="213f7ab1-e5f1-4f0d-a19c-886f418396cf" RevisionDate="2021-03-16T04:34:50.4370739Z">
			<Property Name="Constructions" Type="String">Al_based_CCL</Property>
			<Property Name="Resin" Type="DimValue" Dimension="Relative">0</Property>
			<Property Name="Frequency" Type="DimValue" Dimension="Frequency">1MHz</Property>
			<Property Name="DielectricConstant" Type="DimValue" Dimension="Dimensionless">5.6</Property>
			<Property Name="LossTangent" Type="DimValue" Dimension="Dimensionless">0.013</Property>
			<Property Name="GlassTransTemp" Type="DimValue" Dimension="Temperature">100</Property>
			<Property Name="Manufacturer" Type="String">Chang_Chun</Property>
			<Property Name="Name" Type="String">CS-AL088/89_LI</Property>
			<Property Name="Thickness" Type="DimValue" Dimension="Length">8 mil</Property>
			<Property Name="Description" Type="String">CS-AL088/89_L1;_(1MHz)</Property>
			<Property Name="Note" Type="String">Tg=100C;_Df=0.013</Property>
		</Entity>
		<Entity Id="6bd74f66-498b-4a10-94bc-38ab6d2aa764" TypeId="27d70fdc-4c4e-4774-bfac-7efbb48cde47" RevisionId="213f7ab1-e5f1-4f0d-a19c-886f418396cf" RevisionDate="2021-03-16T04:34:50.4370739Z">
			<Property Name="Constructions" Type="String">Al_based_CCL</Property>
			<Property Name="Resin" Type="DimValue" Dimension="Relative">0</Property>
			<Property Name="Frequency" Type="DimValue" Dimension="Frequency">1GHz</Property>
			<Property Name="DielectricConstant" Type="DimValue" Dimension="Dimensionless">5.3</Property>
			<Property Name="LossTangent" Type="DimValue" Dimension="Dimensionless">0.01</Property>
			<Property Name="GlassTransTemp" Type="DimValue" Dimension="Temperature">100</Property>
			<Property Name="Manufacturer" Type="String">Chang_Chun</Property>
			<Property Name="Name" Type="String">CS-AL088/89_LI</Property>
			<Property Name="Thickness" Type="DimValue" Dimension="Length">2 mil</Property>
			<Property Name="Description" Type="String">CS-AL088/89_L1;_(1GHz)</Property>
			<Property Name="Note" Type="String">Tg=100C;_Df=0.010</Property>
		</Entity>
		<Entity Id="6bd74f66-498b-4a10-94bc-38ab6d2aa765" TypeId="27d70fdc-4c4e-4774-bfac-7efbb48cde47" RevisionId="213f7ab1-e5f1-4f0d-a19c-886f418396cf" RevisionDate="2021-03-16T04:34:50.4370739Z">
			<Property Name="Constructions" Type="String">Al_based_CCL</Property>
			<Property Name="Resin" Type="DimValue" Dimension="Relative">0</Property>
			<Property Name="Frequency" Type="DimValue" Dimension="Frequency">1GHz</Property>
			<Property Name="DielectricConstant" Type="DimValue" Dimension="Dimensionless">5.3</Property>
			<Property Name="LossTangent" Type="DimValue" Dimension="Dimensionless">0.01</Property>
			<Property Name="GlassTransTemp" Type="DimValue" Dimension="Temperature">100</Property>
			<Property Name="Manufacturer" Type="String">Chang_Chun</Property>
			<Property Name="Name" Type="String">CS-AL088/89_LI</Property>
			<Property Name="Thickness" Type="DimValue" Dimension="Length">8 mil</Property>
			<Property Name="Description" Type="String">CS-AL088/89_L1;_(1GHz)</Property>
			<Property Name="Note" Type="String">Tg=100C;_Df=0.010</Property>
		</Entity>
		<Entity Id="6bd74f66-498b-4a10-94bc-38ab6d2aa766" TypeId="27d70fdc-4c4e-4774-bfac-7efbb48cde47" RevisionId="213f7ab1-e5f1-4f0d-a19c-886f418396cf" RevisionDate="2021-03-16T04:34:50.4370739Z">
			<Property Name="Constructions" Type="String">Al_based_CCL</Property>
			<Property Name="Resin" Type="DimValue" Dimension="Relative">0</Property>
			<Property Name="Frequency" Type="DimValue" Dimension="Frequency">1MHz</Property>
			<Property Name="DielectricConstant" Type="DimValue" Dimension="Dimensionless">5.6</Property>
			<Property Name="LossTangent" Type="DimValue" Dimension="Dimensionless">0.013</Property>
			<Property Name="GlassTransTemp" Type="DimValue" Dimension="Temperature">100</Property>
			<Property Name="Manufacturer" Type="String">Chang_Chun</Property>
			<Property Name="Name" Type="String">CS-AL088/89_L2</Property>
			<Property Name="Thickness" Type="DimValue" Dimension="Length">2 mil</Property>
			<Property Name="Description" Type="String">CS-AL088/89_L2;_(1MHz)</Property>
			<Property Name="Note" Type="String">Tg=100C;_Df=0.013</Property>
		</Entity>
		<Entity Id="6bd74f66-498b-4a10-94bc-38ab6d2aa767" TypeId="27d70fdc-4c4e-4774-bfac-7efbb48cde47" RevisionId="213f7ab1-e5f1-4f0d-a19c-886f418396cf" RevisionDate="2021-03-16T04:34:50.4370739Z">
			<Property Name="Constructions" Type="String">Al_based_CCL</Property>
			<Property Name="Resin" Type="DimValue" Dimension="Relative">0</Property>
			<Property Name="Frequency" Type="DimValue" Dimension="Frequency">1MHz</Property>
			<Property Name="DielectricConstant" Type="DimValue" Dimension="Dimensionless">5.6</Property>
			<Property Name="LossTangent" Type="DimValue" Dimension="Dimensionless">0.013</Property>
			<Property Name="GlassTransTemp" Type="DimValue" Dimension="Temperature">100</Property>
			<Property Name="Manufacturer" Type="String">Chang_Chun</Property>
			<Property Name="Name" Type="String">CS-AL088/89_L2</Property>
			<Property Name="Thickness" Type="DimValue" Dimension="Length">8 mil</Property>
			<Property Name="Description" Type="String">CS-AL088/89_L2;_(1MHz)</Property>
			<Property Name="Note" Type="String">Tg=100C;_Df=0.013</Property>
		</Entity>
		<Entity Id="6bd74f66-498b-4a10-94bc-38ab6d2aa768" TypeId="27d70fdc-4c4e-4774-bfac-7efbb48cde47" RevisionId="213f7ab1-e5f1-4f0d-a19c-886f418396cf" RevisionDate="2021-03-16T04:34:50.4370739Z">
			<Property Name="Constructions" Type="String">Al_based_CCL</Property>
			<Property Name="Resin" Type="DimValue" Dimension="Relative">0</Property>
			<Property Name="Frequency" Type="DimValue" Dimension="Frequency">1GHz</Property>
			<Property Name="DielectricConstant" Type="DimValue" Dimension="Dimensionless">5.3</Property>
			<Property Name="LossTangent" Type="DimValue" Dimension="Dimensionless">0.01</Property>
			<Property Name="GlassTransTemp" Type="DimValue" Dimension="Temperature">100</Property>
			<Property Name="Manufacturer" Type="String">Chang_Chun</Property>
			<Property Name="Name" Type="String">CS-AL088/89_L2</Property>
			<Property Name="Thickness" Type="DimValue" Dimension="Length">2 mil</Property>
			<Property Name="Description" Type="String">CS-AL088/89_L2;_(1GHz)</Property>
			<Property Name="Note" Type="String">Tg=100C;_Df=0.010</Property>
		</Entity>
		<Entity Id="6bd74f66-498b-4a10-94bc-38ab6d2aa769" TypeId="27d70fdc-4c4e-4774-bfac-7efbb48cde47" RevisionId="213f7ab1-e5f1-4f0d-a19c-886f418396cf" RevisionDate="2021-03-16T04:34:50.4370739Z">
			<Property Name="Constructions" Type="String">Al_based_CCL</Property>
			<Property Name="Resin" Type="DimValue" Dimension="Relative">0</Property>
			<Property Name="Frequency" Type="DimValue" Dimension="Frequency">1GHz</Property>
			<Property Name="DielectricConstant" Type="DimValue" Dimension="Dimensionless">5.3</Property>
			<Property Name="LossTangent" Type="DimValue" Dimension="Dimensionless">0.01</Property>
			<Property Name="GlassTransTemp" Type="DimValue" Dimension="Temperature">100</Property>
			<Property Name="Manufacturer" Type="String">Chang_Chun</Property>
			<Property Name="Name" Type="String">CS-AL088/89_L2</Property>
			<Property Name="Thickness" Type="DimValue" Dimension="Length">8 mil</Property>
			<Property Name="Description" Type="String">CS-AL088/89_L2;_(1GHz)</Property>
			<Property Name="Note" Type="String">Tg=100C;_Df=0.010</Property>
		</Entity>
		<Entity Id="6bd74f66-498b-4a10-94bc-38ab6d2aa770" TypeId="27d70fdc-4c4e-4774-bfac-7efbb48cde47" RevisionId="213f7ab1-e5f1-4f0d-a19c-886f418396cf" RevisionDate="2021-03-16T04:34:50.4370739Z">
			<Property Name="Constructions" Type="String">Al_based_CCL</Property>
			<Property Name="Resin" Type="DimValue" Dimension="Relative">0</Property>
			<Property Name="Frequency" Type="DimValue" Dimension="Frequency">1MHz</Property>
			<Property Name="DielectricConstant" Type="DimValue" Dimension="Dimensionless">5.6</Property>
			<Property Name="LossTangent" Type="DimValue" Dimension="Dimensionless">0.013</Property>
			<Property Name="GlassTransTemp" Type="DimValue" Dimension="Temperature">100</Property>
			<Property Name="Manufacturer" Type="String">Chang_Chun</Property>
			<Property Name="Name" Type="String">CS-AL088/89_L15</Property>
			<Property Name="Thickness" Type="DimValue" Dimension="Length">2 mil</Property>
			<Property Name="Description" Type="String">CS-AL088/89_L15;_(1MHz)</Property>
			<Property Name="Note" Type="String">Tg=100C;_Df=0.013</Property>
		</Entity>
		<Entity Id="6bd74f66-498b-4a10-94bc-38ab6d2aa771" TypeId="27d70fdc-4c4e-4774-bfac-7efbb48cde47" RevisionId="213f7ab1-e5f1-4f0d-a19c-886f418396cf" RevisionDate="2021-03-16T04:34:50.4370739Z">
			<Property Name="Constructions" Type="String">Al_based_CCL</Property>
			<Property Name="Resin" Type="DimValue" Dimension="Relative">0</Property>
			<Property Name="Frequency" Type="DimValue" Dimension="Frequency">1MHz</Property>
			<Property Name="DielectricConstant" Type="DimValue" Dimension="Dimensionless">5.6</Property>
			<Property Name="LossTangent" Type="DimValue" Dimension="Dimensionless">0.013</Property>
			<Property Name="GlassTransTemp" Type="DimValue" Dimension="Temperature">100</Property>
			<Property Name="Manufacturer" Type="String">Chang_Chun</Property>
			<Property Name="Name" Type="String">CS-AL088/89_L15</Property>
			<Property Name="Thickness" Type="DimValue" Dimension="Length">8 mil</Property>
			<Property Name="Description" Type="String">CS-AL088/89_L15;_(1MHz)</Property>
			<Property Name="Note" Type="String">Tg=100C;_Df=0.013</Property>
		</Entity>
		<Entity Id="6bd74f66-498b-4a10-94bc-38ab6d2aa772" TypeId="27d70fdc-4c4e-4774-bfac-7efbb48cde47" RevisionId="213f7ab1-e5f1-4f0d-a19c-886f418396cf" RevisionDate="2021-03-16T04:34:50.4370739Z">
			<Property Name="Constructions" Type="String">Al_based_CCL</Property>
			<Property Name="Resin" Type="DimValue" Dimension="Relative">0</Property>
			<Property Name="Frequency" Type="DimValue" Dimension="Frequency">1GHz</Property>
			<Property Name="DielectricConstant" Type="DimValue" Dimension="Dimensionless">5.3</Property>
			<Property Name="LossTangent" Type="DimValue" Dimension="Dimensionless">0.01</Property>
			<Property Name="GlassTransTemp" Type="DimValue" Dimension="Temperature">100</Property>
			<Property Name="Manufacturer" Type="String">Chang_Chun</Property>
			<Property Name="Name" Type="String">CS-AL088/89_L15</Property>
			<Property Name="Thickness" Type="DimValue" Dimension="Length">2 mil</Property>
			<Property Name="Description" Type="String">CS-AL088/89_L15;_(1GHz)</Property>
			<Property Name="Note" Type="String">Tg=100C;_Df=0.010</Property>
		</Entity>
		<Entity Id="6bd74f66-498b-4a10-94bc-38ab6d2aa773" TypeId="27d70fdc-4c4e-4774-bfac-7efbb48cde47" RevisionId="213f7ab1-e5f1-4f0d-a19c-886f418396cf" RevisionDate="2021-03-16T04:34:50.4370739Z">
			<Property Name="Constructions" Type="String">Al_based_CCL</Property>
			<Property Name="Resin" Type="DimValue" Dimension="Relative">0</Property>
			<Property Name="Frequency" Type="DimValue" Dimension="Frequency">1GHz</Property>
			<Property Name="DielectricConstant" Type="DimValue" Dimension="Dimensionless">5.3</Property>
			<Property Name="LossTangent" Type="DimValue" Dimension="Dimensionless">0.01</Property>
			<Property Name="GlassTransTemp" Type="DimValue" Dimension="Temperature">100</Property>
			<Property Name="Manufacturer" Type="String">Chang_Chun</Property>
			<Property Name="Name" Type="String">CS-AL088/89_L15</Property>
			<Property Name="Thickness" Type="DimValue" Dimension="Length">8 mil</Property>
			<Property Name="Description" Type="String">CS-AL088/89_L15;_(1GHz)</Property>
			<Property Name="Note" Type="String">Tg=100C;_Df=0.010</Property>
		</Entity>
	</Entities>
	<EntityExtensions />
</ExtensibleLibrary>
