﻿<?xml version="1.0" encoding="UTF-8"?>
<ExtensibleLibrary SerializerVersion="1.1.0.0" LibraryId="304daab4-9f31-485c-9cc0-983beabff0b4" Version="1.1.0.0" xmlns="http://altium.com/ns/Data/ExtensibleLibraries">
	<Types />
	<TypeExtensions />
	<Entities>
		<Entity Id="6bd74f66-498b-4a10-94bc-38ab6d220452" TypeId="27d70fdc-4c4e-4774-bfac-7efbb48cde47" RevisionId="213f7ab1-e5f1-4f0d-a19c-886f418396cf" RevisionDate="2021-03-16T04:34:50.4370739Z">
			<Property Name="Constructions" Type="String">High_Polymer_magnetic_Composite_Dielectric</Property>
			<Property Name="Resin" Type="DimValue" Dimension="Relative">0</Property>
			<Property Name="Frequency" Type="DimValue" Dimension="Frequency">10GHz</Property>
			<Property Name="DielectricConstant" Type="DimValue" Dimension="Dimensionless">8</Property>
			<Property Name="LossTangent" Type="DimValue" Dimension="Dimensionless">0.001</Property>
			<Property Name="GlassTransTemp" Type="DimValue" Dimension="Temperature">0</Property>
			<Property Name="Manufacturer" Type="String">Taizhou_Wangling</Property>
			<Property Name="Name" Type="String">CTP-1/2</Property>
			<Property Name="Thickness" Type="DimValue" Dimension="Length">31.49606299 mil</Property>
			<Property Name="Description" Type="String">CTP-1/2;_High_Polymer_magnetic_Composite_Dielectric;_(10GHz)</Property>
			<Property Name="Note" Type="String">Df=0.001</Property>
		</Entity>
		<Entity Id="6bd74f66-498b-4a10-94bc-38ab6d220453" TypeId="27d70fdc-4c4e-4774-bfac-7efbb48cde47" RevisionId="213f7ab1-e5f1-4f0d-a19c-886f418396cf" RevisionDate="2021-03-16T04:34:50.4370739Z">
			<Property Name="Constructions" Type="String">High_Polymer_magnetic_Composite_Dielectric</Property>
			<Property Name="Resin" Type="DimValue" Dimension="Relative">0</Property>
			<Property Name="Frequency" Type="DimValue" Dimension="Frequency">10GHz</Property>
			<Property Name="DielectricConstant" Type="DimValue" Dimension="Dimensionless">8</Property>
			<Property Name="LossTangent" Type="DimValue" Dimension="Dimensionless">0.001</Property>
			<Property Name="GlassTransTemp" Type="DimValue" Dimension="Temperature">0</Property>
			<Property Name="Manufacturer" Type="String">Taizhou_Wangling</Property>
			<Property Name="Name" Type="String">CTP-1/2</Property>
			<Property Name="Thickness" Type="DimValue" Dimension="Length">39.37007874 mil</Property>
			<Property Name="Description" Type="String">CTP-1/2;_High_Polymer_magnetic_Composite_Dielectric;_(10GHz)</Property>
			<Property Name="Note" Type="String">Df=0.001</Property>
		</Entity>
		<Entity Id="6bd74f66-498b-4a10-94bc-38ab6d220454" TypeId="27d70fdc-4c4e-4774-bfac-7efbb48cde47" RevisionId="213f7ab1-e5f1-4f0d-a19c-886f418396cf" RevisionDate="2021-03-16T04:34:50.4370739Z">
			<Property Name="Constructions" Type="String">High_Polymer_magnetic_Composite_Dielectric</Property>
			<Property Name="Resin" Type="DimValue" Dimension="Relative">0</Property>
			<Property Name="Frequency" Type="DimValue" Dimension="Frequency">10GHz</Property>
			<Property Name="DielectricConstant" Type="DimValue" Dimension="Dimensionless">8</Property>
			<Property Name="LossTangent" Type="DimValue" Dimension="Dimensionless">0.001</Property>
			<Property Name="GlassTransTemp" Type="DimValue" Dimension="Temperature">0</Property>
			<Property Name="Manufacturer" Type="String">Taizhou_Wangling</Property>
			<Property Name="Name" Type="String">CTP-1/2</Property>
			<Property Name="Thickness" Type="DimValue" Dimension="Length">78.74015748 mil</Property>
			<Property Name="Description" Type="String">CTP-1/2;_High_Polymer_magnetic_Composite_Dielectric;_(10GHz)</Property>
			<Property Name="Note" Type="String">Df=0.001</Property>
		</Entity>
		<Entity Id="6bd74f66-498b-4a10-94bc-38ab6d220455" TypeId="27d70fdc-4c4e-4774-bfac-7efbb48cde47" RevisionId="213f7ab1-e5f1-4f0d-a19c-886f418396cf" RevisionDate="2021-03-16T04:34:50.4370739Z">
			<Property Name="Constructions" Type="String">Woven_glass_PTFE</Property>
			<Property Name="Resin" Type="DimValue" Dimension="Relative">0</Property>
			<Property Name="Frequency" Type="DimValue" Dimension="Frequency">1GHz</Property>
			<Property Name="DielectricConstant" Type="DimValue" Dimension="Dimensionless">2.7</Property>
			<Property Name="LossTangent" Type="DimValue" Dimension="Dimensionless">0.0005</Property>
			<Property Name="GlassTransTemp" Type="DimValue" Dimension="Temperature">250</Property>
			<Property Name="Manufacturer" Type="String">Taizhou_Wangling</Property>
			<Property Name="Name" Type="String">F4B-N</Property>
			<Property Name="Thickness" Type="DimValue" Dimension="Length">3.937007874 mil</Property>
			<Property Name="Description" Type="String">F4B-N;_Woven_glass_PTFE;_(1GHz)</Property>
			<Property Name="Note" Type="String">Tg=250C;_Df=0.0005</Property>
		</Entity>
		<Entity Id="6bd74f66-498b-4a10-94bc-38ab6d220456" TypeId="27d70fdc-4c4e-4774-bfac-7efbb48cde47" RevisionId="213f7ab1-e5f1-4f0d-a19c-886f418396cf" RevisionDate="2021-03-16T04:34:50.4370739Z">
			<Property Name="Constructions" Type="String">Woven_glass_PTFE</Property>
			<Property Name="Resin" Type="DimValue" Dimension="Relative">0</Property>
			<Property Name="Frequency" Type="DimValue" Dimension="Frequency">1GHz</Property>
			<Property Name="DielectricConstant" Type="DimValue" Dimension="Dimensionless">2.7</Property>
			<Property Name="LossTangent" Type="DimValue" Dimension="Dimensionless">0.0005</Property>
			<Property Name="GlassTransTemp" Type="DimValue" Dimension="Temperature">250</Property>
			<Property Name="Manufacturer" Type="String">Taizhou_Wangling</Property>
			<Property Name="Name" Type="String">F4B-N</Property>
			<Property Name="Thickness" Type="DimValue" Dimension="Length">5.905511811 mil</Property>
			<Property Name="Description" Type="String">F4B-N;_Woven_glass_PTFE;_(1GHz)</Property>
			<Property Name="Note" Type="String">Tg=250C;_Df=0.0005</Property>
		</Entity>
		<Entity Id="6bd74f66-498b-4a10-94bc-38ab6d220457" TypeId="27d70fdc-4c4e-4774-bfac-7efbb48cde47" RevisionId="213f7ab1-e5f1-4f0d-a19c-886f418396cf" RevisionDate="2021-03-16T04:34:50.4370739Z">
			<Property Name="Constructions" Type="String">Woven_glass_PTFE</Property>
			<Property Name="Resin" Type="DimValue" Dimension="Relative">0</Property>
			<Property Name="Frequency" Type="DimValue" Dimension="Frequency">1GHz</Property>
			<Property Name="DielectricConstant" Type="DimValue" Dimension="Dimensionless">2.7</Property>
			<Property Name="LossTangent" Type="DimValue" Dimension="Dimensionless">0.0005</Property>
			<Property Name="GlassTransTemp" Type="DimValue" Dimension="Temperature">250</Property>
			<Property Name="Manufacturer" Type="String">Taizhou_Wangling</Property>
			<Property Name="Name" Type="String">F4B-N</Property>
			<Property Name="Thickness" Type="DimValue" Dimension="Length">15.7480315 mil</Property>
			<Property Name="Description" Type="String">F4B-N;_Woven_glass_PTFE;_(1GHz)</Property>
			<Property Name="Note" Type="String">Tg=250C;_Df=0.0005</Property>
		</Entity>
		<Entity Id="6bd74f66-498b-4a10-94bc-38ab6d220458" TypeId="27d70fdc-4c4e-4774-bfac-7efbb48cde47" RevisionId="213f7ab1-e5f1-4f0d-a19c-886f418396cf" RevisionDate="2021-03-16T04:34:50.4370739Z">
			<Property Name="Constructions" Type="String">Woven_glass_PTFE_CCL</Property>
			<Property Name="Resin" Type="DimValue" Dimension="Relative">0</Property>
			<Property Name="Frequency" Type="DimValue" Dimension="Frequency">10GHz</Property>
			<Property Name="DielectricConstant" Type="DimValue" Dimension="Dimensionless">2.65</Property>
			<Property Name="LossTangent" Type="DimValue" Dimension="Dimensionless">0.001</Property>
			<Property Name="GlassTransTemp" Type="DimValue" Dimension="Temperature">260</Property>
			<Property Name="Manufacturer" Type="String">Taizhou_Wangling</Property>
			<Property Name="Name" Type="String">F4BM-1/2</Property>
			<Property Name="Thickness" Type="DimValue" Dimension="Length">9.842519685 mil</Property>
			<Property Name="Description" Type="String">F4BM-1/2;_Woven_glass_PTFE_CCL;_(10GHz)</Property>
			<Property Name="Note" Type="String">Tg=260C;_Df=0.001</Property>
		</Entity>
		<Entity Id="6bd74f66-498b-4a10-94bc-38ab6d220459" TypeId="27d70fdc-4c4e-4774-bfac-7efbb48cde47" RevisionId="213f7ab1-e5f1-4f0d-a19c-886f418396cf" RevisionDate="2021-03-16T04:34:50.4370739Z">
			<Property Name="Constructions" Type="String">Woven_glass_PTFE_CCL</Property>
			<Property Name="Resin" Type="DimValue" Dimension="Relative">0</Property>
			<Property Name="Frequency" Type="DimValue" Dimension="Frequency">10GHz</Property>
			<Property Name="DielectricConstant" Type="DimValue" Dimension="Dimensionless">2.65</Property>
			<Property Name="LossTangent" Type="DimValue" Dimension="Dimensionless">0.001</Property>
			<Property Name="GlassTransTemp" Type="DimValue" Dimension="Temperature">260</Property>
			<Property Name="Manufacturer" Type="String">Taizhou_Wangling</Property>
			<Property Name="Name" Type="String">F4BM-1/2</Property>
			<Property Name="Thickness" Type="DimValue" Dimension="Length">19.68503937 mil</Property>
			<Property Name="Description" Type="String">F4BM-1/2;_Woven_glass_PTFE_CCL;_(10GHz)</Property>
			<Property Name="Note" Type="String">Tg=260C;_Df=0.001</Property>
		</Entity>
		<Entity Id="6bd74f66-498b-4a10-94bc-38ab6d220460" TypeId="27d70fdc-4c4e-4774-bfac-7efbb48cde47" RevisionId="213f7ab1-e5f1-4f0d-a19c-886f418396cf" RevisionDate="2021-03-16T04:34:50.4370739Z">
			<Property Name="Constructions" Type="String">Woven_glass_PTFE_CCL</Property>
			<Property Name="Resin" Type="DimValue" Dimension="Relative">0</Property>
			<Property Name="Frequency" Type="DimValue" Dimension="Frequency">10GHz</Property>
			<Property Name="DielectricConstant" Type="DimValue" Dimension="Dimensionless">2.65</Property>
			<Property Name="LossTangent" Type="DimValue" Dimension="Dimensionless">0.001</Property>
			<Property Name="GlassTransTemp" Type="DimValue" Dimension="Temperature">260</Property>
			<Property Name="Manufacturer" Type="String">Taizhou_Wangling</Property>
			<Property Name="Name" Type="String">F4BM-1/2</Property>
			<Property Name="Thickness" Type="DimValue" Dimension="Length">31.49606299 mil</Property>
			<Property Name="Description" Type="String">F4BM-1/2;_Woven_glass_PTFE_CCL;_(10GHz)</Property>
			<Property Name="Note" Type="String">Tg=260C;_Df=0.001</Property>
		</Entity>
		<Entity Id="6bd74f66-498b-4a10-94bc-38ab6d220461" TypeId="27d70fdc-4c4e-4774-bfac-7efbb48cde47" RevisionId="213f7ab1-e5f1-4f0d-a19c-886f418396cf" RevisionDate="2021-03-16T04:34:50.4370739Z">
			<Property Name="Constructions" Type="String">Woven_glass_PTFE_CCL</Property>
			<Property Name="Resin" Type="DimValue" Dimension="Relative">0</Property>
			<Property Name="Frequency" Type="DimValue" Dimension="Frequency">10GHz</Property>
			<Property Name="DielectricConstant" Type="DimValue" Dimension="Dimensionless">2.65</Property>
			<Property Name="LossTangent" Type="DimValue" Dimension="Dimensionless">0.001</Property>
			<Property Name="GlassTransTemp" Type="DimValue" Dimension="Temperature">260</Property>
			<Property Name="Manufacturer" Type="String">Taizhou_Wangling</Property>
			<Property Name="Name" Type="String">F4BM-1/2</Property>
			<Property Name="Thickness" Type="DimValue" Dimension="Length">39.37007874 mil</Property>
			<Property Name="Description" Type="String">F4BM-1/2;_Woven_glass_PTFE_CCL;_(10GHz)</Property>
			<Property Name="Note" Type="String">Tg=260C;_Df=0.001</Property>
		</Entity>
		<Entity Id="6bd74f66-498b-4a10-94bc-38ab6d220462" TypeId="27d70fdc-4c4e-4774-bfac-7efbb48cde47" RevisionId="213f7ab1-e5f1-4f0d-a19c-886f418396cf" RevisionDate="2021-03-16T04:34:50.4370739Z">
			<Property Name="Constructions" Type="String">Woven_glass_PTFE_CCL</Property>
			<Property Name="Resin" Type="DimValue" Dimension="Relative">0</Property>
			<Property Name="Frequency" Type="DimValue" Dimension="Frequency">10GHz</Property>
			<Property Name="DielectricConstant" Type="DimValue" Dimension="Dimensionless">2.65</Property>
			<Property Name="LossTangent" Type="DimValue" Dimension="Dimensionless">0.001</Property>
			<Property Name="GlassTransTemp" Type="DimValue" Dimension="Temperature">260</Property>
			<Property Name="Manufacturer" Type="String">Taizhou_Wangling</Property>
			<Property Name="Name" Type="String">F4BM-1/2</Property>
			<Property Name="Thickness" Type="DimValue" Dimension="Length">59.05511811 mil</Property>
			<Property Name="Description" Type="String">F4BM-1/2;_Woven_glass_PTFE_CCL;_(10GHz)</Property>
			<Property Name="Note" Type="String">Tg=260C;_Df=0.001</Property>
		</Entity>
		<Entity Id="6bd74f66-498b-4a10-94bc-38ab6d220463" TypeId="27d70fdc-4c4e-4774-bfac-7efbb48cde47" RevisionId="213f7ab1-e5f1-4f0d-a19c-886f418396cf" RevisionDate="2021-03-16T04:34:50.4370739Z">
			<Property Name="Constructions" Type="String">Woven_glass_PTFE_CCL</Property>
			<Property Name="Resin" Type="DimValue" Dimension="Relative">0</Property>
			<Property Name="Frequency" Type="DimValue" Dimension="Frequency">10GHz</Property>
			<Property Name="DielectricConstant" Type="DimValue" Dimension="Dimensionless">2.65</Property>
			<Property Name="LossTangent" Type="DimValue" Dimension="Dimensionless">0.001</Property>
			<Property Name="GlassTransTemp" Type="DimValue" Dimension="Temperature">260</Property>
			<Property Name="Manufacturer" Type="String">Taizhou_Wangling</Property>
			<Property Name="Name" Type="String">F4BM-1/2</Property>
			<Property Name="Thickness" Type="DimValue" Dimension="Length">78.74015748 mil</Property>
			<Property Name="Description" Type="String">F4BM-1/2;_Woven_glass_PTFE_CCL;_(10GHz)</Property>
			<Property Name="Note" Type="String">Tg=260C;_Df=0.001</Property>
		</Entity>
		<Entity Id="6bd74f66-498b-4a10-94bc-38ab6d220464" TypeId="27d70fdc-4c4e-4774-bfac-7efbb48cde47" RevisionId="213f7ab1-e5f1-4f0d-a19c-886f418396cf" RevisionDate="2021-03-16T04:34:50.4370739Z">
			<Property Name="Constructions" Type="String">Woven_glass_PTFE_CCL</Property>
			<Property Name="Resin" Type="DimValue" Dimension="Relative">0</Property>
			<Property Name="Frequency" Type="DimValue" Dimension="Frequency">10GHz</Property>
			<Property Name="DielectricConstant" Type="DimValue" Dimension="Dimensionless">2.65</Property>
			<Property Name="LossTangent" Type="DimValue" Dimension="Dimensionless">0.001</Property>
			<Property Name="GlassTransTemp" Type="DimValue" Dimension="Temperature">260</Property>
			<Property Name="Manufacturer" Type="String">Taizhou_Wangling</Property>
			<Property Name="Name" Type="String">F4BM-1/2</Property>
			<Property Name="Thickness" Type="DimValue" Dimension="Length">118.1102362 mil</Property>
			<Property Name="Description" Type="String">F4BM-1/2;_Woven_glass_PTFE_CCL;_(10GHz)</Property>
			<Property Name="Note" Type="String">Tg=260C;_Df=0.001</Property>
		</Entity>
		<Entity Id="6bd74f66-498b-4a10-94bc-38ab6d220465" TypeId="27d70fdc-4c4e-4774-bfac-7efbb48cde47" RevisionId="213f7ab1-e5f1-4f0d-a19c-886f418396cf" RevisionDate="2021-03-16T04:34:50.4370739Z">
			<Property Name="Constructions" Type="String">Woven_glass_PTFE_CCL</Property>
			<Property Name="Resin" Type="DimValue" Dimension="Relative">0</Property>
			<Property Name="Frequency" Type="DimValue" Dimension="Frequency">10GHz</Property>
			<Property Name="DielectricConstant" Type="DimValue" Dimension="Dimensionless">2.65</Property>
			<Property Name="LossTangent" Type="DimValue" Dimension="Dimensionless">0.001</Property>
			<Property Name="GlassTransTemp" Type="DimValue" Dimension="Temperature">260</Property>
			<Property Name="Manufacturer" Type="String">Taizhou_Wangling</Property>
			<Property Name="Name" Type="String">F4BM-1/2</Property>
			<Property Name="Thickness" Type="DimValue" Dimension="Length">157.480315 mil</Property>
			<Property Name="Description" Type="String">F4BM-1/2;_Woven_glass_PTFE_CCL;_(10GHz)</Property>
			<Property Name="Note" Type="String">Tg=260C;_Df=0.001</Property>
		</Entity>
		<Entity Id="6bd74f66-498b-4a10-94bc-38ab6d220466" TypeId="27d70fdc-4c4e-4774-bfac-7efbb48cde47" RevisionId="213f7ab1-e5f1-4f0d-a19c-886f418396cf" RevisionDate="2021-03-16T04:34:50.4370739Z">
			<Property Name="Constructions" Type="String">Woven_glass_PTFE_CCL</Property>
			<Property Name="Resin" Type="DimValue" Dimension="Relative">0</Property>
			<Property Name="Frequency" Type="DimValue" Dimension="Frequency">10GHz</Property>
			<Property Name="DielectricConstant" Type="DimValue" Dimension="Dimensionless">2.65</Property>
			<Property Name="LossTangent" Type="DimValue" Dimension="Dimensionless">0.001</Property>
			<Property Name="GlassTransTemp" Type="DimValue" Dimension="Temperature">260</Property>
			<Property Name="Manufacturer" Type="String">Taizhou_Wangling</Property>
			<Property Name="Name" Type="String">F4BM-1/2</Property>
			<Property Name="Thickness" Type="DimValue" Dimension="Length">196.8503937 mil</Property>
			<Property Name="Description" Type="String">F4BM-1/2;_Woven_glass_PTFE_CCL;_(10GHz)</Property>
			<Property Name="Note" Type="String">Tg=260C;_Df=0.001</Property>
		</Entity>
		<Entity Id="6bd74f66-498b-4a10-94bc-38ab6d220467" TypeId="27d70fdc-4c4e-4774-bfac-7efbb48cde47" RevisionId="213f7ab1-e5f1-4f0d-a19c-886f418396cf" RevisionDate="2021-03-16T04:34:50.4370739Z">
			<Property Name="Constructions" Type="String">Woven_glass_PTFE_CCL</Property>
			<Property Name="Resin" Type="DimValue" Dimension="Relative">0</Property>
			<Property Name="Frequency" Type="DimValue" Dimension="Frequency">10GHz</Property>
			<Property Name="DielectricConstant" Type="DimValue" Dimension="Dimensionless">2.65</Property>
			<Property Name="LossTangent" Type="DimValue" Dimension="Dimensionless">0.001</Property>
			<Property Name="GlassTransTemp" Type="DimValue" Dimension="Temperature">260</Property>
			<Property Name="Manufacturer" Type="String">Taizhou_Wangling</Property>
			<Property Name="Name" Type="String">F4BM-1/2(M:1-GT)</Property>
			<Property Name="Thickness" Type="DimValue" Dimension="Length">6.692913386 mil</Property>
			<Property Name="Description" Type="String">F4BM-1/2(M:1-GT);_Woven_glass_PTFE_CCL;_(10GHz)</Property>
			<Property Name="Note" Type="String">Tg=260C;_Df=0.001</Property>
		</Entity>
		<Entity Id="6bd74f66-498b-4a10-94bc-38ab6d220468" TypeId="27d70fdc-4c4e-4774-bfac-7efbb48cde47" RevisionId="213f7ab1-e5f1-4f0d-a19c-886f418396cf" RevisionDate="2021-03-16T04:34:50.4370739Z">
			<Property Name="Constructions" Type="String">Woven_glass_PTFE_CCL</Property>
			<Property Name="Resin" Type="DimValue" Dimension="Relative">0</Property>
			<Property Name="Frequency" Type="DimValue" Dimension="Frequency">10GHz</Property>
			<Property Name="DielectricConstant" Type="DimValue" Dimension="Dimensionless">2.65</Property>
			<Property Name="LossTangent" Type="DimValue" Dimension="Dimensionless">0.001</Property>
			<Property Name="GlassTransTemp" Type="DimValue" Dimension="Temperature">260</Property>
			<Property Name="Manufacturer" Type="String">Taizhou_Wangling</Property>
			<Property Name="Name" Type="String">F4BM-1/2(M:1-GT)</Property>
			<Property Name="Thickness" Type="DimValue" Dimension="Length">9.842519685 mil</Property>
			<Property Name="Description" Type="String">F4BM-1/2(M:1-GT);_Woven_glass_PTFE_CCL;_(10GHz)</Property>
			<Property Name="Note" Type="String">Tg=260C;_Df=0.001</Property>
		</Entity>
		<Entity Id="6bd74f66-498b-4a10-94bc-38ab6d220469" TypeId="27d70fdc-4c4e-4774-bfac-7efbb48cde47" RevisionId="213f7ab1-e5f1-4f0d-a19c-886f418396cf" RevisionDate="2021-03-16T04:34:50.4370739Z">
			<Property Name="Constructions" Type="String">Woven_glass_PTFE_CCL</Property>
			<Property Name="Resin" Type="DimValue" Dimension="Relative">0</Property>
			<Property Name="Frequency" Type="DimValue" Dimension="Frequency">10GHz</Property>
			<Property Name="DielectricConstant" Type="DimValue" Dimension="Dimensionless">2.65</Property>
			<Property Name="LossTangent" Type="DimValue" Dimension="Dimensionless">0.001</Property>
			<Property Name="GlassTransTemp" Type="DimValue" Dimension="Temperature">260</Property>
			<Property Name="Manufacturer" Type="String">Taizhou_Wangling</Property>
			<Property Name="Name" Type="String">F4BM-1/2(M:1-GT)</Property>
			<Property Name="Thickness" Type="DimValue" Dimension="Length">19.68503937 mil</Property>
			<Property Name="Description" Type="String">F4BM-1/2(M:1-GT);_Woven_glass_PTFE_CCL;_(10GHz)</Property>
			<Property Name="Note" Type="String">Tg=260C;_Df=0.001</Property>
		</Entity>
		<Entity Id="6bd74f66-498b-4a10-94bc-38ab6d220470" TypeId="27d70fdc-4c4e-4774-bfac-7efbb48cde47" RevisionId="213f7ab1-e5f1-4f0d-a19c-886f418396cf" RevisionDate="2021-03-16T04:34:50.4370739Z">
			<Property Name="Constructions" Type="String">Woven_glass_PTFE_CCL</Property>
			<Property Name="Resin" Type="DimValue" Dimension="Relative">0</Property>
			<Property Name="Frequency" Type="DimValue" Dimension="Frequency">10GHz</Property>
			<Property Name="DielectricConstant" Type="DimValue" Dimension="Dimensionless">2.65</Property>
			<Property Name="LossTangent" Type="DimValue" Dimension="Dimensionless">0.001</Property>
			<Property Name="GlassTransTemp" Type="DimValue" Dimension="Temperature">260</Property>
			<Property Name="Manufacturer" Type="String">Taizhou_Wangling</Property>
			<Property Name="Name" Type="String">F4BM-1/2(M:1-GT)</Property>
			<Property Name="Thickness" Type="DimValue" Dimension="Length">31.49606299 mil</Property>
			<Property Name="Description" Type="String">F4BM-1/2(M:1-GT);_Woven_glass_PTFE_CCL;_(10GHz)</Property>
			<Property Name="Note" Type="String">Tg=260C;_Df=0.001</Property>
		</Entity>
		<Entity Id="6bd74f66-498b-4a10-94bc-38ab6d220471" TypeId="27d70fdc-4c4e-4774-bfac-7efbb48cde47" RevisionId="213f7ab1-e5f1-4f0d-a19c-886f418396cf" RevisionDate="2021-03-16T04:34:50.4370739Z">
			<Property Name="Constructions" Type="String">Woven_glass_PTFE_CCL</Property>
			<Property Name="Resin" Type="DimValue" Dimension="Relative">0</Property>
			<Property Name="Frequency" Type="DimValue" Dimension="Frequency">10GHz</Property>
			<Property Name="DielectricConstant" Type="DimValue" Dimension="Dimensionless">2.65</Property>
			<Property Name="LossTangent" Type="DimValue" Dimension="Dimensionless">0.001</Property>
			<Property Name="GlassTransTemp" Type="DimValue" Dimension="Temperature">260</Property>
			<Property Name="Manufacturer" Type="String">Taizhou_Wangling</Property>
			<Property Name="Name" Type="String">F4BM-1/2(M:1-GT)</Property>
			<Property Name="Thickness" Type="DimValue" Dimension="Length">39.37007874 mil</Property>
			<Property Name="Description" Type="String">F4BM-1/2(M:1-GT);_Woven_glass_PTFE_CCL;_(10GHz)</Property>
			<Property Name="Note" Type="String">Tg=260C;_Df=0.001</Property>
		</Entity>
		<Entity Id="6bd74f66-498b-4a10-94bc-38ab6d220472" TypeId="27d70fdc-4c4e-4774-bfac-7efbb48cde47" RevisionId="213f7ab1-e5f1-4f0d-a19c-886f418396cf" RevisionDate="2021-03-16T04:34:50.4370739Z">
			<Property Name="Constructions" Type="String">Woven_glass_PTFE_CCL</Property>
			<Property Name="Resin" Type="DimValue" Dimension="Relative">0</Property>
			<Property Name="Frequency" Type="DimValue" Dimension="Frequency">10GHz</Property>
			<Property Name="DielectricConstant" Type="DimValue" Dimension="Dimensionless">2.65</Property>
			<Property Name="LossTangent" Type="DimValue" Dimension="Dimensionless">0.001</Property>
			<Property Name="GlassTransTemp" Type="DimValue" Dimension="Temperature">260</Property>
			<Property Name="Manufacturer" Type="String">Taizhou_Wangling</Property>
			<Property Name="Name" Type="String">F4BM-1/2(M:1-GT)</Property>
			<Property Name="Thickness" Type="DimValue" Dimension="Length">59.05511811 mil</Property>
			<Property Name="Description" Type="String">F4BM-1/2(M:1-GT);_Woven_glass_PTFE_CCL;_(10GHz)</Property>
			<Property Name="Note" Type="String">Tg=260C;_Df=0.001</Property>
		</Entity>
		<Entity Id="6bd74f66-498b-4a10-94bc-38ab6d220473" TypeId="27d70fdc-4c4e-4774-bfac-7efbb48cde47" RevisionId="213f7ab1-e5f1-4f0d-a19c-886f418396cf" RevisionDate="2021-03-16T04:34:50.4370739Z">
			<Property Name="Constructions" Type="String">Woven_glass_PTFE_CCL</Property>
			<Property Name="Resin" Type="DimValue" Dimension="Relative">0</Property>
			<Property Name="Frequency" Type="DimValue" Dimension="Frequency">10GHz</Property>
			<Property Name="DielectricConstant" Type="DimValue" Dimension="Dimensionless">2.65</Property>
			<Property Name="LossTangent" Type="DimValue" Dimension="Dimensionless">0.001</Property>
			<Property Name="GlassTransTemp" Type="DimValue" Dimension="Temperature">260</Property>
			<Property Name="Manufacturer" Type="String">Taizhou_Wangling</Property>
			<Property Name="Name" Type="String">F4BM-1/2(M:1-GT)</Property>
			<Property Name="Thickness" Type="DimValue" Dimension="Length">78.74015748 mil</Property>
			<Property Name="Description" Type="String">F4BM-1/2(M:1-GT);_Woven_glass_PTFE_CCL;_(10GHz)</Property>
			<Property Name="Note" Type="String">Tg=260C;_Df=0.001</Property>
		</Entity>
		<Entity Id="6bd74f66-498b-4a10-94bc-38ab6d220474" TypeId="27d70fdc-4c4e-4774-bfac-7efbb48cde47" RevisionId="213f7ab1-e5f1-4f0d-a19c-886f418396cf" RevisionDate="2021-03-16T04:34:50.4370739Z">
			<Property Name="Constructions" Type="String">Woven_glass_PTFE_CCL</Property>
			<Property Name="Resin" Type="DimValue" Dimension="Relative">0</Property>
			<Property Name="Frequency" Type="DimValue" Dimension="Frequency">10GHz</Property>
			<Property Name="DielectricConstant" Type="DimValue" Dimension="Dimensionless">2.65</Property>
			<Property Name="LossTangent" Type="DimValue" Dimension="Dimensionless">0.001</Property>
			<Property Name="GlassTransTemp" Type="DimValue" Dimension="Temperature">260</Property>
			<Property Name="Manufacturer" Type="String">Taizhou_Wangling</Property>
			<Property Name="Name" Type="String">F4BM-1/2(M:1-GT)</Property>
			<Property Name="Thickness" Type="DimValue" Dimension="Length">118.1102362 mil</Property>
			<Property Name="Description" Type="String">F4BM-1/2(M:1-GT);_Woven_glass_PTFE_CCL;_(10GHz)</Property>
			<Property Name="Note" Type="String">Tg=260C;_Df=0.001</Property>
		</Entity>
		<Entity Id="6bd74f66-498b-4a10-94bc-38ab6d220475" TypeId="27d70fdc-4c4e-4774-bfac-7efbb48cde47" RevisionId="213f7ab1-e5f1-4f0d-a19c-886f418396cf" RevisionDate="2021-03-16T04:34:50.4370739Z">
			<Property Name="Constructions" Type="String">Woven_glass_PTFE_CCL</Property>
			<Property Name="Resin" Type="DimValue" Dimension="Relative">0</Property>
			<Property Name="Frequency" Type="DimValue" Dimension="Frequency">10GHz</Property>
			<Property Name="DielectricConstant" Type="DimValue" Dimension="Dimensionless">2.65</Property>
			<Property Name="LossTangent" Type="DimValue" Dimension="Dimensionless">0.001</Property>
			<Property Name="GlassTransTemp" Type="DimValue" Dimension="Temperature">260</Property>
			<Property Name="Manufacturer" Type="String">Taizhou_Wangling</Property>
			<Property Name="Name" Type="String">F4BM-1/2(M:1-GT)</Property>
			<Property Name="Thickness" Type="DimValue" Dimension="Length">157.480315 mil</Property>
			<Property Name="Description" Type="String">F4BM-1/2(M:1-GT);_Woven_glass_PTFE_CCL;_(10GHz)</Property>
			<Property Name="Note" Type="String">Tg=260C;_Df=0.001</Property>
		</Entity>
		<Entity Id="6bd74f66-498b-4a10-94bc-38ab6d220476" TypeId="27d70fdc-4c4e-4774-bfac-7efbb48cde47" RevisionId="213f7ab1-e5f1-4f0d-a19c-886f418396cf" RevisionDate="2021-03-16T04:34:50.4370739Z">
			<Property Name="Constructions" Type="String">Woven_glass_PTFE_CCL</Property>
			<Property Name="Resin" Type="DimValue" Dimension="Relative">0</Property>
			<Property Name="Frequency" Type="DimValue" Dimension="Frequency">10GHz</Property>
			<Property Name="DielectricConstant" Type="DimValue" Dimension="Dimensionless">2.65</Property>
			<Property Name="LossTangent" Type="DimValue" Dimension="Dimensionless">0.001</Property>
			<Property Name="GlassTransTemp" Type="DimValue" Dimension="Temperature">260</Property>
			<Property Name="Manufacturer" Type="String">Taizhou_Wangling</Property>
			<Property Name="Name" Type="String">F4BM-1/2(M:1-GT)</Property>
			<Property Name="Thickness" Type="DimValue" Dimension="Length">196.8503937 mil</Property>
			<Property Name="Description" Type="String">F4BM-1/2(M:1-GT);_Woven_glass_PTFE_CCL;_(10GHz)</Property>
			<Property Name="Note" Type="String">Tg=260C;_Df=0.001</Property>
		</Entity>
		<Entity Id="6bd74f66-498b-4a10-94bc-38ab6d220477" TypeId="27d70fdc-4c4e-4774-bfac-7efbb48cde47" RevisionId="213f7ab1-e5f1-4f0d-a19c-886f418396cf" RevisionDate="2021-03-16T04:34:50.4370739Z">
			<Property Name="Constructions" Type="String">Woven_glass_PTFE_CCL</Property>
			<Property Name="Resin" Type="DimValue" Dimension="Relative">0</Property>
			<Property Name="Frequency" Type="DimValue" Dimension="Frequency">10GHz</Property>
			<Property Name="DielectricConstant" Type="DimValue" Dimension="Dimensionless">3</Property>
			<Property Name="LossTangent" Type="DimValue" Dimension="Dimensionless">0.001</Property>
			<Property Name="GlassTransTemp" Type="DimValue" Dimension="Temperature">260</Property>
			<Property Name="Manufacturer" Type="String">Taizhou_Wangling</Property>
			<Property Name="Name" Type="String">F4BK</Property>
			<Property Name="Thickness" Type="DimValue" Dimension="Length">9.842519685 mil</Property>
			<Property Name="Description" Type="String">F4BK;_Woven_glass_PTFE_CCL;_(10GHz)</Property>
			<Property Name="Note" Type="String">Tg=260C;_Df=0.001</Property>
		</Entity>
		<Entity Id="6bd74f66-498b-4a10-94bc-38ab6d220478" TypeId="27d70fdc-4c4e-4774-bfac-7efbb48cde47" RevisionId="213f7ab1-e5f1-4f0d-a19c-886f418396cf" RevisionDate="2021-03-16T04:34:50.4370739Z">
			<Property Name="Constructions" Type="String">Woven_glass_PTFE_CCL</Property>
			<Property Name="Resin" Type="DimValue" Dimension="Relative">0</Property>
			<Property Name="Frequency" Type="DimValue" Dimension="Frequency">10GHz</Property>
			<Property Name="DielectricConstant" Type="DimValue" Dimension="Dimensionless">3</Property>
			<Property Name="LossTangent" Type="DimValue" Dimension="Dimensionless">0.001</Property>
			<Property Name="GlassTransTemp" Type="DimValue" Dimension="Temperature">260</Property>
			<Property Name="Manufacturer" Type="String">Taizhou_Wangling</Property>
			<Property Name="Name" Type="String">F4BK</Property>
			<Property Name="Thickness" Type="DimValue" Dimension="Length">19.68503937 mil</Property>
			<Property Name="Description" Type="String">F4BK;_Woven_glass_PTFE_CCL;_(10GHz)</Property>
			<Property Name="Note" Type="String">Tg=260C;_Df=0.001</Property>
		</Entity>
		<Entity Id="6bd74f66-498b-4a10-94bc-38ab6d220479" TypeId="27d70fdc-4c4e-4774-bfac-7efbb48cde47" RevisionId="213f7ab1-e5f1-4f0d-a19c-886f418396cf" RevisionDate="2021-03-16T04:34:50.4370739Z">
			<Property Name="Constructions" Type="String">Woven_glass_PTFE_CCL</Property>
			<Property Name="Resin" Type="DimValue" Dimension="Relative">0</Property>
			<Property Name="Frequency" Type="DimValue" Dimension="Frequency">10GHz</Property>
			<Property Name="DielectricConstant" Type="DimValue" Dimension="Dimensionless">3</Property>
			<Property Name="LossTangent" Type="DimValue" Dimension="Dimensionless">0.001</Property>
			<Property Name="GlassTransTemp" Type="DimValue" Dimension="Temperature">260</Property>
			<Property Name="Manufacturer" Type="String">Taizhou_Wangling</Property>
			<Property Name="Name" Type="String">F4BK</Property>
			<Property Name="Thickness" Type="DimValue" Dimension="Length">31.49606299 mil</Property>
			<Property Name="Description" Type="String">F4BK;_Woven_glass_PTFE_CCL;_(10GHz)</Property>
			<Property Name="Note" Type="String">Tg=260C;_Df=0.001</Property>
		</Entity>
		<Entity Id="6bd74f66-498b-4a10-94bc-38ab6d220480" TypeId="27d70fdc-4c4e-4774-bfac-7efbb48cde47" RevisionId="213f7ab1-e5f1-4f0d-a19c-886f418396cf" RevisionDate="2021-03-16T04:34:50.4370739Z">
			<Property Name="Constructions" Type="String">Woven_glass_PTFE_CCL</Property>
			<Property Name="Resin" Type="DimValue" Dimension="Relative">0</Property>
			<Property Name="Frequency" Type="DimValue" Dimension="Frequency">10GHz</Property>
			<Property Name="DielectricConstant" Type="DimValue" Dimension="Dimensionless">3</Property>
			<Property Name="LossTangent" Type="DimValue" Dimension="Dimensionless">0.001</Property>
			<Property Name="GlassTransTemp" Type="DimValue" Dimension="Temperature">260</Property>
			<Property Name="Manufacturer" Type="String">Taizhou_Wangling</Property>
			<Property Name="Name" Type="String">F4BK</Property>
			<Property Name="Thickness" Type="DimValue" Dimension="Length">39.37007874 mil</Property>
			<Property Name="Description" Type="String">F4BK;_Woven_glass_PTFE_CCL;_(10GHz)</Property>
			<Property Name="Note" Type="String">Tg=260C;_Df=0.001</Property>
		</Entity>
		<Entity Id="6bd74f66-498b-4a10-94bc-38ab6d220481" TypeId="27d70fdc-4c4e-4774-bfac-7efbb48cde47" RevisionId="213f7ab1-e5f1-4f0d-a19c-886f418396cf" RevisionDate="2021-03-16T04:34:50.4370739Z">
			<Property Name="Constructions" Type="String">Woven_glass_PTFE_CCL</Property>
			<Property Name="Resin" Type="DimValue" Dimension="Relative">0</Property>
			<Property Name="Frequency" Type="DimValue" Dimension="Frequency">10GHz</Property>
			<Property Name="DielectricConstant" Type="DimValue" Dimension="Dimensionless">3</Property>
			<Property Name="LossTangent" Type="DimValue" Dimension="Dimensionless">0.001</Property>
			<Property Name="GlassTransTemp" Type="DimValue" Dimension="Temperature">260</Property>
			<Property Name="Manufacturer" Type="String">Taizhou_Wangling</Property>
			<Property Name="Name" Type="String">F4BK</Property>
			<Property Name="Thickness" Type="DimValue" Dimension="Length">59.05511811 mil</Property>
			<Property Name="Description" Type="String">F4BK;_Woven_glass_PTFE_CCL;_(10GHz)</Property>
			<Property Name="Note" Type="String">Tg=260C;_Df=0.001</Property>
		</Entity>
		<Entity Id="6bd74f66-498b-4a10-94bc-38ab6d220482" TypeId="27d70fdc-4c4e-4774-bfac-7efbb48cde47" RevisionId="213f7ab1-e5f1-4f0d-a19c-886f418396cf" RevisionDate="2021-03-16T04:34:50.4370739Z">
			<Property Name="Constructions" Type="String">Woven_glass_PTFE_CCL</Property>
			<Property Name="Resin" Type="DimValue" Dimension="Relative">0</Property>
			<Property Name="Frequency" Type="DimValue" Dimension="Frequency">10GHz</Property>
			<Property Name="DielectricConstant" Type="DimValue" Dimension="Dimensionless">3</Property>
			<Property Name="LossTangent" Type="DimValue" Dimension="Dimensionless">0.001</Property>
			<Property Name="GlassTransTemp" Type="DimValue" Dimension="Temperature">260</Property>
			<Property Name="Manufacturer" Type="String">Taizhou_Wangling</Property>
			<Property Name="Name" Type="String">F4BK</Property>
			<Property Name="Thickness" Type="DimValue" Dimension="Length">78.74015748 mil</Property>
			<Property Name="Description" Type="String">F4BK;_Woven_glass_PTFE_CCL;_(10GHz)</Property>
			<Property Name="Note" Type="String">Tg=260C;_Df=0.001</Property>
		</Entity>
		<Entity Id="6bd74f66-498b-4a10-94bc-38ab6d220483" TypeId="27d70fdc-4c4e-4774-bfac-7efbb48cde47" RevisionId="213f7ab1-e5f1-4f0d-a19c-886f418396cf" RevisionDate="2021-03-16T04:34:50.4370739Z">
			<Property Name="Constructions" Type="String">Woven_glass_PTFE_CCL</Property>
			<Property Name="Resin" Type="DimValue" Dimension="Relative">0</Property>
			<Property Name="Frequency" Type="DimValue" Dimension="Frequency">10GHz</Property>
			<Property Name="DielectricConstant" Type="DimValue" Dimension="Dimensionless">3</Property>
			<Property Name="LossTangent" Type="DimValue" Dimension="Dimensionless">0.001</Property>
			<Property Name="GlassTransTemp" Type="DimValue" Dimension="Temperature">260</Property>
			<Property Name="Manufacturer" Type="String">Taizhou_Wangling</Property>
			<Property Name="Name" Type="String">F4BK</Property>
			<Property Name="Thickness" Type="DimValue" Dimension="Length">118.1102362 mil</Property>
			<Property Name="Description" Type="String">F4BK;_Woven_glass_PTFE_CCL;_(10GHz)</Property>
			<Property Name="Note" Type="String">Tg=260C;_Df=0.001</Property>
		</Entity>
		<Entity Id="6bd74f66-498b-4a10-94bc-38ab6d220484" TypeId="27d70fdc-4c4e-4774-bfac-7efbb48cde47" RevisionId="213f7ab1-e5f1-4f0d-a19c-886f418396cf" RevisionDate="2021-03-16T04:34:50.4370739Z">
			<Property Name="Constructions" Type="String">Woven_glass_PTFE_CCL</Property>
			<Property Name="Resin" Type="DimValue" Dimension="Relative">0</Property>
			<Property Name="Frequency" Type="DimValue" Dimension="Frequency">10GHz</Property>
			<Property Name="DielectricConstant" Type="DimValue" Dimension="Dimensionless">3</Property>
			<Property Name="LossTangent" Type="DimValue" Dimension="Dimensionless">0.001</Property>
			<Property Name="GlassTransTemp" Type="DimValue" Dimension="Temperature">260</Property>
			<Property Name="Manufacturer" Type="String">Taizhou_Wangling</Property>
			<Property Name="Name" Type="String">F4BK</Property>
			<Property Name="Thickness" Type="DimValue" Dimension="Length">157.480315 mil</Property>
			<Property Name="Description" Type="String">F4BK;_Woven_glass_PTFE_CCL;_(10GHz)</Property>
			<Property Name="Note" Type="String">Tg=260C;_Df=0.001</Property>
		</Entity>
		<Entity Id="6bd74f66-498b-4a10-94bc-38ab6d220485" TypeId="27d70fdc-4c4e-4774-bfac-7efbb48cde47" RevisionId="213f7ab1-e5f1-4f0d-a19c-886f418396cf" RevisionDate="2021-03-16T04:34:50.4370739Z">
			<Property Name="Constructions" Type="String">Woven_glass_PTFE_CCL</Property>
			<Property Name="Resin" Type="DimValue" Dimension="Relative">0</Property>
			<Property Name="Frequency" Type="DimValue" Dimension="Frequency">10GHz</Property>
			<Property Name="DielectricConstant" Type="DimValue" Dimension="Dimensionless">3</Property>
			<Property Name="LossTangent" Type="DimValue" Dimension="Dimensionless">0.001</Property>
			<Property Name="GlassTransTemp" Type="DimValue" Dimension="Temperature">260</Property>
			<Property Name="Manufacturer" Type="String">Taizhou_Wangling</Property>
			<Property Name="Name" Type="String">F4BK</Property>
			<Property Name="Thickness" Type="DimValue" Dimension="Length">196.8503937 mil</Property>
			<Property Name="Description" Type="String">F4BK;_Woven_glass_PTFE_CCL;_(10GHz)</Property>
			<Property Name="Note" Type="String">Tg=260C;_Df=0.001</Property>
		</Entity>
	</Entities>
	<EntityExtensions />
</ExtensibleLibrary>
