﻿<?xml version="1.0" encoding="UTF-8"?>
<ExtensibleLibrary SerializerVersion="1.1.0.0" LibraryId="304daab4-9f31-485c-9cc0-983beabff0b4" Version="1.1.0.0" xmlns="http://altium.com/ns/Data/ExtensibleLibraries">
	<Types />
	<TypeExtensions />
	<Entities>
		<Entity Id="6bd74f66-498b-4a10-94bc-38ab6d220003" TypeId="27d70fdc-4c4e-4774-bfac-7efbb48cde47" RevisionId="213f7ab1-e5f1-4f0d-a19c-886f418396cf" RevisionDate="2021-03-16T04:34:50.4370739Z">
			<Property Name="Constructions" Type="String">Ha10gen_free;_E-woven_glass_epoxy</Property>
			<Property Name="Resin" Type="DimValue" Dimension="Relative">0</Property>
			<Property Name="Frequency" Type="DimValue" Dimension="Frequency">1MHz</Property>
			<Property Name="DielectricConstant" Type="DimValue" Dimension="Dimensionless">4.5</Property>
			<Property Name="LossTangent" Type="DimValue" Dimension="Dimensionless">0.014</Property>
			<Property Name="GlassTransTemp" Type="DimValue" Dimension="Temperature">135</Property>
			<Property Name="Manufacturer" Type="String">ShineMore</Property>
			<Property Name="Name" Type="String">SM-560-4</Property>
			<Property Name="Thickness" Type="DimValue" Dimension="Length">3 mil</Property>
			<Property Name="Description" Type="String">SM-560-4;_CCL_(1MHz)</Property>
			<Property Name="Note" Type="String">Tg=135C;_Df=0.014</Property>
		</Entity>
		<Entity Id="6bd74f66-498b-4a10-94bc-38ab6d220004" TypeId="27d70fdc-4c4e-4774-bfac-7efbb48cde47" RevisionId="213f7ab1-e5f1-4f0d-a19c-886f418396cf" RevisionDate="2021-03-16T04:34:50.4370739Z">
			<Property Name="Constructions" Type="String">Ha10gen_free;_E-woven_glass_epoxy</Property>
			<Property Name="Resin" Type="DimValue" Dimension="Relative">0</Property>
			<Property Name="Frequency" Type="DimValue" Dimension="Frequency">1MHz</Property>
			<Property Name="DielectricConstant" Type="DimValue" Dimension="Dimensionless">4.5</Property>
			<Property Name="LossTangent" Type="DimValue" Dimension="Dimensionless">0.014</Property>
			<Property Name="GlassTransTemp" Type="DimValue" Dimension="Temperature">135</Property>
			<Property Name="Manufacturer" Type="String">ShineMore</Property>
			<Property Name="Name" Type="String">SM-560-4</Property>
			<Property Name="Thickness" Type="DimValue" Dimension="Length">125 mil</Property>
			<Property Name="Description" Type="String">SM-560-4;_CCL_(1MHz)</Property>
			<Property Name="Note" Type="String">Tg=135C;_Df=0.014</Property>
		</Entity>
		<Entity Id="6bd74f66-498b-4a10-94bc-38ab6d220005" TypeId="27d70fdc-4c4e-4774-bfac-7efbb48cde47" RevisionId="213f7ab1-e5f1-4f0d-a19c-886f418396cf" RevisionDate="2021-03-16T04:34:50.4370739Z">
			<Property Name="Constructions" Type="String">Ha10gen_free;_E-woven_glass_epoxy</Property>
			<Property Name="Resin" Type="DimValue" Dimension="Relative">0</Property>
			<Property Name="Frequency" Type="DimValue" Dimension="Frequency">1MHz</Property>
			<Property Name="DielectricConstant" Type="DimValue" Dimension="Dimensionless">4.5</Property>
			<Property Name="LossTangent" Type="DimValue" Dimension="Dimensionless">0.014</Property>
			<Property Name="GlassTransTemp" Type="DimValue" Dimension="Temperature">150</Property>
			<Property Name="Manufacturer" Type="String">ShineMore</Property>
			<Property Name="Name" Type="String">SM-560-5_HF</Property>
			<Property Name="Thickness" Type="DimValue" Dimension="Length">3 mil</Property>
			<Property Name="Description" Type="String">SM-560-5_HF;_CCL_(1MHz)</Property>
			<Property Name="Note" Type="String">Tg=150C;_Df=0.014</Property>
		</Entity>
		<Entity Id="6bd74f66-498b-4a10-94bc-38ab6d220006" TypeId="27d70fdc-4c4e-4774-bfac-7efbb48cde47" RevisionId="213f7ab1-e5f1-4f0d-a19c-886f418396cf" RevisionDate="2021-03-16T04:34:50.4370739Z">
			<Property Name="Constructions" Type="String">Ha10gen_free;_E-woven_glass_epoxy</Property>
			<Property Name="Resin" Type="DimValue" Dimension="Relative">0</Property>
			<Property Name="Frequency" Type="DimValue" Dimension="Frequency">1MHz</Property>
			<Property Name="DielectricConstant" Type="DimValue" Dimension="Dimensionless">4.5</Property>
			<Property Name="LossTangent" Type="DimValue" Dimension="Dimensionless">0.014</Property>
			<Property Name="GlassTransTemp" Type="DimValue" Dimension="Temperature">150</Property>
			<Property Name="Manufacturer" Type="String">ShineMore</Property>
			<Property Name="Name" Type="String">SM-560-5_HF</Property>
			<Property Name="Thickness" Type="DimValue" Dimension="Length">125 mil</Property>
			<Property Name="Description" Type="String">SM-560-5_HF;_CCL_(1MHz)</Property>
			<Property Name="Note" Type="String">Tg=150C;_Df=0.014</Property>
		</Entity>
		<Entity Id="6bd74f66-498b-4a10-94bc-38ab6d220007" TypeId="27d70fdc-4c4e-4774-bfac-7efbb48cde47" RevisionId="213f7ab1-e5f1-4f0d-a19c-886f418396cf" RevisionDate="2021-03-16T04:34:50.4370739Z">
			<Property Name="Constructions" Type="String">E-woven_glass_epoxy</Property>
			<Property Name="Resin" Type="DimValue" Dimension="Relative">50</Property>
			<Property Name="Frequency" Type="DimValue" Dimension="Frequency">1GHz</Property>
			<Property Name="DielectricConstant" Type="DimValue" Dimension="Dimensionless">4.4</Property>
			<Property Name="LossTangent" Type="DimValue" Dimension="Dimensionless">0.011</Property>
			<Property Name="GlassTransTemp" Type="DimValue" Dimension="Temperature">165</Property>
			<Property Name="Manufacturer" Type="String">ShineMore</Property>
			<Property Name="Name" Type="String">SM-560-6</Property>
			<Property Name="Thickness" Type="DimValue" Dimension="Length">3 mil</Property>
			<Property Name="Description" Type="String">SM-560-6;_FR-4;_CCL;_Rc=50%_(1GHz)</Property>
			<Property Name="Note" Type="String">Tg=165C;_Df=0.011</Property>
		</Entity>
		<Entity Id="6bd74f66-498b-4a10-94bc-38ab6d220008" TypeId="27d70fdc-4c4e-4774-bfac-7efbb48cde47" RevisionId="213f7ab1-e5f1-4f0d-a19c-886f418396cf" RevisionDate="2021-03-16T04:34:50.4370739Z">
			<Property Name="Constructions" Type="String">E-woven_glass_epoxy</Property>
			<Property Name="Resin" Type="DimValue" Dimension="Relative">50</Property>
			<Property Name="Frequency" Type="DimValue" Dimension="Frequency">1GHz</Property>
			<Property Name="DielectricConstant" Type="DimValue" Dimension="Dimensionless">4.4</Property>
			<Property Name="LossTangent" Type="DimValue" Dimension="Dimensionless">0.011</Property>
			<Property Name="GlassTransTemp" Type="DimValue" Dimension="Temperature">165</Property>
			<Property Name="Manufacturer" Type="String">ShineMore</Property>
			<Property Name="Name" Type="String">SM-560-6</Property>
			<Property Name="Thickness" Type="DimValue" Dimension="Length">125 mil</Property>
			<Property Name="Description" Type="String">SM-560-6;_FR-4;_CCL;_Rc=50%_(1GHz)</Property>
			<Property Name="Note" Type="String">Tg=165C;_Df=0.011</Property>
		</Entity>
		<Entity Id="6bd74f66-498b-4a10-94bc-38ab6d220009" TypeId="27d70fdc-4c4e-4774-bfac-7efbb48cde47" RevisionId="213f7ab1-e5f1-4f0d-a19c-886f418396cf" RevisionDate="2021-03-16T04:34:50.4370739Z">
			<Property Name="Constructions" Type="String">E-woven_glass_epoxy</Property>
			<Property Name="Resin" Type="DimValue" Dimension="Relative">50</Property>
			<Property Name="Frequency" Type="DimValue" Dimension="Frequency">2GHz</Property>
			<Property Name="DielectricConstant" Type="DimValue" Dimension="Dimensionless">4.4</Property>
			<Property Name="LossTangent" Type="DimValue" Dimension="Dimensionless">0.012</Property>
			<Property Name="GlassTransTemp" Type="DimValue" Dimension="Temperature">165</Property>
			<Property Name="Manufacturer" Type="String">ShineMore</Property>
			<Property Name="Name" Type="String">SM-560-6</Property>
			<Property Name="Thickness" Type="DimValue" Dimension="Length">3 mil</Property>
			<Property Name="Description" Type="String">SM-560-6;_FR-4;_CCL;_Rc=50%_(2GHz)</Property>
			<Property Name="Note" Type="String">Tg=165C;_Df=0.012</Property>
		</Entity>
		<Entity Id="6bd74f66-498b-4a10-94bc-38ab6d220010" TypeId="27d70fdc-4c4e-4774-bfac-7efbb48cde47" RevisionId="213f7ab1-e5f1-4f0d-a19c-886f418396cf" RevisionDate="2021-03-16T04:34:50.4370739Z">
			<Property Name="Constructions" Type="String">E-woven_glass_epoxy</Property>
			<Property Name="Resin" Type="DimValue" Dimension="Relative">50</Property>
			<Property Name="Frequency" Type="DimValue" Dimension="Frequency">2GHz</Property>
			<Property Name="DielectricConstant" Type="DimValue" Dimension="Dimensionless">4.4</Property>
			<Property Name="LossTangent" Type="DimValue" Dimension="Dimensionless">0.012</Property>
			<Property Name="GlassTransTemp" Type="DimValue" Dimension="Temperature">165</Property>
			<Property Name="Manufacturer" Type="String">ShineMore</Property>
			<Property Name="Name" Type="String">SM-560-6</Property>
			<Property Name="Thickness" Type="DimValue" Dimension="Length">125 mil</Property>
			<Property Name="Description" Type="String">SM-560-6;_FR-4;_CCL;_Rc=50%_(2GHz)</Property>
			<Property Name="Note" Type="String">Tg=165C;_Df=0.012</Property>
		</Entity>
		<Entity Id="6bd74f66-498b-4a10-94bc-38ab6d220011" TypeId="27d70fdc-4c4e-4774-bfac-7efbb48cde47" RevisionId="213f7ab1-e5f1-4f0d-a19c-886f418396cf" RevisionDate="2021-03-16T04:34:50.4370739Z">
			<Property Name="Constructions" Type="String">E-woven_glass_epoxy</Property>
			<Property Name="Resin" Type="DimValue" Dimension="Relative">50</Property>
			<Property Name="Frequency" Type="DimValue" Dimension="Frequency">5GHz</Property>
			<Property Name="DielectricConstant" Type="DimValue" Dimension="Dimensionless">4.3</Property>
			<Property Name="LossTangent" Type="DimValue" Dimension="Dimensionless">0.012</Property>
			<Property Name="GlassTransTemp" Type="DimValue" Dimension="Temperature">165</Property>
			<Property Name="Manufacturer" Type="String">ShineMore</Property>
			<Property Name="Name" Type="String">SM-560-6</Property>
			<Property Name="Thickness" Type="DimValue" Dimension="Length">3 mil</Property>
			<Property Name="Description" Type="String">SM-560-6;_FR-4;_CCL;_Rc=50%_(5GHz)</Property>
			<Property Name="Note" Type="String">Tg=165C;_Df=0.012</Property>
		</Entity>
		<Entity Id="6bd74f66-498b-4a10-94bc-38ab6d220012" TypeId="27d70fdc-4c4e-4774-bfac-7efbb48cde47" RevisionId="213f7ab1-e5f1-4f0d-a19c-886f418396cf" RevisionDate="2021-03-16T04:34:50.4370739Z">
			<Property Name="Constructions" Type="String">E-woven_glass_epoxy</Property>
			<Property Name="Resin" Type="DimValue" Dimension="Relative">50</Property>
			<Property Name="Frequency" Type="DimValue" Dimension="Frequency">5GHz</Property>
			<Property Name="DielectricConstant" Type="DimValue" Dimension="Dimensionless">4.3</Property>
			<Property Name="LossTangent" Type="DimValue" Dimension="Dimensionless">0.012</Property>
			<Property Name="GlassTransTemp" Type="DimValue" Dimension="Temperature">165</Property>
			<Property Name="Manufacturer" Type="String">ShineMore</Property>
			<Property Name="Name" Type="String">SM-560-6</Property>
			<Property Name="Thickness" Type="DimValue" Dimension="Length">125 mil</Property>
			<Property Name="Description" Type="String">SM-560-6;_FR-4;_CCL;_Rc=50%_(5GHz)</Property>
			<Property Name="Note" Type="String">Tg=165C;_Df=0.012</Property>
		</Entity>
		<Entity Id="6bd74f66-498b-4a10-94bc-38ab6d220013" TypeId="27d70fdc-4c4e-4774-bfac-7efbb48cde47" RevisionId="213f7ab1-e5f1-4f0d-a19c-886f418396cf" RevisionDate="2021-03-16T04:34:50.4370739Z">
			<Property Name="Constructions" Type="String">E-woven_glass_epoxy</Property>
			<Property Name="Resin" Type="DimValue" Dimension="Relative">50</Property>
			<Property Name="Frequency" Type="DimValue" Dimension="Frequency">1GHz</Property>
			<Property Name="DielectricConstant" Type="DimValue" Dimension="Dimensionless">4.4</Property>
			<Property Name="LossTangent" Type="DimValue" Dimension="Dimensionless">0.011</Property>
			<Property Name="GlassTransTemp" Type="DimValue" Dimension="Temperature">175</Property>
			<Property Name="Manufacturer" Type="String">ShineMore</Property>
			<Property Name="Name" Type="String">SM-560-8</Property>
			<Property Name="Thickness" Type="DimValue" Dimension="Length">3 mil</Property>
			<Property Name="Description" Type="String">SM-560-8;_FR-4;_CCL;_Rc=50%_(1GHz)</Property>
			<Property Name="Note" Type="String">Tg=175C;_Df=0.011</Property>
		</Entity>
		<Entity Id="6bd74f66-498b-4a10-94bc-38ab6d220014" TypeId="27d70fdc-4c4e-4774-bfac-7efbb48cde47" RevisionId="213f7ab1-e5f1-4f0d-a19c-886f418396cf" RevisionDate="2021-03-16T04:34:50.4370739Z">
			<Property Name="Constructions" Type="String">E-woven_glass_epoxy</Property>
			<Property Name="Resin" Type="DimValue" Dimension="Relative">50</Property>
			<Property Name="Frequency" Type="DimValue" Dimension="Frequency">1GHz</Property>
			<Property Name="DielectricConstant" Type="DimValue" Dimension="Dimensionless">4.4</Property>
			<Property Name="LossTangent" Type="DimValue" Dimension="Dimensionless">0.011</Property>
			<Property Name="GlassTransTemp" Type="DimValue" Dimension="Temperature">175</Property>
			<Property Name="Manufacturer" Type="String">ShineMore</Property>
			<Property Name="Name" Type="String">SM-560-8</Property>
			<Property Name="Thickness" Type="DimValue" Dimension="Length">125 mil</Property>
			<Property Name="Description" Type="String">SM-560-8;_FR-4;_CCL;_Rc=50%_(1GHz)</Property>
			<Property Name="Note" Type="String">Tg=175C;_Df=0.011</Property>
		</Entity>
		<Entity Id="6bd74f66-498b-4a10-94bc-38ab6d220015" TypeId="27d70fdc-4c4e-4774-bfac-7efbb48cde47" RevisionId="213f7ab1-e5f1-4f0d-a19c-886f418396cf" RevisionDate="2021-03-16T04:34:50.4370739Z">
			<Property Name="Constructions" Type="String">E-woven_glass_epoxy</Property>
			<Property Name="Resin" Type="DimValue" Dimension="Relative">50</Property>
			<Property Name="Frequency" Type="DimValue" Dimension="Frequency">2GHz</Property>
			<Property Name="DielectricConstant" Type="DimValue" Dimension="Dimensionless">4.4</Property>
			<Property Name="LossTangent" Type="DimValue" Dimension="Dimensionless">0.012</Property>
			<Property Name="GlassTransTemp" Type="DimValue" Dimension="Temperature">175</Property>
			<Property Name="Manufacturer" Type="String">ShineMore</Property>
			<Property Name="Name" Type="String">SM-560-8</Property>
			<Property Name="Thickness" Type="DimValue" Dimension="Length">3 mil</Property>
			<Property Name="Description" Type="String">SM-560-8;_FR-4;_CCL;_Rc=50%_(2GHz)</Property>
			<Property Name="Note" Type="String">Tg=175C;_Df=0.012</Property>
		</Entity>
		<Entity Id="6bd74f66-498b-4a10-94bc-38ab6d220016" TypeId="27d70fdc-4c4e-4774-bfac-7efbb48cde47" RevisionId="213f7ab1-e5f1-4f0d-a19c-886f418396cf" RevisionDate="2021-03-16T04:34:50.4370739Z">
			<Property Name="Constructions" Type="String">E-woven_glass_epoxy</Property>
			<Property Name="Resin" Type="DimValue" Dimension="Relative">50</Property>
			<Property Name="Frequency" Type="DimValue" Dimension="Frequency">2GHz</Property>
			<Property Name="DielectricConstant" Type="DimValue" Dimension="Dimensionless">4.4</Property>
			<Property Name="LossTangent" Type="DimValue" Dimension="Dimensionless">0.012</Property>
			<Property Name="GlassTransTemp" Type="DimValue" Dimension="Temperature">175</Property>
			<Property Name="Manufacturer" Type="String">ShineMore</Property>
			<Property Name="Name" Type="String">SM-560-8</Property>
			<Property Name="Thickness" Type="DimValue" Dimension="Length">125 mil</Property>
			<Property Name="Description" Type="String">SM-560-8;_FR-4;_CCL;_Rc=50%_(2GHz)</Property>
			<Property Name="Note" Type="String">Tg=175C;_Df=0.012</Property>
		</Entity>
		<Entity Id="6bd74f66-498b-4a10-94bc-38ab6d220017" TypeId="27d70fdc-4c4e-4774-bfac-7efbb48cde47" RevisionId="213f7ab1-e5f1-4f0d-a19c-886f418396cf" RevisionDate="2021-03-16T04:34:50.4370739Z">
			<Property Name="Constructions" Type="String">E-woven_glass_epoxy</Property>
			<Property Name="Resin" Type="DimValue" Dimension="Relative">50</Property>
			<Property Name="Frequency" Type="DimValue" Dimension="Frequency">5GHz</Property>
			<Property Name="DielectricConstant" Type="DimValue" Dimension="Dimensionless">4.3</Property>
			<Property Name="LossTangent" Type="DimValue" Dimension="Dimensionless">0.012</Property>
			<Property Name="GlassTransTemp" Type="DimValue" Dimension="Temperature">175</Property>
			<Property Name="Manufacturer" Type="String">ShineMore</Property>
			<Property Name="Name" Type="String">SM-560-8</Property>
			<Property Name="Thickness" Type="DimValue" Dimension="Length">3 mil</Property>
			<Property Name="Description" Type="String">SM-560-8;_FR-4;_CCL;_Rc=50%_(5GHz)</Property>
			<Property Name="Note" Type="String">Tg=175C;_Df=0.012</Property>
		</Entity>
		<Entity Id="6bd74f66-498b-4a10-94bc-38ab6d220018" TypeId="27d70fdc-4c4e-4774-bfac-7efbb48cde47" RevisionId="213f7ab1-e5f1-4f0d-a19c-886f418396cf" RevisionDate="2021-03-16T04:34:50.4370739Z">
			<Property Name="Constructions" Type="String">E-woven_glass_epoxy</Property>
			<Property Name="Resin" Type="DimValue" Dimension="Relative">50</Property>
			<Property Name="Frequency" Type="DimValue" Dimension="Frequency">5GHz</Property>
			<Property Name="DielectricConstant" Type="DimValue" Dimension="Dimensionless">4.3</Property>
			<Property Name="LossTangent" Type="DimValue" Dimension="Dimensionless">0.012</Property>
			<Property Name="GlassTransTemp" Type="DimValue" Dimension="Temperature">175</Property>
			<Property Name="Manufacturer" Type="String">ShineMore</Property>
			<Property Name="Name" Type="String">SM-560-8</Property>
			<Property Name="Thickness" Type="DimValue" Dimension="Length">125 mil</Property>
			<Property Name="Description" Type="String">SM-560-8;_FR-4;_CCL;_Rc=50%_(5GHz)</Property>
			<Property Name="Note" Type="String">Tg=175C;_Df=0.012</Property>
		</Entity>
		<Entity Id="6bd74f66-498b-4a10-94bc-38ab6d220019" TypeId="27d70fdc-4c4e-4774-bfac-7efbb48cde47" RevisionId="213f7ab1-e5f1-4f0d-a19c-886f418396cf" RevisionDate="2021-03-16T04:34:50.4370739Z">
			<Property Name="Constructions" Type="String">Ha10gen_free;_E-woven_glass_epoxy</Property>
			<Property Name="Resin" Type="DimValue" Dimension="Relative">0</Property>
			<Property Name="Frequency" Type="DimValue" Dimension="Frequency">1MHz</Property>
			<Property Name="DielectricConstant" Type="DimValue" Dimension="Dimensionless">4.8</Property>
			<Property Name="LossTangent" Type="DimValue" Dimension="Dimensionless">0.02</Property>
			<Property Name="GlassTransTemp" Type="DimValue" Dimension="Temperature">125</Property>
			<Property Name="Manufacturer" Type="String">ShineMore</Property>
			<Property Name="Name" Type="String">SM-560-C</Property>
			<Property Name="Thickness" Type="DimValue" Dimension="Length">3 mil</Property>
			<Property Name="Description" Type="String">SM-560-C;_CCL_(1MHz)</Property>
			<Property Name="Note" Type="String">Tg=125C;_Df=0.020</Property>
		</Entity>
		<Entity Id="6bd74f66-498b-4a10-94bc-38ab6d220020" TypeId="27d70fdc-4c4e-4774-bfac-7efbb48cde47" RevisionId="213f7ab1-e5f1-4f0d-a19c-886f418396cf" RevisionDate="2021-03-16T04:34:50.4370739Z">
			<Property Name="Constructions" Type="String">Ha10gen_free;_E-woven_glass_epoxy</Property>
			<Property Name="Resin" Type="DimValue" Dimension="Relative">0</Property>
			<Property Name="Frequency" Type="DimValue" Dimension="Frequency">1MHz</Property>
			<Property Name="DielectricConstant" Type="DimValue" Dimension="Dimensionless">4.8</Property>
			<Property Name="LossTangent" Type="DimValue" Dimension="Dimensionless">0.02</Property>
			<Property Name="GlassTransTemp" Type="DimValue" Dimension="Temperature">125</Property>
			<Property Name="Manufacturer" Type="String">ShineMore</Property>
			<Property Name="Name" Type="String">SM-560-C</Property>
			<Property Name="Thickness" Type="DimValue" Dimension="Length">125 mil</Property>
			<Property Name="Description" Type="String">SM-560-C;_CCL_(1MHz)</Property>
			<Property Name="Note" Type="String">Tg=125C;_Df=0.020</Property>
		</Entity>
		<Entity Id="6bd74f66-498b-4a10-94bc-38ab6d220021" TypeId="27d70fdc-4c4e-4774-bfac-7efbb48cde47" RevisionId="213f7ab1-e5f1-4f0d-a19c-886f418396cf" RevisionDate="2021-03-16T04:34:50.4370739Z">
			<Property Name="Constructions" Type="String">E-woven_glass_epoxy</Property>
			<Property Name="Resin" Type="DimValue" Dimension="Relative">0</Property>
			<Property Name="Frequency" Type="DimValue" Dimension="Frequency">1MHz</Property>
			<Property Name="DielectricConstant" Type="DimValue" Dimension="Dimensionless">4.8</Property>
			<Property Name="LossTangent" Type="DimValue" Dimension="Dimensionless">0.02</Property>
			<Property Name="GlassTransTemp" Type="DimValue" Dimension="Temperature">130</Property>
			<Property Name="Manufacturer" Type="String">ShineMore</Property>
			<Property Name="Name" Type="String">SM-630</Property>
			<Property Name="Thickness" Type="DimValue" Dimension="Length">3 mil</Property>
			<Property Name="Description" Type="String">SM-630;_CCL_(1MHz)</Property>
			<Property Name="Note" Type="String">Tg=130C;_Df=0.020</Property>
		</Entity>
		<Entity Id="6bd74f66-498b-4a10-94bc-38ab6d220022" TypeId="27d70fdc-4c4e-4774-bfac-7efbb48cde47" RevisionId="213f7ab1-e5f1-4f0d-a19c-886f418396cf" RevisionDate="2021-03-16T04:34:50.4370739Z">
			<Property Name="Constructions" Type="String">E-woven_glass_epoxy</Property>
			<Property Name="Resin" Type="DimValue" Dimension="Relative">0</Property>
			<Property Name="Frequency" Type="DimValue" Dimension="Frequency">1MHz</Property>
			<Property Name="DielectricConstant" Type="DimValue" Dimension="Dimensionless">4.8</Property>
			<Property Name="LossTangent" Type="DimValue" Dimension="Dimensionless">0.02</Property>
			<Property Name="GlassTransTemp" Type="DimValue" Dimension="Temperature">130</Property>
			<Property Name="Manufacturer" Type="String">ShineMore</Property>
			<Property Name="Name" Type="String">SM-630</Property>
			<Property Name="Thickness" Type="DimValue" Dimension="Length">125 mil</Property>
			<Property Name="Description" Type="String">SM-630;_CCL_(1MHz)</Property>
			<Property Name="Note" Type="String">Tg=130C;_Df=0.020</Property>
		</Entity>
		<Entity Id="6bd74f66-498b-4a10-94bc-38ab6d220023" TypeId="27d70fdc-4c4e-4774-bfac-7efbb48cde47" RevisionId="213f7ab1-e5f1-4f0d-a19c-886f418396cf" RevisionDate="2021-03-16T04:34:50.4370739Z">
			<Property Name="Constructions" Type="String">E-woven_glass_epoxy</Property>
			<Property Name="Resin" Type="DimValue" Dimension="Relative">0</Property>
			<Property Name="Frequency" Type="DimValue" Dimension="Frequency">1MHz</Property>
			<Property Name="DielectricConstant" Type="DimValue" Dimension="Dimensionless">4.6</Property>
			<Property Name="LossTangent" Type="DimValue" Dimension="Dimensionless">0.017</Property>
			<Property Name="GlassTransTemp" Type="DimValue" Dimension="Temperature">130</Property>
			<Property Name="Manufacturer" Type="String">ShineMore</Property>
			<Property Name="Name" Type="String">SM-700F</Property>
			<Property Name="Thickness" Type="DimValue" Dimension="Length">3 mil</Property>
			<Property Name="Description" Type="String">SM-700F;_CCL_(1MHz)</Property>
			<Property Name="Note" Type="String">Tg=130C;_Df=0.020</Property>
		</Entity>
		<Entity Id="6bd74f66-498b-4a10-94bc-38ab6d220024" TypeId="27d70fdc-4c4e-4774-bfac-7efbb48cde47" RevisionId="213f7ab1-e5f1-4f0d-a19c-886f418396cf" RevisionDate="2021-03-16T04:34:50.4370739Z">
			<Property Name="Constructions" Type="String">E-woven_glass_epoxy</Property>
			<Property Name="Resin" Type="DimValue" Dimension="Relative">0</Property>
			<Property Name="Frequency" Type="DimValue" Dimension="Frequency">1MHz</Property>
			<Property Name="DielectricConstant" Type="DimValue" Dimension="Dimensionless">4.6</Property>
			<Property Name="LossTangent" Type="DimValue" Dimension="Dimensionless">0.017</Property>
			<Property Name="GlassTransTemp" Type="DimValue" Dimension="Temperature">130</Property>
			<Property Name="Manufacturer" Type="String">ShineMore</Property>
			<Property Name="Name" Type="String">SM-700F</Property>
			<Property Name="Thickness" Type="DimValue" Dimension="Length">500 mil</Property>
			<Property Name="Description" Type="String">SM-700F;_CCL_(1MHz)</Property>
			<Property Name="Note" Type="String">Tg=130C;_Df=0.020</Property>
		</Entity>
		<Entity Id="6bd74f66-498b-4a10-94bc-38ab6d220025" TypeId="27d70fdc-4c4e-4774-bfac-7efbb48cde47" RevisionId="213f7ab1-e5f1-4f0d-a19c-886f418396cf" RevisionDate="2021-03-16T04:34:50.4370739Z">
			<Property Name="Constructions" Type="String">E-woven_glass_epoxy</Property>
			<Property Name="Resin" Type="DimValue" Dimension="Relative">0</Property>
			<Property Name="Frequency" Type="DimValue" Dimension="Frequency">1MHz</Property>
			<Property Name="DielectricConstant" Type="DimValue" Dimension="Dimensionless">4.8</Property>
			<Property Name="LossTangent" Type="DimValue" Dimension="Dimensionless">0.025</Property>
			<Property Name="GlassTransTemp" Type="DimValue" Dimension="Temperature">135</Property>
			<Property Name="Manufacturer" Type="String">ShineMore</Property>
			<Property Name="Name" Type="String">SM-730-4</Property>
			<Property Name="Thickness" Type="DimValue" Dimension="Length">3 mil</Property>
			<Property Name="Description" Type="String">SM-730-4;_CCL_(1MHz)</Property>
			<Property Name="Note" Type="String">Tg=135C;_Df=0.025</Property>
		</Entity>
		<Entity Id="6bd74f66-498b-4a10-94bc-38ab6d220026" TypeId="27d70fdc-4c4e-4774-bfac-7efbb48cde47" RevisionId="213f7ab1-e5f1-4f0d-a19c-886f418396cf" RevisionDate="2021-03-16T04:34:50.4370739Z">
			<Property Name="Constructions" Type="String">E-woven_glass_epoxy</Property>
			<Property Name="Resin" Type="DimValue" Dimension="Relative">0</Property>
			<Property Name="Frequency" Type="DimValue" Dimension="Frequency">1MHz</Property>
			<Property Name="DielectricConstant" Type="DimValue" Dimension="Dimensionless">4.8</Property>
			<Property Name="LossTangent" Type="DimValue" Dimension="Dimensionless">0.025</Property>
			<Property Name="GlassTransTemp" Type="DimValue" Dimension="Temperature">135</Property>
			<Property Name="Manufacturer" Type="String">ShineMore</Property>
			<Property Name="Name" Type="String">SM-730-4</Property>
			<Property Name="Thickness" Type="DimValue" Dimension="Length">125 mil</Property>
			<Property Name="Description" Type="String">SM-730-4;_CCL_(1MHz)</Property>
			<Property Name="Note" Type="String">Tg=135C;_Df=0.025</Property>
		</Entity>
		<Entity Id="6bd74f66-498b-4a10-94bc-38ab6d220027" TypeId="27d70fdc-4c4e-4774-bfac-7efbb48cde47" RevisionId="213f7ab1-e5f1-4f0d-a19c-886f418396cf" RevisionDate="2021-03-16T04:34:50.4370739Z">
			<Property Name="Constructions" Type="String">E-woven_glass_epoxy</Property>
			<Property Name="Resin" Type="DimValue" Dimension="Relative">0</Property>
			<Property Name="Frequency" Type="DimValue" Dimension="Frequency">1MHz</Property>
			<Property Name="DielectricConstant" Type="DimValue" Dimension="Dimensionless">4.8</Property>
			<Property Name="LossTangent" Type="DimValue" Dimension="Dimensionless">0.025</Property>
			<Property Name="GlassTransTemp" Type="DimValue" Dimension="Temperature">150</Property>
			<Property Name="Manufacturer" Type="String">ShineMore</Property>
			<Property Name="Name" Type="String">SM-730-5</Property>
			<Property Name="Thickness" Type="DimValue" Dimension="Length">3 mil</Property>
			<Property Name="Description" Type="String">SM-730-5;_CCL_(1MHz)</Property>
			<Property Name="Note" Type="String">Tg=150C;_Df=0.025</Property>
		</Entity>
		<Entity Id="6bd74f66-498b-4a10-94bc-38ab6d220028" TypeId="27d70fdc-4c4e-4774-bfac-7efbb48cde47" RevisionId="213f7ab1-e5f1-4f0d-a19c-886f418396cf" RevisionDate="2021-03-16T04:34:50.4370739Z">
			<Property Name="Constructions" Type="String">E-woven_glass_epoxy</Property>
			<Property Name="Resin" Type="DimValue" Dimension="Relative">0</Property>
			<Property Name="Frequency" Type="DimValue" Dimension="Frequency">1MHz</Property>
			<Property Name="DielectricConstant" Type="DimValue" Dimension="Dimensionless">4.8</Property>
			<Property Name="LossTangent" Type="DimValue" Dimension="Dimensionless">0.025</Property>
			<Property Name="GlassTransTemp" Type="DimValue" Dimension="Temperature">150</Property>
			<Property Name="Manufacturer" Type="String">ShineMore</Property>
			<Property Name="Name" Type="String">SM-730-5</Property>
			<Property Name="Thickness" Type="DimValue" Dimension="Length">125 mil</Property>
			<Property Name="Description" Type="String">SM-730-5;_CCL_(1MHz)</Property>
			<Property Name="Note" Type="String">Tg=150C;_Df=0.025</Property>
		</Entity>
		<Entity Id="6bd74f66-498b-4a10-94bc-38ab6d220029" TypeId="27d70fdc-4c4e-4774-bfac-7efbb48cde47" RevisionId="213f7ab1-e5f1-4f0d-a19c-886f418396cf" RevisionDate="2021-03-16T04:34:50.4370739Z">
			<Property Name="Constructions" Type="String">E-woven_glass_epoxy</Property>
			<Property Name="Resin" Type="DimValue" Dimension="Relative">0</Property>
			<Property Name="Frequency" Type="DimValue" Dimension="Frequency">1MHz</Property>
			<Property Name="DielectricConstant" Type="DimValue" Dimension="Dimensionless">4.6</Property>
			<Property Name="LossTangent" Type="DimValue" Dimension="Dimensionless">0.02</Property>
			<Property Name="GlassTransTemp" Type="DimValue" Dimension="Temperature">175</Property>
			<Property Name="Manufacturer" Type="String">ShineMore</Property>
			<Property Name="Name" Type="String">SM-730-8</Property>
			<Property Name="Thickness" Type="DimValue" Dimension="Length">3 mil</Property>
			<Property Name="Description" Type="String">SM-730-8;_CCL_(1MHz)</Property>
			<Property Name="Note" Type="String">Tg=175C;_Df=0.020</Property>
		</Entity>
		<Entity Id="6bd74f66-498b-4a10-94bc-38ab6d220030" TypeId="27d70fdc-4c4e-4774-bfac-7efbb48cde47" RevisionId="213f7ab1-e5f1-4f0d-a19c-886f418396cf" RevisionDate="2021-03-16T04:34:50.4370739Z">
			<Property Name="Constructions" Type="String">E-woven_glass_epoxy</Property>
			<Property Name="Resin" Type="DimValue" Dimension="Relative">0</Property>
			<Property Name="Frequency" Type="DimValue" Dimension="Frequency">1MHz</Property>
			<Property Name="DielectricConstant" Type="DimValue" Dimension="Dimensionless">4.6</Property>
			<Property Name="LossTangent" Type="DimValue" Dimension="Dimensionless">0.02</Property>
			<Property Name="GlassTransTemp" Type="DimValue" Dimension="Temperature">175</Property>
			<Property Name="Manufacturer" Type="String">ShineMore</Property>
			<Property Name="Name" Type="String">SM-730-8</Property>
			<Property Name="Thickness" Type="DimValue" Dimension="Length">125 mil</Property>
			<Property Name="Description" Type="String">SM-730-8;_CCL_(1MHz)</Property>
			<Property Name="Note" Type="String">Tg=175C;_Df=0.020</Property>
		</Entity>
		<Entity Id="6bd74f66-498b-4a10-94bc-38ab6d220031" TypeId="27d70fdc-4c4e-4774-bfac-7efbb48cde47" RevisionId="213f7ab1-e5f1-4f0d-a19c-886f418396cf" RevisionDate="2021-03-16T04:34:50.4370739Z">
			<Property Name="Constructions" Type="String">E-woven_glass_epoxy</Property>
			<Property Name="Resin" Type="DimValue" Dimension="Relative">0</Property>
			<Property Name="Frequency" Type="DimValue" Dimension="Frequency">1MHz</Property>
			<Property Name="DielectricConstant" Type="DimValue" Dimension="Dimensionless">4.5</Property>
			<Property Name="LossTangent" Type="DimValue" Dimension="Dimensionless">0.02</Property>
			<Property Name="GlassTransTemp" Type="DimValue" Dimension="Temperature">150</Property>
			<Property Name="Manufacturer" Type="String">ShineMore</Property>
			<Property Name="Name" Type="String">SM-780F-5</Property>
			<Property Name="Thickness" Type="DimValue" Dimension="Length">3 mil</Property>
			<Property Name="Description" Type="String">SM-780F-5;_CCL_(1MHz)</Property>
			<Property Name="Note" Type="String">Tg=150C;_Df=0.020</Property>
		</Entity>
		<Entity Id="6bd74f66-498b-4a10-94bc-38ab6d220032" TypeId="27d70fdc-4c4e-4774-bfac-7efbb48cde47" RevisionId="213f7ab1-e5f1-4f0d-a19c-886f418396cf" RevisionDate="2021-03-16T04:34:50.4370739Z">
			<Property Name="Constructions" Type="String">E-woven_glass_epoxy</Property>
			<Property Name="Resin" Type="DimValue" Dimension="Relative">0</Property>
			<Property Name="Frequency" Type="DimValue" Dimension="Frequency">1MHz</Property>
			<Property Name="DielectricConstant" Type="DimValue" Dimension="Dimensionless">4.5</Property>
			<Property Name="LossTangent" Type="DimValue" Dimension="Dimensionless">0.02</Property>
			<Property Name="GlassTransTemp" Type="DimValue" Dimension="Temperature">150</Property>
			<Property Name="Manufacturer" Type="String">ShineMore</Property>
			<Property Name="Name" Type="String">SM-780F-5</Property>
			<Property Name="Thickness" Type="DimValue" Dimension="Length">125 mil</Property>
			<Property Name="Description" Type="String">SM-780F-5;_CCL_(1MHz)</Property>
			<Property Name="Note" Type="String">Tg=150C;_Df=0.020</Property>
		</Entity>
		<Entity Id="6bd74f66-498b-4a10-94bc-38ab6d220033" TypeId="27d70fdc-4c4e-4774-bfac-7efbb48cde47" RevisionId="213f7ab1-e5f1-4f0d-a19c-886f418396cf" RevisionDate="2021-03-16T04:34:50.4370739Z">
			<Property Name="Constructions" Type="String">E-woven_glass_epoxy</Property>
			<Property Name="Resin" Type="DimValue" Dimension="Relative">0</Property>
			<Property Name="Frequency" Type="DimValue" Dimension="Frequency">1MHz</Property>
			<Property Name="DielectricConstant" Type="DimValue" Dimension="Dimensionless">4.5</Property>
			<Property Name="LossTangent" Type="DimValue" Dimension="Dimensionless">0.02</Property>
			<Property Name="GlassTransTemp" Type="DimValue" Dimension="Temperature">180</Property>
			<Property Name="Manufacturer" Type="String">ShineMore</Property>
			<Property Name="Name" Type="String">SM-780F-8</Property>
			<Property Name="Thickness" Type="DimValue" Dimension="Length">3 mil</Property>
			<Property Name="Description" Type="String">SM-780F-8;_CCL_(1MHz)</Property>
			<Property Name="Note" Type="String">Tg=180C;_Df=0.020</Property>
		</Entity>
		<Entity Id="6bd74f66-498b-4a10-94bc-38ab6d220034" TypeId="27d70fdc-4c4e-4774-bfac-7efbb48cde47" RevisionId="213f7ab1-e5f1-4f0d-a19c-886f418396cf" RevisionDate="2021-03-16T04:34:50.4370739Z">
			<Property Name="Constructions" Type="String">E-woven_glass_epoxy</Property>
			<Property Name="Resin" Type="DimValue" Dimension="Relative">0</Property>
			<Property Name="Frequency" Type="DimValue" Dimension="Frequency">1MHz</Property>
			<Property Name="DielectricConstant" Type="DimValue" Dimension="Dimensionless">4.5</Property>
			<Property Name="LossTangent" Type="DimValue" Dimension="Dimensionless">0.02</Property>
			<Property Name="GlassTransTemp" Type="DimValue" Dimension="Temperature">180</Property>
			<Property Name="Manufacturer" Type="String">ShineMore</Property>
			<Property Name="Name" Type="String">SM-780F-8</Property>
			<Property Name="Thickness" Type="DimValue" Dimension="Length">125 mil</Property>
			<Property Name="Description" Type="String">SM-780F-8;_CCL_(1MHz)</Property>
			<Property Name="Note" Type="String">Tg=180C;_Df=0.020</Property>
		</Entity>
	</Entities>
	<EntityExtensions />
</ExtensibleLibrary>
