﻿<?xml version="1.0" encoding="UTF-8"?>
<ExtensibleLibrary SerializerVersion="1.1.0.0" LibraryId="304daab4-9f31-485c-9cc0-983beabff0b4" Version="1.1.0.0" xmlns="http://altium.com/ns/Data/ExtensibleLibraries">
	<Types />
	<TypeExtensions />
	<Entities>
		<Entity Id="6bd74f66-498b-4a10-94bc-38ab6d2a3748" TypeId="27d70fdc-4c4e-4774-bfac-7efbb48cde47" RevisionId="213f7ab1-e5f1-4f0d-a19c-886f418396cf" RevisionDate="2021-03-16T04:34:50.4370739Z">
			<Property Name="Constructions" Type="String">_</Property>
			<Property Name="Resin" Type="DimValue" Dimension="Relative">0</Property>
			<Property Name="Frequency" Type="DimValue" Dimension="Frequency">2GHz</Property>
			<Property Name="DielectricConstant" Type="DimValue" Dimension="Dimensionless">3</Property>
			<Property Name="LossTangent" Type="DimValue" Dimension="Dimensionless">0.005</Property>
			<Property Name="GlassTransTemp" Type="DimValue" Dimension="Temperature">300</Property>
			<Property Name="Manufacturer" Type="String">Intergral_Techno10gy</Property>
			<Property Name="Name" Type="String">Zeta_Cap</Property>
			<Property Name="Thickness" Type="DimValue" Dimension="Length">1 mil</Property>
			<Property Name="Description" Type="String">Zeta_Cap:_(2GHz)</Property>
			<Property Name="Note" Type="String">Tg=300C;_Df=0.005</Property>
		</Entity>
		<Entity Id="6bd74f66-498b-4a10-94bc-38ab6d2a3749" TypeId="27d70fdc-4c4e-4774-bfac-7efbb48cde47" RevisionId="213f7ab1-e5f1-4f0d-a19c-886f418396cf" RevisionDate="2021-03-16T04:34:50.4370739Z">
			<Property Name="Constructions" Type="String">_</Property>
			<Property Name="Resin" Type="DimValue" Dimension="Relative">0</Property>
			<Property Name="Frequency" Type="DimValue" Dimension="Frequency">2GHz</Property>
			<Property Name="DielectricConstant" Type="DimValue" Dimension="Dimensionless">3</Property>
			<Property Name="LossTangent" Type="DimValue" Dimension="Dimensionless">0.005</Property>
			<Property Name="GlassTransTemp" Type="DimValue" Dimension="Temperature">300</Property>
			<Property Name="Manufacturer" Type="String">Intergral_Techno10gy</Property>
			<Property Name="Name" Type="String">Zeta_Cap</Property>
			<Property Name="Thickness" Type="DimValue" Dimension="Length">1.5 mil</Property>
			<Property Name="Description" Type="String">Zeta_Cap:_(2GHz)</Property>
			<Property Name="Note" Type="String">Tg=300C;_Df=0.005</Property>
		</Entity>
		<Entity Id="6bd74f66-498b-4a10-94bc-38ab6d2a3750" TypeId="27d70fdc-4c4e-4774-bfac-7efbb48cde47" RevisionId="213f7ab1-e5f1-4f0d-a19c-886f418396cf" RevisionDate="2021-03-16T04:34:50.4370739Z">
			<Property Name="Constructions" Type="String">_</Property>
			<Property Name="Resin" Type="DimValue" Dimension="Relative">0</Property>
			<Property Name="Frequency" Type="DimValue" Dimension="Frequency">2GHz</Property>
			<Property Name="DielectricConstant" Type="DimValue" Dimension="Dimensionless">3</Property>
			<Property Name="LossTangent" Type="DimValue" Dimension="Dimensionless">0.005</Property>
			<Property Name="GlassTransTemp" Type="DimValue" Dimension="Temperature">300</Property>
			<Property Name="Manufacturer" Type="String">Intergral_Techno10gy</Property>
			<Property Name="Name" Type="String">Zeta_Cap</Property>
			<Property Name="Thickness" Type="DimValue" Dimension="Length">1 mil</Property>
			<Property Name="Description" Type="String">Zeta_Cap:_(2GHz)</Property>
			<Property Name="Note" Type="String">Tg=300C;_Df=0.005</Property>
		</Entity>
		<Entity Id="6bd74f66-498b-4a10-94bc-38ab6d2a3751" TypeId="27d70fdc-4c4e-4774-bfac-7efbb48cde47" RevisionId="213f7ab1-e5f1-4f0d-a19c-886f418396cf" RevisionDate="2021-03-16T04:34:50.4370739Z">
			<Property Name="Constructions" Type="String">_</Property>
			<Property Name="Resin" Type="DimValue" Dimension="Relative">0</Property>
			<Property Name="Frequency" Type="DimValue" Dimension="Frequency">2GHz</Property>
			<Property Name="DielectricConstant" Type="DimValue" Dimension="Dimensionless">3</Property>
			<Property Name="LossTangent" Type="DimValue" Dimension="Dimensionless">0.01</Property>
			<Property Name="GlassTransTemp" Type="DimValue" Dimension="Temperature">180</Property>
			<Property Name="Manufacturer" Type="String">Intergral_Techno10gy</Property>
			<Property Name="Name" Type="String">Zeta_Lam_SE</Property>
			<Property Name="Thickness" Type="DimValue" Dimension="Length">1 mil</Property>
			<Property Name="Description" Type="String">Zeta_Lam_SE;_(2GHz)</Property>
			<Property Name="Note" Type="String">Tg=180C;_Df=0.010</Property>
		</Entity>
		<Entity Id="6bd74f66-498b-4a10-94bc-38ab6d2a3752" TypeId="27d70fdc-4c4e-4774-bfac-7efbb48cde47" RevisionId="213f7ab1-e5f1-4f0d-a19c-886f418396cf" RevisionDate="2021-03-16T04:34:50.4370739Z">
			<Property Name="Constructions" Type="String">_</Property>
			<Property Name="Resin" Type="DimValue" Dimension="Relative">0</Property>
			<Property Name="Frequency" Type="DimValue" Dimension="Frequency">2GHz</Property>
			<Property Name="DielectricConstant" Type="DimValue" Dimension="Dimensionless">3</Property>
			<Property Name="LossTangent" Type="DimValue" Dimension="Dimensionless">0.01</Property>
			<Property Name="GlassTransTemp" Type="DimValue" Dimension="Temperature">180</Property>
			<Property Name="Manufacturer" Type="String">Intergral_Techno10gy</Property>
			<Property Name="Name" Type="String">Zeta_Lam_SE</Property>
			<Property Name="Thickness" Type="DimValue" Dimension="Length">1.5 mil</Property>
			<Property Name="Description" Type="String">Zeta_Lam_SE;_(2GHz)</Property>
			<Property Name="Note" Type="String">Tg=180C;_Df=0.010</Property>
		</Entity>
		<Entity Id="6bd74f66-498b-4a10-94bc-38ab6d2a3753" TypeId="27d70fdc-4c4e-4774-bfac-7efbb48cde47" RevisionId="213f7ab1-e5f1-4f0d-a19c-886f418396cf" RevisionDate="2021-03-16T04:34:50.4370739Z">
			<Property Name="Constructions" Type="String">_</Property>
			<Property Name="Resin" Type="DimValue" Dimension="Relative">0</Property>
			<Property Name="Frequency" Type="DimValue" Dimension="Frequency">2GHz</Property>
			<Property Name="DielectricConstant" Type="DimValue" Dimension="Dimensionless">3</Property>
			<Property Name="LossTangent" Type="DimValue" Dimension="Dimensionless">0.01</Property>
			<Property Name="GlassTransTemp" Type="DimValue" Dimension="Temperature">180</Property>
			<Property Name="Manufacturer" Type="String">Intergral_Techno10gy</Property>
			<Property Name="Name" Type="String">Zeta_Lam_SE</Property>
			<Property Name="Thickness" Type="DimValue" Dimension="Length">1 mil</Property>
			<Property Name="Description" Type="String">Zeta_Lam_SE;_(2GHz)</Property>
			<Property Name="Note" Type="String">Tg=180C;_Df=0.010</Property>
		</Entity>
	</Entities>
	<EntityExtensions />
</ExtensibleLibrary>
