﻿<?xml version="1.0" encoding="UTF-8"?>
<ExtensibleLibrary SerializerVersion="1.1.0.0" LibraryId="304daab4-9f31-485c-9cc0-983beabff0b4" Version="1.1.0.0" xmlns="http://altium.com/ns/Data/ExtensibleLibraries">
	<Types />
	<TypeExtensions />
	<Entities>
		<Entity Id="6bd74f66-498b-4a10-94bc-38ab6d2a3011" TypeId="27d70fdc-4c4e-4774-bfac-7efbb48cde47" RevisionId="213f7ab1-e5f1-4f0d-a19c-886f418396cf" RevisionDate="2021-03-16T04:34:50.4370739Z">
			<Property Name="Constructions" Type="String">FR-4_CCL</Property>
			<Property Name="Resin" Type="DimValue" Dimension="Relative">0</Property>
			<Property Name="Frequency" Type="DimValue" Dimension="Frequency">1MHz</Property>
			<Property Name="DielectricConstant" Type="DimValue" Dimension="Dimensionless">5.2</Property>
			<Property Name="LossTangent" Type="DimValue" Dimension="Dimensionless">0.019</Property>
			<Property Name="GlassTransTemp" Type="DimValue" Dimension="Temperature">122</Property>
			<Property Name="Manufacturer" Type="String">Hangzhou_Liansheng</Property>
			<Property Name="Name" Type="String">FR-4</Property>
			<Property Name="Thickness" Type="DimValue" Dimension="Length">31.49606299 mil</Property>
			<Property Name="Description" Type="String">FR-4:_(1MHz)</Property>
			<Property Name="Note" Type="String">Tg=122;_Df=0.019</Property>
		</Entity>
		<Entity Id="6bd74f66-498b-4a10-94bc-38ab6d2a3012" TypeId="27d70fdc-4c4e-4774-bfac-7efbb48cde47" RevisionId="213f7ab1-e5f1-4f0d-a19c-886f418396cf" RevisionDate="2021-03-16T04:34:50.4370739Z">
			<Property Name="Constructions" Type="String">FR-4_CCL</Property>
			<Property Name="Resin" Type="DimValue" Dimension="Relative">0</Property>
			<Property Name="Frequency" Type="DimValue" Dimension="Frequency">1MHz</Property>
			<Property Name="DielectricConstant" Type="DimValue" Dimension="Dimensionless">5.2</Property>
			<Property Name="LossTangent" Type="DimValue" Dimension="Dimensionless">0.019</Property>
			<Property Name="GlassTransTemp" Type="DimValue" Dimension="Temperature">122</Property>
			<Property Name="Manufacturer" Type="String">Hangzhou_Liansheng</Property>
			<Property Name="Name" Type="String">FR-4</Property>
			<Property Name="Thickness" Type="DimValue" Dimension="Length">39.37007874 mil</Property>
			<Property Name="Description" Type="String">FR-4:_(1MHz)</Property>
			<Property Name="Note" Type="String">Tg=122;_Df=0.019</Property>
		</Entity>
		<Entity Id="6bd74f66-498b-4a10-94bc-38ab6d2a3013" TypeId="27d70fdc-4c4e-4774-bfac-7efbb48cde47" RevisionId="213f7ab1-e5f1-4f0d-a19c-886f418396cf" RevisionDate="2021-03-16T04:34:50.4370739Z">
			<Property Name="Constructions" Type="String">FR-4_CCL</Property>
			<Property Name="Resin" Type="DimValue" Dimension="Relative">0</Property>
			<Property Name="Frequency" Type="DimValue" Dimension="Frequency">1MHz</Property>
			<Property Name="DielectricConstant" Type="DimValue" Dimension="Dimensionless">5.2</Property>
			<Property Name="LossTangent" Type="DimValue" Dimension="Dimensionless">0.019</Property>
			<Property Name="GlassTransTemp" Type="DimValue" Dimension="Temperature">122</Property>
			<Property Name="Manufacturer" Type="String">Hangzhou_Liansheng</Property>
			<Property Name="Name" Type="String">FR-4</Property>
			<Property Name="Thickness" Type="DimValue" Dimension="Length">47.24409449 mil</Property>
			<Property Name="Description" Type="String">FR-4:_(1MHz)</Property>
			<Property Name="Note" Type="String">Tg=122;_Df=0.019</Property>
		</Entity>
		<Entity Id="6bd74f66-498b-4a10-94bc-38ab6d2a3014" TypeId="27d70fdc-4c4e-4774-bfac-7efbb48cde47" RevisionId="213f7ab1-e5f1-4f0d-a19c-886f418396cf" RevisionDate="2021-03-16T04:34:50.4370739Z">
			<Property Name="Constructions" Type="String">FR-4_CCL</Property>
			<Property Name="Resin" Type="DimValue" Dimension="Relative">0</Property>
			<Property Name="Frequency" Type="DimValue" Dimension="Frequency">1MHz</Property>
			<Property Name="DielectricConstant" Type="DimValue" Dimension="Dimensionless">5.2</Property>
			<Property Name="LossTangent" Type="DimValue" Dimension="Dimensionless">0.019</Property>
			<Property Name="GlassTransTemp" Type="DimValue" Dimension="Temperature">122</Property>
			<Property Name="Manufacturer" Type="String">Hangzhou_Liansheng</Property>
			<Property Name="Name" Type="String">FR-4</Property>
			<Property Name="Thickness" Type="DimValue" Dimension="Length">59.05511811 mil</Property>
			<Property Name="Description" Type="String">FR-4:_(1MHz)</Property>
			<Property Name="Note" Type="String">Tg=122;_Df=0.019</Property>
		</Entity>
		<Entity Id="6bd74f66-498b-4a10-94bc-38ab6d2a3015" TypeId="27d70fdc-4c4e-4774-bfac-7efbb48cde47" RevisionId="213f7ab1-e5f1-4f0d-a19c-886f418396cf" RevisionDate="2021-03-16T04:34:50.4370739Z">
			<Property Name="Constructions" Type="String">FR-4_CCL</Property>
			<Property Name="Resin" Type="DimValue" Dimension="Relative">0</Property>
			<Property Name="Frequency" Type="DimValue" Dimension="Frequency">1MHz</Property>
			<Property Name="DielectricConstant" Type="DimValue" Dimension="Dimensionless">5.2</Property>
			<Property Name="LossTangent" Type="DimValue" Dimension="Dimensionless">0.019</Property>
			<Property Name="GlassTransTemp" Type="DimValue" Dimension="Temperature">122</Property>
			<Property Name="Manufacturer" Type="String">Hangzhou_Liansheng</Property>
			<Property Name="Name" Type="String">FR-4</Property>
			<Property Name="Thickness" Type="DimValue" Dimension="Length">78.74015748 mil</Property>
			<Property Name="Description" Type="String">FR-4:_(1MHz)</Property>
			<Property Name="Note" Type="String">Tg=122;_Df=0.019</Property>
		</Entity>
	</Entities>
	<EntityExtensions />
</ExtensibleLibrary>
