﻿<?xml version="1.0" encoding="UTF-8"?>
<ExtensibleLibrary SerializerVersion="1.1.0.0" LibraryId="304daab4-9f31-485c-9cc0-983beabff0b4" Version="1.1.0.0" xmlns="http://altium.com/ns/Data/ExtensibleLibraries">
	<Types />
	<TypeExtensions />
	<Entities>
		<Entity Id="6bd74f66-498b-4a10-94bc-38ab6d2a3443" TypeId="27d70fdc-4c4e-4774-bfac-7efbb48cde47" RevisionId="213f7ab1-e5f1-4f0d-a19c-886f418396cf" RevisionDate="2021-03-16T04:34:50.4370739Z">
			<Property Name="Constructions" Type="String">CEM3</Property>
			<Property Name="Resin" Type="DimValue" Dimension="Relative">0</Property>
			<Property Name="Frequency" Type="DimValue" Dimension="Frequency">1MHz</Property>
			<Property Name="DielectricConstant" Type="DimValue" Dimension="Dimensionless">4.8</Property>
			<Property Name="LossTangent" Type="DimValue" Dimension="Dimensionless">0.033</Property>
			<Property Name="GlassTransTemp" Type="DimValue" Dimension="Temperature">0</Property>
			<Property Name="Manufacturer" Type="String">Hon_Tai_Material</Property>
			<Property Name="Name" Type="String">CEM3</Property>
			<Property Name="Thickness" Type="DimValue" Dimension="Length">1970 mil</Property>
			<Property Name="Description" Type="String">CEM3;(1MHz)</Property>
			<Property Name="Note" Type="String">Df=0.033</Property>
		</Entity>
		<Entity Id="6bd74f66-498b-4a10-94bc-38ab6d2a3444" TypeId="27d70fdc-4c4e-4774-bfac-7efbb48cde47" RevisionId="213f7ab1-e5f1-4f0d-a19c-886f418396cf" RevisionDate="2021-03-16T04:34:50.4370739Z">
			<Property Name="Constructions" Type="String">FR-4</Property>
			<Property Name="Resin" Type="DimValue" Dimension="Relative">0</Property>
			<Property Name="Frequency" Type="DimValue" Dimension="Frequency">1MHz</Property>
			<Property Name="DielectricConstant" Type="DimValue" Dimension="Dimensionless">4</Property>
			<Property Name="LossTangent" Type="DimValue" Dimension="Dimensionless">0.04</Property>
			<Property Name="GlassTransTemp" Type="DimValue" Dimension="Temperature">0</Property>
			<Property Name="Manufacturer" Type="String">Hon_Tai_Material</Property>
			<Property Name="Name" Type="String">HT-E3502</Property>
			<Property Name="Thickness" Type="DimValue" Dimension="Length">7.87 mil</Property>
			<Property Name="Description" Type="String">HT-E3502_FR-4;_(1MHz)</Property>
			<Property Name="Note" Type="String">Df=0.04</Property>
		</Entity>
		<Entity Id="6bd74f66-498b-4a10-94bc-38ab6d2a3445" TypeId="27d70fdc-4c4e-4774-bfac-7efbb48cde47" RevisionId="213f7ab1-e5f1-4f0d-a19c-886f418396cf" RevisionDate="2021-03-16T04:34:50.4370739Z">
			<Property Name="Constructions" Type="String">FR-4</Property>
			<Property Name="Resin" Type="DimValue" Dimension="Relative">0</Property>
			<Property Name="Frequency" Type="DimValue" Dimension="Frequency">1MHz</Property>
			<Property Name="DielectricConstant" Type="DimValue" Dimension="Dimensionless">4</Property>
			<Property Name="LossTangent" Type="DimValue" Dimension="Dimensionless">0.04</Property>
			<Property Name="GlassTransTemp" Type="DimValue" Dimension="Temperature">0</Property>
			<Property Name="Manufacturer" Type="String">Hon_Tai_Material</Property>
			<Property Name="Name" Type="String">HT-E3502</Property>
			<Property Name="Thickness" Type="DimValue" Dimension="Length">39.37 mil</Property>
			<Property Name="Description" Type="String">HT-E3502_FR-4;_(1MHz)</Property>
			<Property Name="Note" Type="String">Df=0.04</Property>
		</Entity>
		<Entity Id="6bd74f66-498b-4a10-94bc-38ab6d2a3446" TypeId="27d70fdc-4c4e-4774-bfac-7efbb48cde47" RevisionId="213f7ab1-e5f1-4f0d-a19c-886f418396cf" RevisionDate="2021-03-16T04:34:50.4370739Z">
			<Property Name="Constructions" Type="String">FR-4</Property>
			<Property Name="Resin" Type="DimValue" Dimension="Relative">0</Property>
			<Property Name="Frequency" Type="DimValue" Dimension="Frequency">1MHz</Property>
			<Property Name="DielectricConstant" Type="DimValue" Dimension="Dimensionless">4</Property>
			<Property Name="LossTangent" Type="DimValue" Dimension="Dimensionless">0.04</Property>
			<Property Name="GlassTransTemp" Type="DimValue" Dimension="Temperature">0</Property>
			<Property Name="Manufacturer" Type="String">Hon_Tai_Material</Property>
			<Property Name="Name" Type="String">HT-E3503</Property>
			<Property Name="Thickness" Type="DimValue" Dimension="Length">7.87 mil</Property>
			<Property Name="Description" Type="String">HT-E3503_FR-4;_(1MHz)</Property>
			<Property Name="Note" Type="String">Df=0.04</Property>
		</Entity>
		<Entity Id="6bd74f66-498b-4a10-94bc-38ab6d2a3447" TypeId="27d70fdc-4c4e-4774-bfac-7efbb48cde47" RevisionId="213f7ab1-e5f1-4f0d-a19c-886f418396cf" RevisionDate="2021-03-16T04:34:50.4370739Z">
			<Property Name="Constructions" Type="String">FR-4</Property>
			<Property Name="Resin" Type="DimValue" Dimension="Relative">0</Property>
			<Property Name="Frequency" Type="DimValue" Dimension="Frequency">1MHz</Property>
			<Property Name="DielectricConstant" Type="DimValue" Dimension="Dimensionless">4</Property>
			<Property Name="LossTangent" Type="DimValue" Dimension="Dimensionless">0.04</Property>
			<Property Name="GlassTransTemp" Type="DimValue" Dimension="Temperature">0</Property>
			<Property Name="Manufacturer" Type="String">Hon_Tai_Material</Property>
			<Property Name="Name" Type="String">HT-E3503</Property>
			<Property Name="Thickness" Type="DimValue" Dimension="Length">39.37 mil</Property>
			<Property Name="Description" Type="String">HT-E3503_FR-4;_(1MHz)</Property>
			<Property Name="Note" Type="String">Df=0.04</Property>
		</Entity>
		<Entity Id="6bd74f66-498b-4a10-94bc-38ab6d2a3448" TypeId="27d70fdc-4c4e-4774-bfac-7efbb48cde47" RevisionId="213f7ab1-e5f1-4f0d-a19c-886f418396cf" RevisionDate="2021-03-16T04:34:50.4370739Z">
			<Property Name="Constructions" Type="String">Polyester_glass_fiber_mat</Property>
			<Property Name="Resin" Type="DimValue" Dimension="Relative">0</Property>
			<Property Name="Frequency" Type="DimValue" Dimension="Frequency">1MHz</Property>
			<Property Name="DielectricConstant" Type="DimValue" Dimension="Dimensionless">5</Property>
			<Property Name="LossTangent" Type="DimValue" Dimension="Dimensionless">0.03</Property>
			<Property Name="GlassTransTemp" Type="DimValue" Dimension="Temperature">0</Property>
			<Property Name="Manufacturer" Type="String">Hon_Tai_Material</Property>
			<Property Name="Name" Type="String">HT-P1002</Property>
			<Property Name="Thickness" Type="DimValue" Dimension="Length">39.37 mil</Property>
			<Property Name="Description" Type="String">HT=P1002;_(1MHz)</Property>
			<Property Name="Note" Type="String">Df=0.03</Property>
		</Entity>
		<Entity Id="6bd74f66-498b-4a10-94bc-38ab6d2a3449" TypeId="27d70fdc-4c4e-4774-bfac-7efbb48cde47" RevisionId="213f7ab1-e5f1-4f0d-a19c-886f418396cf" RevisionDate="2021-03-16T04:34:50.4370739Z">
			<Property Name="Constructions" Type="String">Polyester_glass_fiber_mat</Property>
			<Property Name="Resin" Type="DimValue" Dimension="Relative">0</Property>
			<Property Name="Frequency" Type="DimValue" Dimension="Frequency">1MHz</Property>
			<Property Name="DielectricConstant" Type="DimValue" Dimension="Dimensionless">5</Property>
			<Property Name="LossTangent" Type="DimValue" Dimension="Dimensionless">0.03</Property>
			<Property Name="GlassTransTemp" Type="DimValue" Dimension="Temperature">0</Property>
			<Property Name="Manufacturer" Type="String">Hon_Tai_Material</Property>
			<Property Name="Name" Type="String">HT-P1002</Property>
			<Property Name="Thickness" Type="DimValue" Dimension="Length">196.85 mil</Property>
			<Property Name="Description" Type="String">HT=P1002;_(1MHz)</Property>
			<Property Name="Note" Type="String">Df=0.03</Property>
		</Entity>
		<Entity Id="6bd74f66-498b-4a10-94bc-38ab6d2a3450" TypeId="27d70fdc-4c4e-4774-bfac-7efbb48cde47" RevisionId="213f7ab1-e5f1-4f0d-a19c-886f418396cf" RevisionDate="2021-03-16T04:34:50.4370739Z">
			<Property Name="Constructions" Type="String">Paper_Based_Phenolic_Lam</Property>
			<Property Name="Resin" Type="DimValue" Dimension="Relative">0</Property>
			<Property Name="Frequency" Type="DimValue" Dimension="Frequency">1MHz</Property>
			<Property Name="DielectricConstant" Type="DimValue" Dimension="Dimensionless">3</Property>
			<Property Name="LossTangent" Type="DimValue" Dimension="Dimensionless">0.04</Property>
			<Property Name="GlassTransTemp" Type="DimValue" Dimension="Temperature">0</Property>
			<Property Name="Manufacturer" Type="String">Hon_Tai_Material</Property>
			<Property Name="Name" Type="String">HT-P2001</Property>
			<Property Name="Thickness" Type="DimValue" Dimension="Length">7.87 mil</Property>
			<Property Name="Description" Type="String">HT=P2001;_(1MHz)</Property>
			<Property Name="Note" Type="String">Df=0.04</Property>
		</Entity>
		<Entity Id="6bd74f66-498b-4a10-94bc-38ab6d2a3451" TypeId="27d70fdc-4c4e-4774-bfac-7efbb48cde47" RevisionId="213f7ab1-e5f1-4f0d-a19c-886f418396cf" RevisionDate="2021-03-16T04:34:50.4370739Z">
			<Property Name="Constructions" Type="String">Paper_Based_Phenolic_Lam</Property>
			<Property Name="Resin" Type="DimValue" Dimension="Relative">0</Property>
			<Property Name="Frequency" Type="DimValue" Dimension="Frequency">1MHz</Property>
			<Property Name="DielectricConstant" Type="DimValue" Dimension="Dimensionless">3</Property>
			<Property Name="LossTangent" Type="DimValue" Dimension="Dimensionless">0.04</Property>
			<Property Name="GlassTransTemp" Type="DimValue" Dimension="Temperature">0</Property>
			<Property Name="Manufacturer" Type="String">Hon_Tai_Material</Property>
			<Property Name="Name" Type="String">HT-P2001</Property>
			<Property Name="Thickness" Type="DimValue" Dimension="Length">1970 mil</Property>
			<Property Name="Description" Type="String">HT=P2001;_(1MHz)</Property>
			<Property Name="Note" Type="String">Df=0.04</Property>
		</Entity>
		<Entity Id="6bd74f66-498b-4a10-94bc-38ab6d2a3452" TypeId="27d70fdc-4c4e-4774-bfac-7efbb48cde47" RevisionId="213f7ab1-e5f1-4f0d-a19c-886f418396cf" RevisionDate="2021-03-16T04:34:50.4370739Z">
			<Property Name="Constructions" Type="String">Paper_Based_Phenolic_Lam</Property>
			<Property Name="Resin" Type="DimValue" Dimension="Relative">0</Property>
			<Property Name="Frequency" Type="DimValue" Dimension="Frequency">1MHz</Property>
			<Property Name="DielectricConstant" Type="DimValue" Dimension="Dimensionless">3</Property>
			<Property Name="LossTangent" Type="DimValue" Dimension="Dimensionless">0.04</Property>
			<Property Name="GlassTransTemp" Type="DimValue" Dimension="Temperature">0</Property>
			<Property Name="Manufacturer" Type="String">Hon_Tai_Material</Property>
			<Property Name="Name" Type="String">HT-P2002</Property>
			<Property Name="Thickness" Type="DimValue" Dimension="Length">7.87 mil</Property>
			<Property Name="Description" Type="String">HT=P2002;_(1MHz)</Property>
			<Property Name="Note" Type="String">Df=0.04</Property>
		</Entity>
		<Entity Id="6bd74f66-498b-4a10-94bc-38ab6d2a3453" TypeId="27d70fdc-4c4e-4774-bfac-7efbb48cde47" RevisionId="213f7ab1-e5f1-4f0d-a19c-886f418396cf" RevisionDate="2021-03-16T04:34:50.4370739Z">
			<Property Name="Constructions" Type="String">Paper_Based_Phenolic_Lam</Property>
			<Property Name="Resin" Type="DimValue" Dimension="Relative">0</Property>
			<Property Name="Frequency" Type="DimValue" Dimension="Frequency">1MHz</Property>
			<Property Name="DielectricConstant" Type="DimValue" Dimension="Dimensionless">3</Property>
			<Property Name="LossTangent" Type="DimValue" Dimension="Dimensionless">0.04</Property>
			<Property Name="GlassTransTemp" Type="DimValue" Dimension="Temperature">0</Property>
			<Property Name="Manufacturer" Type="String">Hon_Tai_Material</Property>
			<Property Name="Name" Type="String">HT-P2002</Property>
			<Property Name="Thickness" Type="DimValue" Dimension="Length">3837 mil</Property>
			<Property Name="Description" Type="String">HT=P2002;_(1MHz)</Property>
			<Property Name="Note" Type="String">Df=0.04</Property>
		</Entity>
		<Entity Id="6bd74f66-498b-4a10-94bc-38ab6d2a3454" TypeId="27d70fdc-4c4e-4774-bfac-7efbb48cde47" RevisionId="213f7ab1-e5f1-4f0d-a19c-886f418396cf" RevisionDate="2021-03-16T04:34:50.4370739Z">
			<Property Name="Constructions" Type="String">Cotton_Fabric_Phenolic_Lam</Property>
			<Property Name="Resin" Type="DimValue" Dimension="Relative">0</Property>
			<Property Name="Frequency" Type="DimValue" Dimension="Frequency">1MHz</Property>
			<Property Name="DielectricConstant" Type="DimValue" Dimension="Dimensionless">5</Property>
			<Property Name="LossTangent" Type="DimValue" Dimension="Dimensionless">0.04</Property>
			<Property Name="GlassTransTemp" Type="DimValue" Dimension="Temperature">0</Property>
			<Property Name="Manufacturer" Type="String">Hon_Tai_Material</Property>
			<Property Name="Name" Type="String">HT-P2004</Property>
			<Property Name="Thickness" Type="DimValue" Dimension="Length">7.87 mil</Property>
			<Property Name="Description" Type="String">HT=P2004;_(1MHz)</Property>
			<Property Name="Note" Type="String">Df=0.04</Property>
		</Entity>
		<Entity Id="6bd74f66-498b-4a10-94bc-38ab6d2a3455" TypeId="27d70fdc-4c4e-4774-bfac-7efbb48cde47" RevisionId="213f7ab1-e5f1-4f0d-a19c-886f418396cf" RevisionDate="2021-03-16T04:34:50.4370739Z">
			<Property Name="Constructions" Type="String">Cotton_Fabric_Phenolic_Lam</Property>
			<Property Name="Resin" Type="DimValue" Dimension="Relative">0</Property>
			<Property Name="Frequency" Type="DimValue" Dimension="Frequency">1MHz</Property>
			<Property Name="DielectricConstant" Type="DimValue" Dimension="Dimensionless">5</Property>
			<Property Name="LossTangent" Type="DimValue" Dimension="Dimensionless">0.04</Property>
			<Property Name="GlassTransTemp" Type="DimValue" Dimension="Temperature">0</Property>
			<Property Name="Manufacturer" Type="String">Hon_Tai_Material</Property>
			<Property Name="Name" Type="String">HT-P2004</Property>
			<Property Name="Thickness" Type="DimValue" Dimension="Length">3837 mil</Property>
			<Property Name="Description" Type="String">HT=P2004;_(1MHz)</Property>
			<Property Name="Note" Type="String">Df=0.04</Property>
		</Entity>
		<Entity Id="6bd74f66-498b-4a10-94bc-38ab6d2a3456" TypeId="27d70fdc-4c4e-4774-bfac-7efbb48cde47" RevisionId="213f7ab1-e5f1-4f0d-a19c-886f418396cf" RevisionDate="2021-03-16T04:34:50.4370739Z">
			<Property Name="Constructions" Type="String">CEM1</Property>
			<Property Name="Resin" Type="DimValue" Dimension="Relative">0</Property>
			<Property Name="Frequency" Type="DimValue" Dimension="Frequency">1MHz</Property>
			<Property Name="DielectricConstant" Type="DimValue" Dimension="Dimensionless">4.8</Property>
			<Property Name="LossTangent" Type="DimValue" Dimension="Dimensionless">0.033</Property>
			<Property Name="GlassTransTemp" Type="DimValue" Dimension="Temperature">0</Property>
			<Property Name="Manufacturer" Type="String">Hon_Tai_Material</Property>
			<Property Name="Name" Type="String">HT-E3505</Property>
			<Property Name="Thickness" Type="DimValue" Dimension="Length">19.69 mil</Property>
			<Property Name="Description" Type="String">HT-E3505_CEM1;(1MHz)</Property>
			<Property Name="Note" Type="String">Df=0.033</Property>
		</Entity>
		<Entity Id="6bd74f66-498b-4a10-94bc-38ab6d2a3457" TypeId="27d70fdc-4c4e-4774-bfac-7efbb48cde47" RevisionId="213f7ab1-e5f1-4f0d-a19c-886f418396cf" RevisionDate="2021-03-16T04:34:50.4370739Z">
			<Property Name="Constructions" Type="String">CEM1</Property>
			<Property Name="Resin" Type="DimValue" Dimension="Relative">0</Property>
			<Property Name="Frequency" Type="DimValue" Dimension="Frequency">1MHz</Property>
			<Property Name="DielectricConstant" Type="DimValue" Dimension="Dimensionless">4.8</Property>
			<Property Name="LossTangent" Type="DimValue" Dimension="Dimensionless">0.033</Property>
			<Property Name="GlassTransTemp" Type="DimValue" Dimension="Temperature">0</Property>
			<Property Name="Manufacturer" Type="String">Hon_Tai_Material</Property>
			<Property Name="Name" Type="String">HT-E3505</Property>
			<Property Name="Thickness" Type="DimValue" Dimension="Length">1970 mil</Property>
			<Property Name="Description" Type="String">HT-E3505_CEM1;(1MHz)</Property>
			<Property Name="Note" Type="String">Df=0.033</Property>
		</Entity>
		<Entity Id="6bd74f66-498b-4a10-94bc-38ab6d2a3458" TypeId="27d70fdc-4c4e-4774-bfac-7efbb48cde47" RevisionId="213f7ab1-e5f1-4f0d-a19c-886f418396cf" RevisionDate="2021-03-16T04:34:50.4370739Z">
			<Property Name="Constructions" Type="String">CEM3</Property>
			<Property Name="Resin" Type="DimValue" Dimension="Relative">0</Property>
			<Property Name="Frequency" Type="DimValue" Dimension="Frequency">1MHz</Property>
			<Property Name="DielectricConstant" Type="DimValue" Dimension="Dimensionless">4.8</Property>
			<Property Name="LossTangent" Type="DimValue" Dimension="Dimensionless">0.033</Property>
			<Property Name="GlassTransTemp" Type="DimValue" Dimension="Temperature">0</Property>
			<Property Name="Manufacturer" Type="String">Hon_Tai_Material</Property>
			<Property Name="Name" Type="String">HT-E3505</Property>
			<Property Name="Thickness" Type="DimValue" Dimension="Length">19.69 mil</Property>
			<Property Name="Description" Type="String">HT-E3505_CEM3;_(1MHz)</Property>
			<Property Name="Note" Type="String">Df=0.033</Property>
		</Entity>
	</Entities>
	<EntityExtensions />
</ExtensibleLibrary>
