﻿<?xml version="1.0" encoding="UTF-8"?>
<ExtensibleLibrary SerializerVersion="1.1.0.0" LibraryId="304daab4-9f31-485c-9cc0-983beabff0b4" Version="1.1.0.0" xmlns="http://altium.com/ns/Data/ExtensibleLibraries">
	<Types />
	<TypeExtensions />
	<Entities>
		<Entity Id="6bd74f66-498b-4a10-94bc-38ab6d2a3016" TypeId="27d70fdc-4c4e-4774-bfac-7efbb48cde47" RevisionId="213f7ab1-e5f1-4f0d-a19c-886f418396cf" RevisionDate="2021-03-16T04:34:50.4370739Z">
			<Property Name="Constructions" Type="String">FCCL_Kanenka_PI_RA_DS_Foil</Property>
			<Property Name="Resin" Type="DimValue" Dimension="Relative">0</Property>
			<Property Name="Frequency" Type="DimValue" Dimension="Frequency">1MHz</Property>
			<Property Name="DielectricConstant" Type="DimValue" Dimension="Dimensionless">3.6</Property>
			<Property Name="LossTangent" Type="DimValue" Dimension="Dimensionless">0.03</Property>
			<Property Name="GlassTransTemp" Type="DimValue" Dimension="Temperature">0</Property>
			<Property Name="Manufacturer" Type="String">Hanwha</Property>
			<Property Name="Name" Type="String">HanwhaFlex_HFLK-D541RN</Property>
			<Property Name="Thickness" Type="DimValue" Dimension="Length">3.937007874 mil</Property>
			<Property Name="Description" Type="String">HanwhaFlex_HFLK-D541RN;_(1MHz)</Property>
			<Property Name="Note" Type="String">Df=0.03</Property>
		</Entity>
		<Entity Id="6bd74f66-498b-4a10-94bc-38ab6d2a3017" TypeId="27d70fdc-4c4e-4774-bfac-7efbb48cde47" RevisionId="213f7ab1-e5f1-4f0d-a19c-886f418396cf" RevisionDate="2021-03-16T04:34:50.4370739Z">
			<Property Name="Constructions" Type="String">FCCL_Kanenka_PI_RA_DS_Foil</Property>
			<Property Name="Resin" Type="DimValue" Dimension="Relative">0</Property>
			<Property Name="Frequency" Type="DimValue" Dimension="Frequency">1MHz</Property>
			<Property Name="DielectricConstant" Type="DimValue" Dimension="Dimensionless">3.6</Property>
			<Property Name="LossTangent" Type="DimValue" Dimension="Dimensionless">0.03</Property>
			<Property Name="GlassTransTemp" Type="DimValue" Dimension="Temperature">0</Property>
			<Property Name="Manufacturer" Type="String">Hanwha</Property>
			<Property Name="Name" Type="String">HanwhaFlex_HFLK-D511RN</Property>
			<Property Name="Thickness" Type="DimValue" Dimension="Length">2.952755906 mil</Property>
			<Property Name="Description" Type="String">HanwhaFlex_HFLK-D511_RN;_(1MHz)</Property>
			<Property Name="Note" Type="String">Df=0.03</Property>
		</Entity>
		<Entity Id="6bd74f66-498b-4a10-94bc-38ab6d2a3018" TypeId="27d70fdc-4c4e-4774-bfac-7efbb48cde47" RevisionId="213f7ab1-e5f1-4f0d-a19c-886f418396cf" RevisionDate="2021-03-16T04:34:50.4370739Z">
			<Property Name="Constructions" Type="String">FCCL_Kanenka_PI_RA_DS_Foil</Property>
			<Property Name="Resin" Type="DimValue" Dimension="Relative">0</Property>
			<Property Name="Frequency" Type="DimValue" Dimension="Frequency">1MHz</Property>
			<Property Name="DielectricConstant" Type="DimValue" Dimension="Dimensionless">3.6</Property>
			<Property Name="LossTangent" Type="DimValue" Dimension="Dimensionless">0.03</Property>
			<Property Name="GlassTransTemp" Type="DimValue" Dimension="Temperature">0</Property>
			<Property Name="Manufacturer" Type="String">Hanwha</Property>
			<Property Name="Name" Type="String">HanwhaFlex_HFLK-D512RN</Property>
			<Property Name="Thickness" Type="DimValue" Dimension="Length">2.952755906 mil</Property>
			<Property Name="Description" Type="String">HanwhaFlex_HFLK-D512RN;_(1MHz)</Property>
			<Property Name="Note" Type="String">Df=0.03</Property>
		</Entity>
		<Entity Id="6bd74f66-498b-4a10-94bc-38ab6d2a3019" TypeId="27d70fdc-4c4e-4774-bfac-7efbb48cde47" RevisionId="213f7ab1-e5f1-4f0d-a19c-886f418396cf" RevisionDate="2021-03-16T04:34:50.4370739Z">
			<Property Name="Constructions" Type="String">FCCL_Kanenka_PI_EN_DS_Foil</Property>
			<Property Name="Resin" Type="DimValue" Dimension="Relative">0</Property>
			<Property Name="Frequency" Type="DimValue" Dimension="Frequency">1MHz</Property>
			<Property Name="DielectricConstant" Type="DimValue" Dimension="Dimensionless">3.6</Property>
			<Property Name="LossTangent" Type="DimValue" Dimension="Dimensionless">0.03</Property>
			<Property Name="GlassTransTemp" Type="DimValue" Dimension="Temperature">0</Property>
			<Property Name="Manufacturer" Type="String">Hanwha</Property>
			<Property Name="Name" Type="String">HanwhaFlex_HFLK-D511EN</Property>
			<Property Name="Thickness" Type="DimValue" Dimension="Length">2.952755906 mil</Property>
			<Property Name="Description" Type="String">HanwhaFlex_HFLK-D511_EN;_(1MHz)</Property>
			<Property Name="Note" Type="String">Df=0.03</Property>
		</Entity>
		<Entity Id="6bd74f66-498b-4a10-94bc-38ab6d2a3020" TypeId="27d70fdc-4c4e-4774-bfac-7efbb48cde47" RevisionId="213f7ab1-e5f1-4f0d-a19c-886f418396cf" RevisionDate="2021-03-16T04:34:50.4370739Z">
			<Property Name="Constructions" Type="String">FCCL_Kanenka_PI_EN_DS_Foil</Property>
			<Property Name="Resin" Type="DimValue" Dimension="Relative">0</Property>
			<Property Name="Frequency" Type="DimValue" Dimension="Frequency">1MHz</Property>
			<Property Name="DielectricConstant" Type="DimValue" Dimension="Dimensionless">3.6</Property>
			<Property Name="LossTangent" Type="DimValue" Dimension="Dimensionless">0.03</Property>
			<Property Name="GlassTransTemp" Type="DimValue" Dimension="Temperature">0</Property>
			<Property Name="Manufacturer" Type="String">Hanwha</Property>
			<Property Name="Name" Type="String">HanwhaFlex_HFLK-D512EN</Property>
			<Property Name="Thickness" Type="DimValue" Dimension="Length">2.952755906 mil</Property>
			<Property Name="Description" Type="String">HanwhaFlex_HFLK-D512EN;_(1MHz)</Property>
			<Property Name="Note" Type="String">Df=0.03</Property>
		</Entity>
		<Entity Id="6bd74f66-498b-4a10-94bc-38ab6d2a3021" TypeId="27d70fdc-4c4e-4774-bfac-7efbb48cde47" RevisionId="213f7ab1-e5f1-4f0d-a19c-886f418396cf" RevisionDate="2021-03-16T04:34:50.4370739Z">
			<Property Name="Constructions" Type="String">FCCL_Kanenka_PI_EN_DS_Foil</Property>
			<Property Name="Resin" Type="DimValue" Dimension="Relative">0</Property>
			<Property Name="Frequency" Type="DimValue" Dimension="Frequency">1MHz</Property>
			<Property Name="DielectricConstant" Type="DimValue" Dimension="Dimensionless">3.6</Property>
			<Property Name="LossTangent" Type="DimValue" Dimension="Dimensionless">0.03</Property>
			<Property Name="GlassTransTemp" Type="DimValue" Dimension="Temperature">0</Property>
			<Property Name="Manufacturer" Type="String">Hanwha</Property>
			<Property Name="Name" Type="String">HanwhaFlex_HFLK-D411EN</Property>
			<Property Name="Thickness" Type="DimValue" Dimension="Length">2.559055118 mil</Property>
			<Property Name="Description" Type="String">HanwhaFlex_HFLK-D411EN;_(1MHz)</Property>
			<Property Name="Note" Type="String">Df=0.03</Property>
		</Entity>
		<Entity Id="6bd74f66-498b-4a10-94bc-38ab6d2a3022" TypeId="27d70fdc-4c4e-4774-bfac-7efbb48cde47" RevisionId="213f7ab1-e5f1-4f0d-a19c-886f418396cf" RevisionDate="2021-03-16T04:34:50.4370739Z">
			<Property Name="Constructions" Type="String">FCCL_Kanenka_PI_EN_DS_Foil</Property>
			<Property Name="Resin" Type="DimValue" Dimension="Relative">0</Property>
			<Property Name="Frequency" Type="DimValue" Dimension="Frequency">1MHz</Property>
			<Property Name="DielectricConstant" Type="DimValue" Dimension="Dimensionless">3.6</Property>
			<Property Name="LossTangent" Type="DimValue" Dimension="Dimensionless">0.03</Property>
			<Property Name="GlassTransTemp" Type="DimValue" Dimension="Temperature">0</Property>
			<Property Name="Manufacturer" Type="String">Hanwha</Property>
			<Property Name="Name" Type="String">HanwhaFlex_HFLK-D412EN</Property>
			<Property Name="Thickness" Type="DimValue" Dimension="Length">2.559055118 mil</Property>
			<Property Name="Description" Type="String">HanwhaFlex_HFLK-D412EN;_(1MHz)</Property>
			<Property Name="Note" Type="String">Df=0.03</Property>
		</Entity>
		<Entity Id="6bd74f66-498b-4a10-94bc-38ab6d2a3023" TypeId="27d70fdc-4c4e-4774-bfac-7efbb48cde47" RevisionId="213f7ab1-e5f1-4f0d-a19c-886f418396cf" RevisionDate="2021-03-16T04:34:50.4370739Z">
			<Property Name="Constructions" Type="String">FCCL_Kanenka_PI_EN_DS_Foil</Property>
			<Property Name="Resin" Type="DimValue" Dimension="Relative">0</Property>
			<Property Name="Frequency" Type="DimValue" Dimension="Frequency">1MHz</Property>
			<Property Name="DielectricConstant" Type="DimValue" Dimension="Dimensionless">3.6</Property>
			<Property Name="LossTangent" Type="DimValue" Dimension="Dimensionless">0.03</Property>
			<Property Name="GlassTransTemp" Type="DimValue" Dimension="Temperature">0</Property>
			<Property Name="Manufacturer" Type="String">Hanwha</Property>
			<Property Name="Name" Type="String">HanwhaFlex_HFLK-D222EN</Property>
			<Property Name="Thickness" Type="DimValue" Dimension="Length">1.279527559 mil</Property>
			<Property Name="Description" Type="String">HanwhaFlex_HFLK-D222EN;_(1MHz)</Property>
			<Property Name="Note" Type="String">Df=0.03</Property>
		</Entity>
		<Entity Id="6bd74f66-498b-4a10-94bc-38ab6d2a3024" TypeId="27d70fdc-4c4e-4774-bfac-7efbb48cde47" RevisionId="213f7ab1-e5f1-4f0d-a19c-886f418396cf" RevisionDate="2021-03-16T04:34:50.4370739Z">
			<Property Name="Constructions" Type="String">FCCLTaimide_RA_DS_Foil</Property>
			<Property Name="Resin" Type="DimValue" Dimension="Relative">0</Property>
			<Property Name="Frequency" Type="DimValue" Dimension="Frequency">1MHz</Property>
			<Property Name="DielectricConstant" Type="DimValue" Dimension="Dimensionless">3.6</Property>
			<Property Name="LossTangent" Type="DimValue" Dimension="Dimensionless">0.03</Property>
			<Property Name="GlassTransTemp" Type="DimValue" Dimension="Temperature">0</Property>
			<Property Name="Manufacturer" Type="String">Hanwha</Property>
			<Property Name="Name" Type="String">HanwhaFlex_HFLT-D541RN</Property>
			<Property Name="Thickness" Type="DimValue" Dimension="Length">3.937007874 mil</Property>
			<Property Name="Description" Type="String">HanwhaFlex_HFLT-D541RN;_(1MHz)</Property>
			<Property Name="Note" Type="String">Df=0.03</Property>
		</Entity>
		<Entity Id="6bd74f66-498b-4a10-94bc-38ab6d2a3025" TypeId="27d70fdc-4c4e-4774-bfac-7efbb48cde47" RevisionId="213f7ab1-e5f1-4f0d-a19c-886f418396cf" RevisionDate="2021-03-16T04:34:50.4370739Z">
			<Property Name="Constructions" Type="String">FCCLTaimide_RA_DS_Foil</Property>
			<Property Name="Resin" Type="DimValue" Dimension="Relative">0</Property>
			<Property Name="Frequency" Type="DimValue" Dimension="Frequency">1MHz</Property>
			<Property Name="DielectricConstant" Type="DimValue" Dimension="Dimensionless">3.6</Property>
			<Property Name="LossTangent" Type="DimValue" Dimension="Dimensionless">0.03</Property>
			<Property Name="GlassTransTemp" Type="DimValue" Dimension="Temperature">0</Property>
			<Property Name="Manufacturer" Type="String">Hanwha</Property>
			<Property Name="Name" Type="String">HanwhaFlex_HFLT-D511RN</Property>
			<Property Name="Thickness" Type="DimValue" Dimension="Length">2.952755906 mil</Property>
			<Property Name="Description" Type="String">HanwhaFlex_HFLT-D511_RN;_(1MHz)</Property>
			<Property Name="Note" Type="String">Df=0.03</Property>
		</Entity>
		<Entity Id="6bd74f66-498b-4a10-94bc-38ab6d2a3026" TypeId="27d70fdc-4c4e-4774-bfac-7efbb48cde47" RevisionId="213f7ab1-e5f1-4f0d-a19c-886f418396cf" RevisionDate="2021-03-16T04:34:50.4370739Z">
			<Property Name="Constructions" Type="String">FCCLTaimide_RA_DS_Foil</Property>
			<Property Name="Resin" Type="DimValue" Dimension="Relative">0</Property>
			<Property Name="Frequency" Type="DimValue" Dimension="Frequency">1MHz</Property>
			<Property Name="DielectricConstant" Type="DimValue" Dimension="Dimensionless">3.6</Property>
			<Property Name="LossTangent" Type="DimValue" Dimension="Dimensionless">0.03</Property>
			<Property Name="GlassTransTemp" Type="DimValue" Dimension="Temperature">0</Property>
			<Property Name="Manufacturer" Type="String">Hanwha</Property>
			<Property Name="Name" Type="String">HanwhaFlex_HFLT-D512RN</Property>
			<Property Name="Thickness" Type="DimValue" Dimension="Length">2.952755906 mil</Property>
			<Property Name="Description" Type="String">HanwhaFlex_HFLT-D512RN;_(1MHz)</Property>
			<Property Name="Note" Type="String">Df=0.03</Property>
		</Entity>
		<Entity Id="6bd74f66-498b-4a10-94bc-38ab6d2a3027" TypeId="27d70fdc-4c4e-4774-bfac-7efbb48cde47" RevisionId="213f7ab1-e5f1-4f0d-a19c-886f418396cf" RevisionDate="2021-03-16T04:34:50.4370739Z">
			<Property Name="Constructions" Type="String">FCCLTaimide_EN_DS_Foil</Property>
			<Property Name="Resin" Type="DimValue" Dimension="Relative">0</Property>
			<Property Name="Frequency" Type="DimValue" Dimension="Frequency">1MHz</Property>
			<Property Name="DielectricConstant" Type="DimValue" Dimension="Dimensionless">3.6</Property>
			<Property Name="LossTangent" Type="DimValue" Dimension="Dimensionless">0.03</Property>
			<Property Name="GlassTransTemp" Type="DimValue" Dimension="Temperature">0</Property>
			<Property Name="Manufacturer" Type="String">Hanwha</Property>
			<Property Name="Name" Type="String">HanwhaFlex_HFLT-D511EN</Property>
			<Property Name="Thickness" Type="DimValue" Dimension="Length">2.952755906 mil</Property>
			<Property Name="Description" Type="String">HanwhaFlex_HFLT-D511_EN;_(1MHz)</Property>
			<Property Name="Note" Type="String">Df=0.03</Property>
		</Entity>
		<Entity Id="6bd74f66-498b-4a10-94bc-38ab6d2a3028" TypeId="27d70fdc-4c4e-4774-bfac-7efbb48cde47" RevisionId="213f7ab1-e5f1-4f0d-a19c-886f418396cf" RevisionDate="2021-03-16T04:34:50.4370739Z">
			<Property Name="Constructions" Type="String">FCCLTaimide_EN_DS_Foil</Property>
			<Property Name="Resin" Type="DimValue" Dimension="Relative">0</Property>
			<Property Name="Frequency" Type="DimValue" Dimension="Frequency">1MHz</Property>
			<Property Name="DielectricConstant" Type="DimValue" Dimension="Dimensionless">3.6</Property>
			<Property Name="LossTangent" Type="DimValue" Dimension="Dimensionless">0.03</Property>
			<Property Name="GlassTransTemp" Type="DimValue" Dimension="Temperature">0</Property>
			<Property Name="Manufacturer" Type="String">Hanwha</Property>
			<Property Name="Name" Type="String">HanwhaFlex_HFLT-D512EN</Property>
			<Property Name="Thickness" Type="DimValue" Dimension="Length">2.952755906 mil</Property>
			<Property Name="Description" Type="String">HanwhaFlex_HFLT-D512EN;_(1MHz)</Property>
			<Property Name="Note" Type="String">Df=0.03</Property>
		</Entity>
		<Entity Id="6bd74f66-498b-4a10-94bc-38ab6d2a3029" TypeId="27d70fdc-4c4e-4774-bfac-7efbb48cde47" RevisionId="213f7ab1-e5f1-4f0d-a19c-886f418396cf" RevisionDate="2021-03-16T04:34:50.4370739Z">
			<Property Name="Constructions" Type="String">FCCLTaimide_EN_DS_Foil</Property>
			<Property Name="Resin" Type="DimValue" Dimension="Relative">0</Property>
			<Property Name="Frequency" Type="DimValue" Dimension="Frequency">1MHz</Property>
			<Property Name="DielectricConstant" Type="DimValue" Dimension="Dimensionless">3.6</Property>
			<Property Name="LossTangent" Type="DimValue" Dimension="Dimensionless">0.03</Property>
			<Property Name="GlassTransTemp" Type="DimValue" Dimension="Temperature">0</Property>
			<Property Name="Manufacturer" Type="String">Hanwha</Property>
			<Property Name="Name" Type="String">HanwhaFlex_HFLT-D411EN</Property>
			<Property Name="Thickness" Type="DimValue" Dimension="Length">2.559055118 mil</Property>
			<Property Name="Description" Type="String">HanwhaFlex_HFLT-D411EN;_(1MHz)</Property>
			<Property Name="Note" Type="String">Df=0.03</Property>
		</Entity>
		<Entity Id="6bd74f66-498b-4a10-94bc-38ab6d2a3030" TypeId="27d70fdc-4c4e-4774-bfac-7efbb48cde47" RevisionId="213f7ab1-e5f1-4f0d-a19c-886f418396cf" RevisionDate="2021-03-16T04:34:50.4370739Z">
			<Property Name="Constructions" Type="String">FCCLTaimide_EN_DS_Foil</Property>
			<Property Name="Resin" Type="DimValue" Dimension="Relative">0</Property>
			<Property Name="Frequency" Type="DimValue" Dimension="Frequency">1MHz</Property>
			<Property Name="DielectricConstant" Type="DimValue" Dimension="Dimensionless">3.6</Property>
			<Property Name="LossTangent" Type="DimValue" Dimension="Dimensionless">0.03</Property>
			<Property Name="GlassTransTemp" Type="DimValue" Dimension="Temperature">0</Property>
			<Property Name="Manufacturer" Type="String">Hanwha</Property>
			<Property Name="Name" Type="String">HanwhaFlex_HFLT-D412EN</Property>
			<Property Name="Thickness" Type="DimValue" Dimension="Length">2.559055118 mil</Property>
			<Property Name="Description" Type="String">HanwhaFlex_HFLT-D412EN;_(1MHz)</Property>
			<Property Name="Note" Type="String">Df=0.03</Property>
		</Entity>
		<Entity Id="6bd74f66-498b-4a10-94bc-38ab6d2a3031" TypeId="27d70fdc-4c4e-4774-bfac-7efbb48cde47" RevisionId="213f7ab1-e5f1-4f0d-a19c-886f418396cf" RevisionDate="2021-03-16T04:34:50.4370739Z">
			<Property Name="Constructions" Type="String">FCCLTaimide_EN_DS_Foil</Property>
			<Property Name="Resin" Type="DimValue" Dimension="Relative">0</Property>
			<Property Name="Frequency" Type="DimValue" Dimension="Frequency">1MHz</Property>
			<Property Name="DielectricConstant" Type="DimValue" Dimension="Dimensionless">3.6</Property>
			<Property Name="LossTangent" Type="DimValue" Dimension="Dimensionless">0.03</Property>
			<Property Name="GlassTransTemp" Type="DimValue" Dimension="Temperature">0</Property>
			<Property Name="Manufacturer" Type="String">Hanwha</Property>
			<Property Name="Name" Type="String">HanwhaFlex_HFLT-D222EN</Property>
			<Property Name="Thickness" Type="DimValue" Dimension="Length">1.279527559 mil</Property>
			<Property Name="Description" Type="String">HanwhaFlex_HFLT-D222EN;_(1MHz)</Property>
			<Property Name="Note" Type="String">Df=0.03</Property>
		</Entity>
		<Entity Id="6bd74f66-498b-4a10-94bc-38ab6d2a3032" TypeId="27d70fdc-4c4e-4774-bfac-7efbb48cde47" RevisionId="213f7ab1-e5f1-4f0d-a19c-886f418396cf" RevisionDate="2021-03-16T04:34:50.4370739Z">
			<Property Name="Constructions" Type="String">FCCL_Kapton_RA_DS_Foil</Property>
			<Property Name="Resin" Type="DimValue" Dimension="Relative">0</Property>
			<Property Name="Frequency" Type="DimValue" Dimension="Frequency">1MHz</Property>
			<Property Name="DielectricConstant" Type="DimValue" Dimension="Dimensionless">3.6</Property>
			<Property Name="LossTangent" Type="DimValue" Dimension="Dimensionless">0.03</Property>
			<Property Name="GlassTransTemp" Type="DimValue" Dimension="Temperature">0</Property>
			<Property Name="Manufacturer" Type="String">Hanwha</Property>
			<Property Name="Name" Type="String">HanwhaFlex_HFL-D541RN</Property>
			<Property Name="Thickness" Type="DimValue" Dimension="Length">3.937007874 mil</Property>
			<Property Name="Description" Type="String">HanwhaFlex_HFL-D541RN;_(1MHz)</Property>
			<Property Name="Note" Type="String">Df=0.03</Property>
		</Entity>
		<Entity Id="6bd74f66-498b-4a10-94bc-38ab6d2a3033" TypeId="27d70fdc-4c4e-4774-bfac-7efbb48cde47" RevisionId="213f7ab1-e5f1-4f0d-a19c-886f418396cf" RevisionDate="2021-03-16T04:34:50.4370739Z">
			<Property Name="Constructions" Type="String">FCCL_Kapton_RA_DS_Foil</Property>
			<Property Name="Resin" Type="DimValue" Dimension="Relative">0</Property>
			<Property Name="Frequency" Type="DimValue" Dimension="Frequency">1MHz</Property>
			<Property Name="DielectricConstant" Type="DimValue" Dimension="Dimensionless">3.6</Property>
			<Property Name="LossTangent" Type="DimValue" Dimension="Dimensionless">0.03</Property>
			<Property Name="GlassTransTemp" Type="DimValue" Dimension="Temperature">0</Property>
			<Property Name="Manufacturer" Type="String">Hanwha</Property>
			<Property Name="Name" Type="String">HanwhaFlex_HFL-D511RN</Property>
			<Property Name="Thickness" Type="DimValue" Dimension="Length">2.952755906 mil</Property>
			<Property Name="Description" Type="String">HanwhaFlex_HFL-D511_RN;_(1MHz)</Property>
			<Property Name="Note" Type="String">Df=0.03</Property>
		</Entity>
		<Entity Id="6bd74f66-498b-4a10-94bc-38ab6d2a3034" TypeId="27d70fdc-4c4e-4774-bfac-7efbb48cde47" RevisionId="213f7ab1-e5f1-4f0d-a19c-886f418396cf" RevisionDate="2021-03-16T04:34:50.4370739Z">
			<Property Name="Constructions" Type="String">FCCL_Kapton_RA_DS_Foil</Property>
			<Property Name="Resin" Type="DimValue" Dimension="Relative">0</Property>
			<Property Name="Frequency" Type="DimValue" Dimension="Frequency">1MHz</Property>
			<Property Name="DielectricConstant" Type="DimValue" Dimension="Dimensionless">3.6</Property>
			<Property Name="LossTangent" Type="DimValue" Dimension="Dimensionless">0.03</Property>
			<Property Name="GlassTransTemp" Type="DimValue" Dimension="Temperature">0</Property>
			<Property Name="Manufacturer" Type="String">Hanwha</Property>
			<Property Name="Name" Type="String">HanwhaFlex_HFL-D512RN</Property>
			<Property Name="Thickness" Type="DimValue" Dimension="Length">2.952755906 mil</Property>
			<Property Name="Description" Type="String">HanwhaFlex_HFL-D512RN;_(1MHz)</Property>
			<Property Name="Note" Type="String">Df=0.03</Property>
		</Entity>
		<Entity Id="6bd74f66-498b-4a10-94bc-38ab6d2a3035" TypeId="27d70fdc-4c4e-4774-bfac-7efbb48cde47" RevisionId="213f7ab1-e5f1-4f0d-a19c-886f418396cf" RevisionDate="2021-03-16T04:34:50.4370739Z">
			<Property Name="Constructions" Type="String">FCCL_Kapton_EN_DS_Foil</Property>
			<Property Name="Resin" Type="DimValue" Dimension="Relative">0</Property>
			<Property Name="Frequency" Type="DimValue" Dimension="Frequency">1MHz</Property>
			<Property Name="DielectricConstant" Type="DimValue" Dimension="Dimensionless">3.6</Property>
			<Property Name="LossTangent" Type="DimValue" Dimension="Dimensionless">0.03</Property>
			<Property Name="GlassTransTemp" Type="DimValue" Dimension="Temperature">0</Property>
			<Property Name="Manufacturer" Type="String">Hanwha</Property>
			<Property Name="Name" Type="String">HanwhaFlex_HFL-D511EN</Property>
			<Property Name="Thickness" Type="DimValue" Dimension="Length">2.952755906 mil</Property>
			<Property Name="Description" Type="String">HanwhaFlex_HFL-D511_EN;_(1MHz)</Property>
			<Property Name="Note" Type="String">Df=0.03</Property>
		</Entity>
		<Entity Id="6bd74f66-498b-4a10-94bc-38ab6d2a3036" TypeId="27d70fdc-4c4e-4774-bfac-7efbb48cde47" RevisionId="213f7ab1-e5f1-4f0d-a19c-886f418396cf" RevisionDate="2021-03-16T04:34:50.4370739Z">
			<Property Name="Constructions" Type="String">FCCL_Kapton_EN_DS_Foil</Property>
			<Property Name="Resin" Type="DimValue" Dimension="Relative">0</Property>
			<Property Name="Frequency" Type="DimValue" Dimension="Frequency">1MHz</Property>
			<Property Name="DielectricConstant" Type="DimValue" Dimension="Dimensionless">3.6</Property>
			<Property Name="LossTangent" Type="DimValue" Dimension="Dimensionless">0.03</Property>
			<Property Name="GlassTransTemp" Type="DimValue" Dimension="Temperature">0</Property>
			<Property Name="Manufacturer" Type="String">Hanwha</Property>
			<Property Name="Name" Type="String">HanwhaFlex_HFL-D512EN</Property>
			<Property Name="Thickness" Type="DimValue" Dimension="Length">2.952755906 mil</Property>
			<Property Name="Description" Type="String">HanwhaFlex_HFL-D512EN;_(1MHz)</Property>
			<Property Name="Note" Type="String">Df=0.03</Property>
		</Entity>
		<Entity Id="6bd74f66-498b-4a10-94bc-38ab6d2a3037" TypeId="27d70fdc-4c4e-4774-bfac-7efbb48cde47" RevisionId="213f7ab1-e5f1-4f0d-a19c-886f418396cf" RevisionDate="2021-03-16T04:34:50.4370739Z">
			<Property Name="Constructions" Type="String">FCCL_Kapton_EN_DS_Foil</Property>
			<Property Name="Resin" Type="DimValue" Dimension="Relative">0</Property>
			<Property Name="Frequency" Type="DimValue" Dimension="Frequency">1MHz</Property>
			<Property Name="DielectricConstant" Type="DimValue" Dimension="Dimensionless">3.6</Property>
			<Property Name="LossTangent" Type="DimValue" Dimension="Dimensionless">0.03</Property>
			<Property Name="GlassTransTemp" Type="DimValue" Dimension="Temperature">0</Property>
			<Property Name="Manufacturer" Type="String">Hanwha</Property>
			<Property Name="Name" Type="String">HanwhaFlex_HFL-D411EN</Property>
			<Property Name="Thickness" Type="DimValue" Dimension="Length">2.559055118 mil</Property>
			<Property Name="Description" Type="String">HanwhaFlex_HFL-D411_EN;_(1MHz)</Property>
			<Property Name="Note" Type="String">Df=0.03</Property>
		</Entity>
		<Entity Id="6bd74f66-498b-4a10-94bc-38ab6d2a3038" TypeId="27d70fdc-4c4e-4774-bfac-7efbb48cde47" RevisionId="213f7ab1-e5f1-4f0d-a19c-886f418396cf" RevisionDate="2021-03-16T04:34:50.4370739Z">
			<Property Name="Constructions" Type="String">FCCL_Kapton_EN_DS_Foil</Property>
			<Property Name="Resin" Type="DimValue" Dimension="Relative">0</Property>
			<Property Name="Frequency" Type="DimValue" Dimension="Frequency">1MHz</Property>
			<Property Name="DielectricConstant" Type="DimValue" Dimension="Dimensionless">3.6</Property>
			<Property Name="LossTangent" Type="DimValue" Dimension="Dimensionless">0.03</Property>
			<Property Name="GlassTransTemp" Type="DimValue" Dimension="Temperature">0</Property>
			<Property Name="Manufacturer" Type="String">Hanwha</Property>
			<Property Name="Name" Type="String">HanwhaFlex_HFL-D412EN</Property>
			<Property Name="Thickness" Type="DimValue" Dimension="Length">2.559055118 mil</Property>
			<Property Name="Description" Type="String">HanwhaFlex_HFL-D412EN;_(1MHz)</Property>
			<Property Name="Note" Type="String">Df=0.03</Property>
		</Entity>
		<Entity Id="6bd74f66-498b-4a10-94bc-38ab6d2a3039" TypeId="27d70fdc-4c4e-4774-bfac-7efbb48cde47" RevisionId="213f7ab1-e5f1-4f0d-a19c-886f418396cf" RevisionDate="2021-03-16T04:34:50.4370739Z">
			<Property Name="Constructions" Type="String">FCCL_Kapton_EN_DS_Foil</Property>
			<Property Name="Resin" Type="DimValue" Dimension="Relative">0</Property>
			<Property Name="Frequency" Type="DimValue" Dimension="Frequency">1MHz</Property>
			<Property Name="DielectricConstant" Type="DimValue" Dimension="Dimensionless">3.6</Property>
			<Property Name="LossTangent" Type="DimValue" Dimension="Dimensionless">0.03</Property>
			<Property Name="GlassTransTemp" Type="DimValue" Dimension="Temperature">0</Property>
			<Property Name="Manufacturer" Type="String">Hanwha</Property>
			<Property Name="Name" Type="String">HanwhaFlex_HFL-D222EN</Property>
			<Property Name="Thickness" Type="DimValue" Dimension="Length">1.279527559 mil</Property>
			<Property Name="Description" Type="String">HanwhaFlex_HFL-D222EN;_(1MHz)</Property>
			<Property Name="Note" Type="String">Df=0.03</Property>
		</Entity>
		<Entity Id="6bd74f66-498b-4a10-94bc-38ab6d2a3040" TypeId="27d70fdc-4c4e-4774-bfac-7efbb48cde47" RevisionId="213f7ab1-e5f1-4f0d-a19c-886f418396cf" RevisionDate="2021-03-16T04:34:50.4370739Z">
			<Property Name="Constructions" Type="String">FCCL_Kanenka_PI_RA_SS_Foil</Property>
			<Property Name="Resin" Type="DimValue" Dimension="Relative">0</Property>
			<Property Name="Frequency" Type="DimValue" Dimension="Frequency">1MHz</Property>
			<Property Name="DielectricConstant" Type="DimValue" Dimension="Dimensionless">3.6</Property>
			<Property Name="LossTangent" Type="DimValue" Dimension="Dimensionless">0.03</Property>
			<Property Name="GlassTransTemp" Type="DimValue" Dimension="Temperature">0</Property>
			<Property Name="Manufacturer" Type="String">Hanwha</Property>
			<Property Name="Name" Type="String">HanwhaFlex_HFLK-S541RN</Property>
			<Property Name="Thickness" Type="DimValue" Dimension="Length">2.952755906 mil</Property>
			<Property Name="Description" Type="String">HanwhaFlex_HFLK-S541RN;_(1MHz)</Property>
			<Property Name="Note" Type="String">Df=0.03</Property>
		</Entity>
		<Entity Id="6bd74f66-498b-4a10-94bc-38ab6d2a3041" TypeId="27d70fdc-4c4e-4774-bfac-7efbb48cde47" RevisionId="213f7ab1-e5f1-4f0d-a19c-886f418396cf" RevisionDate="2021-03-16T04:34:50.4370739Z">
			<Property Name="Constructions" Type="String">FCCL_Kanenka_PI_RA_SS_Foil</Property>
			<Property Name="Resin" Type="DimValue" Dimension="Relative">0</Property>
			<Property Name="Frequency" Type="DimValue" Dimension="Frequency">1MHz</Property>
			<Property Name="DielectricConstant" Type="DimValue" Dimension="Dimensionless">3.6</Property>
			<Property Name="LossTangent" Type="DimValue" Dimension="Dimensionless">0.03</Property>
			<Property Name="GlassTransTemp" Type="DimValue" Dimension="Temperature">0</Property>
			<Property Name="Manufacturer" Type="String">Hanwha</Property>
			<Property Name="Name" Type="String">HanwhaFlex_HFLK-S511RN</Property>
			<Property Name="Thickness" Type="DimValue" Dimension="Length">1.968503937 mil</Property>
			<Property Name="Description" Type="String">HanwhaFlex_HFLK-S511RN;_(1MHz)</Property>
			<Property Name="Note" Type="String">Df=0.03</Property>
		</Entity>
		<Entity Id="6bd74f66-498b-4a10-94bc-38ab6d2a3042" TypeId="27d70fdc-4c4e-4774-bfac-7efbb48cde47" RevisionId="213f7ab1-e5f1-4f0d-a19c-886f418396cf" RevisionDate="2021-03-16T04:34:50.4370739Z">
			<Property Name="Constructions" Type="String">FCCL_Kanenka_PI_RA_SS_Foil</Property>
			<Property Name="Resin" Type="DimValue" Dimension="Relative">0</Property>
			<Property Name="Frequency" Type="DimValue" Dimension="Frequency">1MHz</Property>
			<Property Name="DielectricConstant" Type="DimValue" Dimension="Dimensionless">3.6</Property>
			<Property Name="LossTangent" Type="DimValue" Dimension="Dimensionless">0.03</Property>
			<Property Name="GlassTransTemp" Type="DimValue" Dimension="Temperature">0</Property>
			<Property Name="Manufacturer" Type="String">Hanwha</Property>
			<Property Name="Name" Type="String">HanwhaFlex_HFLK-S512RN</Property>
			<Property Name="Thickness" Type="DimValue" Dimension="Length">1.968503937 mil</Property>
			<Property Name="Description" Type="String">HanwhaFlex_HFLK-S512RN;_(1MHz)</Property>
			<Property Name="Note" Type="String">Df=0.03</Property>
		</Entity>
		<Entity Id="6bd74f66-498b-4a10-94bc-38ab6d2a3043" TypeId="27d70fdc-4c4e-4774-bfac-7efbb48cde47" RevisionId="213f7ab1-e5f1-4f0d-a19c-886f418396cf" RevisionDate="2021-03-16T04:34:50.4370739Z">
			<Property Name="Constructions" Type="String">FCCL_Kanenka_PI_EN_SS_Foil</Property>
			<Property Name="Resin" Type="DimValue" Dimension="Relative">0</Property>
			<Property Name="Frequency" Type="DimValue" Dimension="Frequency">1MHz</Property>
			<Property Name="DielectricConstant" Type="DimValue" Dimension="Dimensionless">3.6</Property>
			<Property Name="LossTangent" Type="DimValue" Dimension="Dimensionless">0.03</Property>
			<Property Name="GlassTransTemp" Type="DimValue" Dimension="Temperature">0</Property>
			<Property Name="Manufacturer" Type="String">Hanwha</Property>
			<Property Name="Name" Type="String">HanwhaFlex_HFLK-S511EN</Property>
			<Property Name="Thickness" Type="DimValue" Dimension="Length">1.968503937 mil</Property>
			<Property Name="Description" Type="String">HanwhaFlex_HFLK-S511_EN;_(1MHz)</Property>
			<Property Name="Note" Type="String">Df=0.03</Property>
		</Entity>
		<Entity Id="6bd74f66-498b-4a10-94bc-38ab6d2a3044" TypeId="27d70fdc-4c4e-4774-bfac-7efbb48cde47" RevisionId="213f7ab1-e5f1-4f0d-a19c-886f418396cf" RevisionDate="2021-03-16T04:34:50.4370739Z">
			<Property Name="Constructions" Type="String">FCCL_Kanenka_PI_EN_SS_Foil</Property>
			<Property Name="Resin" Type="DimValue" Dimension="Relative">0</Property>
			<Property Name="Frequency" Type="DimValue" Dimension="Frequency">1MHz</Property>
			<Property Name="DielectricConstant" Type="DimValue" Dimension="Dimensionless">3.6</Property>
			<Property Name="LossTangent" Type="DimValue" Dimension="Dimensionless">0.03</Property>
			<Property Name="GlassTransTemp" Type="DimValue" Dimension="Temperature">0</Property>
			<Property Name="Manufacturer" Type="String">Hanwha</Property>
			<Property Name="Name" Type="String">HanwhaFlex_HFLK-S512EN</Property>
			<Property Name="Thickness" Type="DimValue" Dimension="Length">1.968503937 mil</Property>
			<Property Name="Description" Type="String">HanwhaFlex_HFLK-S512EN;_(1MHz)</Property>
			<Property Name="Note" Type="String">Df=0.03</Property>
		</Entity>
		<Entity Id="6bd74f66-498b-4a10-94bc-38ab6d2a3045" TypeId="27d70fdc-4c4e-4774-bfac-7efbb48cde47" RevisionId="213f7ab1-e5f1-4f0d-a19c-886f418396cf" RevisionDate="2021-03-16T04:34:50.4370739Z">
			<Property Name="Constructions" Type="String">FCCL_Kanenka_PI_EN_SS_Foil</Property>
			<Property Name="Resin" Type="DimValue" Dimension="Relative">0</Property>
			<Property Name="Frequency" Type="DimValue" Dimension="Frequency">1MHz</Property>
			<Property Name="DielectricConstant" Type="DimValue" Dimension="Dimensionless">3.6</Property>
			<Property Name="LossTangent" Type="DimValue" Dimension="Dimensionless">0.03</Property>
			<Property Name="GlassTransTemp" Type="DimValue" Dimension="Temperature">0</Property>
			<Property Name="Manufacturer" Type="String">Hanwha</Property>
			<Property Name="Name" Type="String">HanwhaFlex_HFLK-S411EN</Property>
			<Property Name="Thickness" Type="DimValue" Dimension="Length">1.771653543 mil</Property>
			<Property Name="Description" Type="String">HanwhaFlex_HFLK-S411EN;_(1MHz)</Property>
			<Property Name="Note" Type="String">Df=0.03</Property>
		</Entity>
		<Entity Id="6bd74f66-498b-4a10-94bc-38ab6d2a3046" TypeId="27d70fdc-4c4e-4774-bfac-7efbb48cde47" RevisionId="213f7ab1-e5f1-4f0d-a19c-886f418396cf" RevisionDate="2021-03-16T04:34:50.4370739Z">
			<Property Name="Constructions" Type="String">FCCL_Kanenka_PI_EN_SS_Foil</Property>
			<Property Name="Resin" Type="DimValue" Dimension="Relative">0</Property>
			<Property Name="Frequency" Type="DimValue" Dimension="Frequency">1MHz</Property>
			<Property Name="DielectricConstant" Type="DimValue" Dimension="Dimensionless">3.6</Property>
			<Property Name="LossTangent" Type="DimValue" Dimension="Dimensionless">0.03</Property>
			<Property Name="GlassTransTemp" Type="DimValue" Dimension="Temperature">0</Property>
			<Property Name="Manufacturer" Type="String">Hanwha</Property>
			<Property Name="Name" Type="String">HanwhaFlex_HFLK-S412EN</Property>
			<Property Name="Thickness" Type="DimValue" Dimension="Length">1.771653543 mil</Property>
			<Property Name="Description" Type="String">HanwhaFlex_HFLK-S412EN;_(1MHz)</Property>
			<Property Name="Note" Type="String">Df=0.03</Property>
		</Entity>
		<Entity Id="6bd74f66-498b-4a10-94bc-38ab6d2a3047" TypeId="27d70fdc-4c4e-4774-bfac-7efbb48cde47" RevisionId="213f7ab1-e5f1-4f0d-a19c-886f418396cf" RevisionDate="2021-03-16T04:34:50.4370739Z">
			<Property Name="Constructions" Type="String">FCCL_Kanenka_PI_EN_SS_Foil</Property>
			<Property Name="Resin" Type="DimValue" Dimension="Relative">0</Property>
			<Property Name="Frequency" Type="DimValue" Dimension="Frequency">1MHz</Property>
			<Property Name="DielectricConstant" Type="DimValue" Dimension="Dimensionless">3.6</Property>
			<Property Name="LossTangent" Type="DimValue" Dimension="Dimensionless">0.03</Property>
			<Property Name="GlassTransTemp" Type="DimValue" Dimension="Temperature">0</Property>
			<Property Name="Manufacturer" Type="String">Hanwha</Property>
			<Property Name="Name" Type="String">HanwhaFlex_HFLK-S222EN</Property>
			<Property Name="Thickness" Type="DimValue" Dimension="Length">0.885826772 mil</Property>
			<Property Name="Description" Type="String">HanwhaFlex_HFLK-S222EN;_(1MHz)</Property>
			<Property Name="Note" Type="String">Df=0.03</Property>
		</Entity>
		<Entity Id="6bd74f66-498b-4a10-94bc-38ab6d2a3048" TypeId="27d70fdc-4c4e-4774-bfac-7efbb48cde47" RevisionId="213f7ab1-e5f1-4f0d-a19c-886f418396cf" RevisionDate="2021-03-16T04:34:50.4370739Z">
			<Property Name="Constructions" Type="String">FCCLTaimide_RASS_Foil</Property>
			<Property Name="Resin" Type="DimValue" Dimension="Relative">0</Property>
			<Property Name="Frequency" Type="DimValue" Dimension="Frequency">1MHz</Property>
			<Property Name="DielectricConstant" Type="DimValue" Dimension="Dimensionless">3.6</Property>
			<Property Name="LossTangent" Type="DimValue" Dimension="Dimensionless">0.03</Property>
			<Property Name="GlassTransTemp" Type="DimValue" Dimension="Temperature">0</Property>
			<Property Name="Manufacturer" Type="String">Hanwha</Property>
			<Property Name="Name" Type="String">HanwhaFlex_HFLT-S541RN</Property>
			<Property Name="Thickness" Type="DimValue" Dimension="Length">2.952755906 mil</Property>
			<Property Name="Description" Type="String">HanwhaFlex_HFLT-S541RN;_(1MHz)</Property>
			<Property Name="Note" Type="String">Df=0.03</Property>
		</Entity>
		<Entity Id="6bd74f66-498b-4a10-94bc-38ab6d2a3049" TypeId="27d70fdc-4c4e-4774-bfac-7efbb48cde47" RevisionId="213f7ab1-e5f1-4f0d-a19c-886f418396cf" RevisionDate="2021-03-16T04:34:50.4370739Z">
			<Property Name="Constructions" Type="String">FCCLTaimide_RASS_Foil</Property>
			<Property Name="Resin" Type="DimValue" Dimension="Relative">0</Property>
			<Property Name="Frequency" Type="DimValue" Dimension="Frequency">1MHz</Property>
			<Property Name="DielectricConstant" Type="DimValue" Dimension="Dimensionless">3.6</Property>
			<Property Name="LossTangent" Type="DimValue" Dimension="Dimensionless">0.03</Property>
			<Property Name="GlassTransTemp" Type="DimValue" Dimension="Temperature">0</Property>
			<Property Name="Manufacturer" Type="String">Hanwha</Property>
			<Property Name="Name" Type="String">HanwhaFlex_HFLT-S511RN</Property>
			<Property Name="Thickness" Type="DimValue" Dimension="Length">1.968503937 mil</Property>
			<Property Name="Description" Type="String">HanwhaFlex_HFLT-S511RN;_(1MHz)</Property>
			<Property Name="Note" Type="String">Df=0.03</Property>
		</Entity>
		<Entity Id="6bd74f66-498b-4a10-94bc-38ab6d2a3050" TypeId="27d70fdc-4c4e-4774-bfac-7efbb48cde47" RevisionId="213f7ab1-e5f1-4f0d-a19c-886f418396cf" RevisionDate="2021-03-16T04:34:50.4370739Z">
			<Property Name="Constructions" Type="String">FCCLTaimide_RASS_Foil</Property>
			<Property Name="Resin" Type="DimValue" Dimension="Relative">0</Property>
			<Property Name="Frequency" Type="DimValue" Dimension="Frequency">1MHz</Property>
			<Property Name="DielectricConstant" Type="DimValue" Dimension="Dimensionless">3.6</Property>
			<Property Name="LossTangent" Type="DimValue" Dimension="Dimensionless">0.03</Property>
			<Property Name="GlassTransTemp" Type="DimValue" Dimension="Temperature">0</Property>
			<Property Name="Manufacturer" Type="String">Hanwha</Property>
			<Property Name="Name" Type="String">HanwhaFlex_HFLT-S512RN</Property>
			<Property Name="Thickness" Type="DimValue" Dimension="Length">1.968503937 mil</Property>
			<Property Name="Description" Type="String">HanwhaFlex_HFLT-S512RN;_(1MHz)</Property>
			<Property Name="Note" Type="String">Df=0.03</Property>
		</Entity>
		<Entity Id="6bd74f66-498b-4a10-94bc-38ab6d2a3051" TypeId="27d70fdc-4c4e-4774-bfac-7efbb48cde47" RevisionId="213f7ab1-e5f1-4f0d-a19c-886f418396cf" RevisionDate="2021-03-16T04:34:50.4370739Z">
			<Property Name="Constructions" Type="String">FCCLTaimide_EN_SS_Foil</Property>
			<Property Name="Resin" Type="DimValue" Dimension="Relative">0</Property>
			<Property Name="Frequency" Type="DimValue" Dimension="Frequency">1MHz</Property>
			<Property Name="DielectricConstant" Type="DimValue" Dimension="Dimensionless">3.6</Property>
			<Property Name="LossTangent" Type="DimValue" Dimension="Dimensionless">0.03</Property>
			<Property Name="GlassTransTemp" Type="DimValue" Dimension="Temperature">0</Property>
			<Property Name="Manufacturer" Type="String">Hanwha</Property>
			<Property Name="Name" Type="String">HanwhaFlex_HFLT-S511EN</Property>
			<Property Name="Thickness" Type="DimValue" Dimension="Length">1.968503937 mil</Property>
			<Property Name="Description" Type="String">HanwhaFlex_HFLT-S511_EN;_(1MHz)</Property>
			<Property Name="Note" Type="String">Df=0.03</Property>
		</Entity>
		<Entity Id="6bd74f66-498b-4a10-94bc-38ab6d2a3052" TypeId="27d70fdc-4c4e-4774-bfac-7efbb48cde47" RevisionId="213f7ab1-e5f1-4f0d-a19c-886f418396cf" RevisionDate="2021-03-16T04:34:50.4370739Z">
			<Property Name="Constructions" Type="String">FCCLTaimide_EN_SS_Foil</Property>
			<Property Name="Resin" Type="DimValue" Dimension="Relative">0</Property>
			<Property Name="Frequency" Type="DimValue" Dimension="Frequency">1MHz</Property>
			<Property Name="DielectricConstant" Type="DimValue" Dimension="Dimensionless">3.6</Property>
			<Property Name="LossTangent" Type="DimValue" Dimension="Dimensionless">0.03</Property>
			<Property Name="GlassTransTemp" Type="DimValue" Dimension="Temperature">0</Property>
			<Property Name="Manufacturer" Type="String">Hanwha</Property>
			<Property Name="Name" Type="String">HanwhaFlex_HFLT-S512EN</Property>
			<Property Name="Thickness" Type="DimValue" Dimension="Length">1.968503937 mil</Property>
			<Property Name="Description" Type="String">HanwhaFlex_HFLT-S512EN;_(1MHz)</Property>
			<Property Name="Note" Type="String">Df=0.03</Property>
		</Entity>
		<Entity Id="6bd74f66-498b-4a10-94bc-38ab6d2a3053" TypeId="27d70fdc-4c4e-4774-bfac-7efbb48cde47" RevisionId="213f7ab1-e5f1-4f0d-a19c-886f418396cf" RevisionDate="2021-03-16T04:34:50.4370739Z">
			<Property Name="Constructions" Type="String">FCCLTaimide_EN_SS_Foil</Property>
			<Property Name="Resin" Type="DimValue" Dimension="Relative">0</Property>
			<Property Name="Frequency" Type="DimValue" Dimension="Frequency">1MHz</Property>
			<Property Name="DielectricConstant" Type="DimValue" Dimension="Dimensionless">3.6</Property>
			<Property Name="LossTangent" Type="DimValue" Dimension="Dimensionless">0.03</Property>
			<Property Name="GlassTransTemp" Type="DimValue" Dimension="Temperature">0</Property>
			<Property Name="Manufacturer" Type="String">Hanwha</Property>
			<Property Name="Name" Type="String">HanwhaFlex_HFLT-S411EN</Property>
			<Property Name="Thickness" Type="DimValue" Dimension="Length">1.771653543 mil</Property>
			<Property Name="Description" Type="String">HanwhaFlex_HFLT-S411EN;_(1MHz)</Property>
			<Property Name="Note" Type="String">Df=0.03</Property>
		</Entity>
		<Entity Id="6bd74f66-498b-4a10-94bc-38ab6d2a3054" TypeId="27d70fdc-4c4e-4774-bfac-7efbb48cde47" RevisionId="213f7ab1-e5f1-4f0d-a19c-886f418396cf" RevisionDate="2021-03-16T04:34:50.4370739Z">
			<Property Name="Constructions" Type="String">FCCLTaimide_EN_SS_Foil</Property>
			<Property Name="Resin" Type="DimValue" Dimension="Relative">0</Property>
			<Property Name="Frequency" Type="DimValue" Dimension="Frequency">1MHz</Property>
			<Property Name="DielectricConstant" Type="DimValue" Dimension="Dimensionless">3.6</Property>
			<Property Name="LossTangent" Type="DimValue" Dimension="Dimensionless">0.03</Property>
			<Property Name="GlassTransTemp" Type="DimValue" Dimension="Temperature">0</Property>
			<Property Name="Manufacturer" Type="String">Hanwha</Property>
			<Property Name="Name" Type="String">HanwhaFlex_HFLT-S412EN</Property>
			<Property Name="Thickness" Type="DimValue" Dimension="Length">1.771653543 mil</Property>
			<Property Name="Description" Type="String">HanwhaFlex_HFLT-S412EN;_(1MHz)</Property>
			<Property Name="Note" Type="String">Df=0.03</Property>
		</Entity>
		<Entity Id="6bd74f66-498b-4a10-94bc-38ab6d2a3055" TypeId="27d70fdc-4c4e-4774-bfac-7efbb48cde47" RevisionId="213f7ab1-e5f1-4f0d-a19c-886f418396cf" RevisionDate="2021-03-16T04:34:50.4370739Z">
			<Property Name="Constructions" Type="String">FCCLTaimide_EN_SS_Foil</Property>
			<Property Name="Resin" Type="DimValue" Dimension="Relative">0</Property>
			<Property Name="Frequency" Type="DimValue" Dimension="Frequency">1MHz</Property>
			<Property Name="DielectricConstant" Type="DimValue" Dimension="Dimensionless">3.6</Property>
			<Property Name="LossTangent" Type="DimValue" Dimension="Dimensionless">0.03</Property>
			<Property Name="GlassTransTemp" Type="DimValue" Dimension="Temperature">0</Property>
			<Property Name="Manufacturer" Type="String">Hanwha</Property>
			<Property Name="Name" Type="String">HanwhaFlex_HFLT-S222EN</Property>
			<Property Name="Thickness" Type="DimValue" Dimension="Length">0.885826772 mil</Property>
			<Property Name="Description" Type="String">HanwhaFlex_HFLT-S222EN;_(1MHz)</Property>
			<Property Name="Note" Type="String">Df=0.03</Property>
		</Entity>
		<Entity Id="6bd74f66-498b-4a10-94bc-38ab6d2a3056" TypeId="27d70fdc-4c4e-4774-bfac-7efbb48cde47" RevisionId="213f7ab1-e5f1-4f0d-a19c-886f418396cf" RevisionDate="2021-03-16T04:34:50.4370739Z">
			<Property Name="Constructions" Type="String">FCCL_Kapton_RA_SS_Foil</Property>
			<Property Name="Resin" Type="DimValue" Dimension="Relative">0</Property>
			<Property Name="Frequency" Type="DimValue" Dimension="Frequency">1MHz</Property>
			<Property Name="DielectricConstant" Type="DimValue" Dimension="Dimensionless">3.6</Property>
			<Property Name="LossTangent" Type="DimValue" Dimension="Dimensionless">0.03</Property>
			<Property Name="GlassTransTemp" Type="DimValue" Dimension="Temperature">0</Property>
			<Property Name="Manufacturer" Type="String">Hanwha</Property>
			<Property Name="Name" Type="String">HanwhaFlex_HFL-S541RN</Property>
			<Property Name="Thickness" Type="DimValue" Dimension="Length">2.952755906 mil</Property>
			<Property Name="Description" Type="String">HanwhaFlex_HFL-S541RN;_(1MHz)</Property>
			<Property Name="Note" Type="String">Df=0.03</Property>
		</Entity>
		<Entity Id="6bd74f66-498b-4a10-94bc-38ab6d2a3057" TypeId="27d70fdc-4c4e-4774-bfac-7efbb48cde47" RevisionId="213f7ab1-e5f1-4f0d-a19c-886f418396cf" RevisionDate="2021-03-16T04:34:50.4370739Z">
			<Property Name="Constructions" Type="String">FCCL_Kapton_RA_SS_Foil</Property>
			<Property Name="Resin" Type="DimValue" Dimension="Relative">0</Property>
			<Property Name="Frequency" Type="DimValue" Dimension="Frequency">1MHz</Property>
			<Property Name="DielectricConstant" Type="DimValue" Dimension="Dimensionless">3.6</Property>
			<Property Name="LossTangent" Type="DimValue" Dimension="Dimensionless">0.03</Property>
			<Property Name="GlassTransTemp" Type="DimValue" Dimension="Temperature">0</Property>
			<Property Name="Manufacturer" Type="String">Hanwha</Property>
			<Property Name="Name" Type="String">HanwhaFlex_HFL-S511RN</Property>
			<Property Name="Thickness" Type="DimValue" Dimension="Length">1.968503937 mil</Property>
			<Property Name="Description" Type="String">HanwhaFlex_HFL-S511RN;_(1MHz)</Property>
			<Property Name="Note" Type="String">Df=0.03</Property>
		</Entity>
		<Entity Id="6bd74f66-498b-4a10-94bc-38ab6d2a3058" TypeId="27d70fdc-4c4e-4774-bfac-7efbb48cde47" RevisionId="213f7ab1-e5f1-4f0d-a19c-886f418396cf" RevisionDate="2021-03-16T04:34:50.4370739Z">
			<Property Name="Constructions" Type="String">FCCL_Kapton_RA_SS_Foil</Property>
			<Property Name="Resin" Type="DimValue" Dimension="Relative">0</Property>
			<Property Name="Frequency" Type="DimValue" Dimension="Frequency">1MHz</Property>
			<Property Name="DielectricConstant" Type="DimValue" Dimension="Dimensionless">3.6</Property>
			<Property Name="LossTangent" Type="DimValue" Dimension="Dimensionless">0.03</Property>
			<Property Name="GlassTransTemp" Type="DimValue" Dimension="Temperature">0</Property>
			<Property Name="Manufacturer" Type="String">Hanwha</Property>
			<Property Name="Name" Type="String">HanwhaFlex_HFL-S512RN</Property>
			<Property Name="Thickness" Type="DimValue" Dimension="Length">1.968503937 mil</Property>
			<Property Name="Description" Type="String">HanwhaFlex_HFL-S512RN;_(1MHz)</Property>
			<Property Name="Note" Type="String">Df=0.03</Property>
		</Entity>
		<Entity Id="6bd74f66-498b-4a10-94bc-38ab6d2a3059" TypeId="27d70fdc-4c4e-4774-bfac-7efbb48cde47" RevisionId="213f7ab1-e5f1-4f0d-a19c-886f418396cf" RevisionDate="2021-03-16T04:34:50.4370739Z">
			<Property Name="Constructions" Type="String">FCCL_Kapton_EN_SS_Foil</Property>
			<Property Name="Resin" Type="DimValue" Dimension="Relative">0</Property>
			<Property Name="Frequency" Type="DimValue" Dimension="Frequency">1MHz</Property>
			<Property Name="DielectricConstant" Type="DimValue" Dimension="Dimensionless">3.6</Property>
			<Property Name="LossTangent" Type="DimValue" Dimension="Dimensionless">0.03</Property>
			<Property Name="GlassTransTemp" Type="DimValue" Dimension="Temperature">0</Property>
			<Property Name="Manufacturer" Type="String">Hanwha</Property>
			<Property Name="Name" Type="String">HanwhaFlex_HFL-S511EN</Property>
			<Property Name="Thickness" Type="DimValue" Dimension="Length">1.968503937 mil</Property>
			<Property Name="Description" Type="String">HanwhaFlex_HFL-S511_EN;_(1MHz)</Property>
			<Property Name="Note" Type="String">Df=0.03</Property>
		</Entity>
		<Entity Id="6bd74f66-498b-4a10-94bc-38ab6d2a3060" TypeId="27d70fdc-4c4e-4774-bfac-7efbb48cde47" RevisionId="213f7ab1-e5f1-4f0d-a19c-886f418396cf" RevisionDate="2021-03-16T04:34:50.4370739Z">
			<Property Name="Constructions" Type="String">FCCL_Kapton_EN_SS_Foil</Property>
			<Property Name="Resin" Type="DimValue" Dimension="Relative">0</Property>
			<Property Name="Frequency" Type="DimValue" Dimension="Frequency">1MHz</Property>
			<Property Name="DielectricConstant" Type="DimValue" Dimension="Dimensionless">3.6</Property>
			<Property Name="LossTangent" Type="DimValue" Dimension="Dimensionless">0.03</Property>
			<Property Name="GlassTransTemp" Type="DimValue" Dimension="Temperature">0</Property>
			<Property Name="Manufacturer" Type="String">Hanwha</Property>
			<Property Name="Name" Type="String">HanwhaFlex_HFL-S512EN</Property>
			<Property Name="Thickness" Type="DimValue" Dimension="Length">1.968503937 mil</Property>
			<Property Name="Description" Type="String">HanwhaFlex_HFL-S512EN;_(1MHz)</Property>
			<Property Name="Note" Type="String">Df=0.03</Property>
		</Entity>
		<Entity Id="6bd74f66-498b-4a10-94bc-38ab6d2a3061" TypeId="27d70fdc-4c4e-4774-bfac-7efbb48cde47" RevisionId="213f7ab1-e5f1-4f0d-a19c-886f418396cf" RevisionDate="2021-03-16T04:34:50.4370739Z">
			<Property Name="Constructions" Type="String">FCCL_Kapton_EN_SS_Foil</Property>
			<Property Name="Resin" Type="DimValue" Dimension="Relative">0</Property>
			<Property Name="Frequency" Type="DimValue" Dimension="Frequency">1MHz</Property>
			<Property Name="DielectricConstant" Type="DimValue" Dimension="Dimensionless">3.6</Property>
			<Property Name="LossTangent" Type="DimValue" Dimension="Dimensionless">0.03</Property>
			<Property Name="GlassTransTemp" Type="DimValue" Dimension="Temperature">0</Property>
			<Property Name="Manufacturer" Type="String">Hanwha</Property>
			<Property Name="Name" Type="String">HanwhaFlex_HFL-S411EN</Property>
			<Property Name="Thickness" Type="DimValue" Dimension="Length">1.771653543 mil</Property>
			<Property Name="Description" Type="String">HanwhaFlex_HFL-S411_EN;_(1MHz)</Property>
			<Property Name="Note" Type="String">Df=0.03</Property>
		</Entity>
		<Entity Id="6bd74f66-498b-4a10-94bc-38ab6d2a3062" TypeId="27d70fdc-4c4e-4774-bfac-7efbb48cde47" RevisionId="213f7ab1-e5f1-4f0d-a19c-886f418396cf" RevisionDate="2021-03-16T04:34:50.4370739Z">
			<Property Name="Constructions" Type="String">FCCL_Kapton_EN_SS_Foil</Property>
			<Property Name="Resin" Type="DimValue" Dimension="Relative">0</Property>
			<Property Name="Frequency" Type="DimValue" Dimension="Frequency">1MHz</Property>
			<Property Name="DielectricConstant" Type="DimValue" Dimension="Dimensionless">3.6</Property>
			<Property Name="LossTangent" Type="DimValue" Dimension="Dimensionless">0.03</Property>
			<Property Name="GlassTransTemp" Type="DimValue" Dimension="Temperature">0</Property>
			<Property Name="Manufacturer" Type="String">Hanwha</Property>
			<Property Name="Name" Type="String">HanwhaFlex_HFL-S412EN</Property>
			<Property Name="Thickness" Type="DimValue" Dimension="Length">1.771653543 mil</Property>
			<Property Name="Description" Type="String">HanwhaFlex_HFL-S412EN;_(1MHz)</Property>
			<Property Name="Note" Type="String">Df=0.03</Property>
		</Entity>
		<Entity Id="6bd74f66-498b-4a10-94bc-38ab6d2a3063" TypeId="27d70fdc-4c4e-4774-bfac-7efbb48cde47" RevisionId="213f7ab1-e5f1-4f0d-a19c-886f418396cf" RevisionDate="2021-03-16T04:34:50.4370739Z">
			<Property Name="Constructions" Type="String">FCCL_Kapton_EN_SS_Foil</Property>
			<Property Name="Resin" Type="DimValue" Dimension="Relative">0</Property>
			<Property Name="Frequency" Type="DimValue" Dimension="Frequency">1MHz</Property>
			<Property Name="DielectricConstant" Type="DimValue" Dimension="Dimensionless">3.6</Property>
			<Property Name="LossTangent" Type="DimValue" Dimension="Dimensionless">0.03</Property>
			<Property Name="GlassTransTemp" Type="DimValue" Dimension="Temperature">0</Property>
			<Property Name="Manufacturer" Type="String">Hanwha</Property>
			<Property Name="Name" Type="String">HanwhaFlex_HFL-S222EN</Property>
			<Property Name="Thickness" Type="DimValue" Dimension="Length">0.885826772 mil</Property>
			<Property Name="Description" Type="String">HanwhaFlex_HFL-S222EN;_(1MHz)</Property>
			<Property Name="Note" Type="String">Df=0.03</Property>
		</Entity>
	</Entities>
	<EntityExtensions />
</ExtensibleLibrary>
