﻿<?xml version="1.0" encoding="UTF-8"?>
<ExtensibleLibrary SerializerVersion="1.1.0.0" LibraryId="304daab4-9f31-485c-9cc0-983beabff0b4" Version="1.1.0.0" xmlns="http://altium.com/ns/Data/ExtensibleLibraries">
	<Types />
	<TypeExtensions />
	<Entities>
		<Entity Id="6bd74f66-498b-4a10-94bc-38ab6d2a2883" TypeId="27d70fdc-4c4e-4774-bfac-7efbb48cde47" RevisionId="213f7ab1-e5f1-4f0d-a19c-886f418396cf" RevisionDate="2021-03-16T04:34:50.4370739Z">
			<Property Name="Constructions" Type="String">1-1080</Property>
			<Property Name="Resin" Type="DimValue" Dimension="Relative">0</Property>
			<Property Name="Frequency" Type="DimValue" Dimension="Frequency">1MHz</Property>
			<Property Name="DielectricConstant" Type="DimValue" Dimension="Dimensionless">3.8</Property>
			<Property Name="LossTangent" Type="DimValue" Dimension="Dimensionless">0.015</Property>
			<Property Name="GlassTransTemp" Type="DimValue" Dimension="Temperature">185</Property>
			<Property Name="Manufacturer" Type="String">GE_Electromaterials</Property>
			<Property Name="Name" Type="String">Getek</Property>
			<Property Name="Thickness" Type="DimValue" Dimension="Length">2.7 mil</Property>
			<Property Name="Description" Type="String">Getek;_1080;_(1MHz)</Property>
			<Property Name="Note" Type="String">Tg=185C;_Df=0.015</Property>
		</Entity>
		<Entity Id="6bd74f66-498b-4a10-94bc-38ab6d2a2884" TypeId="27d70fdc-4c4e-4774-bfac-7efbb48cde47" RevisionId="213f7ab1-e5f1-4f0d-a19c-886f418396cf" RevisionDate="2021-03-16T04:34:50.4370739Z">
			<Property Name="Constructions" Type="String">1-2313</Property>
			<Property Name="Resin" Type="DimValue" Dimension="Relative">0</Property>
			<Property Name="Frequency" Type="DimValue" Dimension="Frequency">1MHz</Property>
			<Property Name="DielectricConstant" Type="DimValue" Dimension="Dimensionless">3.9</Property>
			<Property Name="LossTangent" Type="DimValue" Dimension="Dimensionless">0.015</Property>
			<Property Name="GlassTransTemp" Type="DimValue" Dimension="Temperature">185</Property>
			<Property Name="Manufacturer" Type="String">GE_Electromaterials</Property>
			<Property Name="Name" Type="String">Getek</Property>
			<Property Name="Thickness" Type="DimValue" Dimension="Length">4 mil</Property>
			<Property Name="Description" Type="String">Getek;_1-2313;_(1MHz)</Property>
			<Property Name="Note" Type="String">Tg=185C;_Df=0.015</Property>
		</Entity>
		<Entity Id="6bd74f66-498b-4a10-94bc-38ab6d2a2885" TypeId="27d70fdc-4c4e-4774-bfac-7efbb48cde47" RevisionId="213f7ab1-e5f1-4f0d-a19c-886f418396cf" RevisionDate="2021-03-16T04:34:50.4370739Z">
			<Property Name="Constructions" Type="String">1-2313/1-106</Property>
			<Property Name="Resin" Type="DimValue" Dimension="Relative">0</Property>
			<Property Name="Frequency" Type="DimValue" Dimension="Frequency">1MHz</Property>
			<Property Name="DielectricConstant" Type="DimValue" Dimension="Dimensionless">3.8</Property>
			<Property Name="LossTangent" Type="DimValue" Dimension="Dimensionless">0.015</Property>
			<Property Name="GlassTransTemp" Type="DimValue" Dimension="Temperature">185</Property>
			<Property Name="Manufacturer" Type="String">GE_Electromaterials</Property>
			<Property Name="Name" Type="String">Getek</Property>
			<Property Name="Thickness" Type="DimValue" Dimension="Length">5 mil</Property>
			<Property Name="Description" Type="String">Getek;_1-2313/1-106;_(1MHz)</Property>
			<Property Name="Note" Type="String">Tg=185C;_Df=0.015</Property>
		</Entity>
		<Entity Id="6bd74f66-498b-4a10-94bc-38ab6d2a2886" TypeId="27d70fdc-4c4e-4774-bfac-7efbb48cde47" RevisionId="213f7ab1-e5f1-4f0d-a19c-886f418396cf" RevisionDate="2021-03-16T04:34:50.4370739Z">
			<Property Name="Constructions" Type="String">1-2313/1-1080</Property>
			<Property Name="Resin" Type="DimValue" Dimension="Relative">0</Property>
			<Property Name="Frequency" Type="DimValue" Dimension="Frequency">1MHz</Property>
			<Property Name="DielectricConstant" Type="DimValue" Dimension="Dimensionless">3.9</Property>
			<Property Name="LossTangent" Type="DimValue" Dimension="Dimensionless">0.015</Property>
			<Property Name="GlassTransTemp" Type="DimValue" Dimension="Temperature">185</Property>
			<Property Name="Manufacturer" Type="String">GE_Electromaterials</Property>
			<Property Name="Name" Type="String">Getek</Property>
			<Property Name="Thickness" Type="DimValue" Dimension="Length">6 mil</Property>
			<Property Name="Description" Type="String">Getek;_1-2313/1-1080;_(1MHz)</Property>
			<Property Name="Note" Type="String">Tg=185C;_Df=0.015</Property>
		</Entity>
		<Entity Id="6bd74f66-498b-4a10-94bc-38ab6d2a2887" TypeId="27d70fdc-4c4e-4774-bfac-7efbb48cde47" RevisionId="213f7ab1-e5f1-4f0d-a19c-886f418396cf" RevisionDate="2021-03-16T04:34:50.4370739Z">
			<Property Name="Constructions" Type="String">2-2313</Property>
			<Property Name="Resin" Type="DimValue" Dimension="Relative">0</Property>
			<Property Name="Frequency" Type="DimValue" Dimension="Frequency">1MHz</Property>
			<Property Name="DielectricConstant" Type="DimValue" Dimension="Dimensionless">3.8</Property>
			<Property Name="LossTangent" Type="DimValue" Dimension="Dimensionless">0.015</Property>
			<Property Name="GlassTransTemp" Type="DimValue" Dimension="Temperature">185</Property>
			<Property Name="Manufacturer" Type="String">GE_Electromaterials</Property>
			<Property Name="Name" Type="String">Getek</Property>
			<Property Name="Thickness" Type="DimValue" Dimension="Length">7 mil</Property>
			<Property Name="Description" Type="String">Getek;_2-2313;_(1MHz)</Property>
			<Property Name="Note" Type="String">Tg=185C;_Df=0.015</Property>
		</Entity>
		<Entity Id="6bd74f66-498b-4a10-94bc-38ab6d2a2888" TypeId="27d70fdc-4c4e-4774-bfac-7efbb48cde47" RevisionId="213f7ab1-e5f1-4f0d-a19c-886f418396cf" RevisionDate="2021-03-16T04:34:50.4370739Z">
			<Property Name="Constructions" Type="String">1-2313/1-2116</Property>
			<Property Name="Resin" Type="DimValue" Dimension="Relative">0</Property>
			<Property Name="Frequency" Type="DimValue" Dimension="Frequency">1MHz</Property>
			<Property Name="DielectricConstant" Type="DimValue" Dimension="Dimensionless">3.9</Property>
			<Property Name="LossTangent" Type="DimValue" Dimension="Dimensionless">0.015</Property>
			<Property Name="GlassTransTemp" Type="DimValue" Dimension="Temperature">185</Property>
			<Property Name="Manufacturer" Type="String">GE_Electromaterials</Property>
			<Property Name="Name" Type="String">Getek</Property>
			<Property Name="Thickness" Type="DimValue" Dimension="Length">8 mil</Property>
			<Property Name="Description" Type="String">Getek;_1-2313/1-2116;_(1MHz)</Property>
			<Property Name="Note" Type="String">Tg=185C;_Df=0.015</Property>
		</Entity>
		<Entity Id="6bd74f66-498b-4a10-94bc-38ab6d2a2889" TypeId="27d70fdc-4c4e-4774-bfac-7efbb48cde47" RevisionId="213f7ab1-e5f1-4f0d-a19c-886f418396cf" RevisionDate="2021-03-16T04:34:50.4370739Z">
			<Property Name="Constructions" Type="String">2-2116</Property>
			<Property Name="Resin" Type="DimValue" Dimension="Relative">0</Property>
			<Property Name="Frequency" Type="DimValue" Dimension="Frequency">1MHz</Property>
			<Property Name="DielectricConstant" Type="DimValue" Dimension="Dimensionless">3.9</Property>
			<Property Name="LossTangent" Type="DimValue" Dimension="Dimensionless">0.015</Property>
			<Property Name="GlassTransTemp" Type="DimValue" Dimension="Temperature">185</Property>
			<Property Name="Manufacturer" Type="String">GE_Electromaterials</Property>
			<Property Name="Name" Type="String">Getek</Property>
			<Property Name="Thickness" Type="DimValue" Dimension="Length">10 mil</Property>
			<Property Name="Description" Type="String">Getek;_2-2116;_(1MHz)</Property>
			<Property Name="Note" Type="String">Tg=185C;_Df=0.015</Property>
		</Entity>
		<Entity Id="6bd74f66-498b-4a10-94bc-38ab6d2a2890" TypeId="27d70fdc-4c4e-4774-bfac-7efbb48cde47" RevisionId="213f7ab1-e5f1-4f0d-a19c-886f418396cf" RevisionDate="2021-03-16T04:34:50.4370739Z">
			<Property Name="Constructions" Type="String">1-1080/1-7628/1-1080</Property>
			<Property Name="Resin" Type="DimValue" Dimension="Relative">0</Property>
			<Property Name="Frequency" Type="DimValue" Dimension="Frequency">1MHz</Property>
			<Property Name="DielectricConstant" Type="DimValue" Dimension="Dimensionless">3.9</Property>
			<Property Name="LossTangent" Type="DimValue" Dimension="Dimensionless">0.015</Property>
			<Property Name="GlassTransTemp" Type="DimValue" Dimension="Temperature">185</Property>
			<Property Name="Manufacturer" Type="String">GE_Electromaterials</Property>
			<Property Name="Name" Type="String">Getek</Property>
			<Property Name="Thickness" Type="DimValue" Dimension="Length">12 mil</Property>
			<Property Name="Description" Type="String">Getek;_1-1080/1-7628/1-1080;_(1MHz)</Property>
			<Property Name="Note" Type="String">Tg=185C;_Df=0.015</Property>
		</Entity>
		<Entity Id="6bd74f66-498b-4a10-94bc-38ab6d2a2891" TypeId="27d70fdc-4c4e-4774-bfac-7efbb48cde47" RevisionId="213f7ab1-e5f1-4f0d-a19c-886f418396cf" RevisionDate="2021-03-16T04:34:50.4370739Z">
			<Property Name="Constructions" Type="String">2-7628</Property>
			<Property Name="Resin" Type="DimValue" Dimension="Relative">0</Property>
			<Property Name="Frequency" Type="DimValue" Dimension="Frequency">1MHz</Property>
			<Property Name="DielectricConstant" Type="DimValue" Dimension="Dimensionless">4.2</Property>
			<Property Name="LossTangent" Type="DimValue" Dimension="Dimensionless">0.015</Property>
			<Property Name="GlassTransTemp" Type="DimValue" Dimension="Temperature">185</Property>
			<Property Name="Manufacturer" Type="String">GE_Electromaterials</Property>
			<Property Name="Name" Type="String">Getek</Property>
			<Property Name="Thickness" Type="DimValue" Dimension="Length">14 mil</Property>
			<Property Name="Description" Type="String">Getek;_2-7628;_(1MHz)</Property>
			<Property Name="Note" Type="String">Tg=185C;_Df=0.015</Property>
		</Entity>
		<Entity Id="6bd74f66-498b-4a10-94bc-38ab6d2a2892" TypeId="27d70fdc-4c4e-4774-bfac-7efbb48cde47" RevisionId="213f7ab1-e5f1-4f0d-a19c-886f418396cf" RevisionDate="2021-03-16T04:34:50.4370739Z">
			<Property Name="Constructions" Type="String">1-7628/1-2313/1-7628</Property>
			<Property Name="Resin" Type="DimValue" Dimension="Relative">0</Property>
			<Property Name="Frequency" Type="DimValue" Dimension="Frequency">1MHz</Property>
			<Property Name="DielectricConstant" Type="DimValue" Dimension="Dimensionless">4.1</Property>
			<Property Name="LossTangent" Type="DimValue" Dimension="Dimensionless">0.015</Property>
			<Property Name="GlassTransTemp" Type="DimValue" Dimension="Temperature">185</Property>
			<Property Name="Manufacturer" Type="String">GE_Electromaterials</Property>
			<Property Name="Name" Type="String">Getek</Property>
			<Property Name="Thickness" Type="DimValue" Dimension="Length">18 mil</Property>
			<Property Name="Description" Type="String">Getek;_1-7628/1-2313/1-7628;_(1MHz)</Property>
			<Property Name="Note" Type="String">Tg=185C;_Df=0.015</Property>
		</Entity>
		<Entity Id="6bd74f66-498b-4a10-94bc-38ab6d2a2893" TypeId="27d70fdc-4c4e-4774-bfac-7efbb48cde47" RevisionId="213f7ab1-e5f1-4f0d-a19c-886f418396cf" RevisionDate="2021-03-16T04:34:50.4370739Z">
			<Property Name="Constructions" Type="String">3-7628</Property>
			<Property Name="Resin" Type="DimValue" Dimension="Relative">0</Property>
			<Property Name="Frequency" Type="DimValue" Dimension="Frequency">1MHz</Property>
			<Property Name="DielectricConstant" Type="DimValue" Dimension="Dimensionless">4.2</Property>
			<Property Name="LossTangent" Type="DimValue" Dimension="Dimensionless">0.015</Property>
			<Property Name="GlassTransTemp" Type="DimValue" Dimension="Temperature">185</Property>
			<Property Name="Manufacturer" Type="String">GE_Electromaterials</Property>
			<Property Name="Name" Type="String">Getek</Property>
			<Property Name="Thickness" Type="DimValue" Dimension="Length">21 mil</Property>
			<Property Name="Description" Type="String">Getek;_3-7628;_(1MHz)</Property>
			<Property Name="Note" Type="String">Tg=185C;_Df=0.015</Property>
		</Entity>
		<Entity Id="6bd74f66-498b-4a10-94bc-38ab6d2a2894" TypeId="27d70fdc-4c4e-4774-bfac-7efbb48cde47" RevisionId="213f7ab1-e5f1-4f0d-a19c-886f418396cf" RevisionDate="2021-03-16T04:34:50.4370739Z">
			<Property Name="Constructions" Type="String">2-2116/1-7628/1-2116</Property>
			<Property Name="Resin" Type="DimValue" Dimension="Relative">0</Property>
			<Property Name="Frequency" Type="DimValue" Dimension="Frequency">1MHz</Property>
			<Property Name="DielectricConstant" Type="DimValue" Dimension="Dimensionless">4.1</Property>
			<Property Name="LossTangent" Type="DimValue" Dimension="Dimensionless">0.015</Property>
			<Property Name="GlassTransTemp" Type="DimValue" Dimension="Temperature">185</Property>
			<Property Name="Manufacturer" Type="String">GE_Electromaterials</Property>
			<Property Name="Name" Type="String">Getek</Property>
			<Property Name="Thickness" Type="DimValue" Dimension="Length">24 mil</Property>
			<Property Name="Description" Type="String">Getek;_2-2116/1-7628/1-2116;_(1MHz)</Property>
			<Property Name="Note" Type="String">Tg=185C;_Df=0.015</Property>
		</Entity>
		<Entity Id="6bd74f66-498b-4a10-94bc-38ab6d2a2895" TypeId="27d70fdc-4c4e-4774-bfac-7efbb48cde47" RevisionId="213f7ab1-e5f1-4f0d-a19c-886f418396cf" RevisionDate="2021-03-16T04:34:50.4370739Z">
			<Property Name="Constructions" Type="String">4-7628</Property>
			<Property Name="Resin" Type="DimValue" Dimension="Relative">0</Property>
			<Property Name="Frequency" Type="DimValue" Dimension="Frequency">1MHz</Property>
			<Property Name="DielectricConstant" Type="DimValue" Dimension="Dimensionless">4.2</Property>
			<Property Name="LossTangent" Type="DimValue" Dimension="Dimensionless">0.015</Property>
			<Property Name="GlassTransTemp" Type="DimValue" Dimension="Temperature">185</Property>
			<Property Name="Manufacturer" Type="String">GE_Electromaterials</Property>
			<Property Name="Name" Type="String">Getek</Property>
			<Property Name="Thickness" Type="DimValue" Dimension="Length">28 mil</Property>
			<Property Name="Description" Type="String">Getek;_4-7628;_(1MHz)</Property>
			<Property Name="Note" Type="String">Tg=185C;_Df=0.015</Property>
		</Entity>
		<Entity Id="6bd74f66-498b-4a10-94bc-38ab6d2a2896" TypeId="27d70fdc-4c4e-4774-bfac-7efbb48cde47" RevisionId="213f7ab1-e5f1-4f0d-a19c-886f418396cf" RevisionDate="2021-03-16T04:34:50.4370739Z">
			<Property Name="Constructions" Type="String">1-1080/3-2313/1-2116/1-2313/1-1080</Property>
			<Property Name="Resin" Type="DimValue" Dimension="Relative">0</Property>
			<Property Name="Frequency" Type="DimValue" Dimension="Frequency">1MHz</Property>
			<Property Name="DielectricConstant" Type="DimValue" Dimension="Dimensionless">3.8</Property>
			<Property Name="LossTangent" Type="DimValue" Dimension="Dimensionless">0.015</Property>
			<Property Name="GlassTransTemp" Type="DimValue" Dimension="Temperature">185</Property>
			<Property Name="Manufacturer" Type="String">GE_Electromaterials</Property>
			<Property Name="Name" Type="String">Getek</Property>
			<Property Name="Thickness" Type="DimValue" Dimension="Length">28 mil</Property>
			<Property Name="Description" Type="String">Getek;_1-1080/3-2313/1-2116/1-2313/1-1080;_(1MHz)</Property>
			<Property Name="Note" Type="String">Tg=185C;_Df=0.015</Property>
		</Entity>
		<Entity Id="6bd74f66-498b-4a10-94bc-38ab6d2a2897" TypeId="27d70fdc-4c4e-4774-bfac-7efbb48cde47" RevisionId="213f7ab1-e5f1-4f0d-a19c-886f418396cf" RevisionDate="2021-03-16T04:34:50.4370739Z">
			<Property Name="Constructions" Type="String">3-2116/1-7628/1-2116</Property>
			<Property Name="Resin" Type="DimValue" Dimension="Relative">0</Property>
			<Property Name="Frequency" Type="DimValue" Dimension="Frequency">1MHz</Property>
			<Property Name="DielectricConstant" Type="DimValue" Dimension="Dimensionless">4.1</Property>
			<Property Name="LossTangent" Type="DimValue" Dimension="Dimensionless">0.015</Property>
			<Property Name="GlassTransTemp" Type="DimValue" Dimension="Temperature">185</Property>
			<Property Name="Manufacturer" Type="String">GE_Electromaterials</Property>
			<Property Name="Name" Type="String">Getek</Property>
			<Property Name="Thickness" Type="DimValue" Dimension="Length">31 mil</Property>
			<Property Name="Description" Type="String">Getek;_3-2116/1-7628/1-2116;_(1MHz)</Property>
			<Property Name="Note" Type="String">Tg=185C;_Df=0.015</Property>
		</Entity>
		<Entity Id="6bd74f66-498b-4a10-94bc-38ab6d2a2898" TypeId="27d70fdc-4c4e-4774-bfac-7efbb48cde47" RevisionId="213f7ab1-e5f1-4f0d-a19c-886f418396cf" RevisionDate="2021-03-16T04:34:50.4370739Z">
			<Property Name="Constructions" Type="String">4-7628</Property>
			<Property Name="Resin" Type="DimValue" Dimension="Relative">0</Property>
			<Property Name="Frequency" Type="DimValue" Dimension="Frequency">1MHz</Property>
			<Property Name="DielectricConstant" Type="DimValue" Dimension="Dimensionless">4.2</Property>
			<Property Name="LossTangent" Type="DimValue" Dimension="Dimensionless">0.015</Property>
			<Property Name="GlassTransTemp" Type="DimValue" Dimension="Temperature">185</Property>
			<Property Name="Manufacturer" Type="String">GE_Electromaterials</Property>
			<Property Name="Name" Type="String">Getek</Property>
			<Property Name="Thickness" Type="DimValue" Dimension="Length">31 mil</Property>
			<Property Name="Description" Type="String">Getek;_4-7628;_(1MHz)</Property>
			<Property Name="Note" Type="String">Tg=185C;_Df=0.015</Property>
		</Entity>
		<Entity Id="6bd74f66-498b-4a10-94bc-38ab6d2a2899" TypeId="27d70fdc-4c4e-4774-bfac-7efbb48cde47" RevisionId="213f7ab1-e5f1-4f0d-a19c-886f418396cf" RevisionDate="2021-03-16T04:34:50.4370739Z">
			<Property Name="Constructions" Type="String">6-7628</Property>
			<Property Name="Resin" Type="DimValue" Dimension="Relative">0</Property>
			<Property Name="Frequency" Type="DimValue" Dimension="Frequency">1MHz</Property>
			<Property Name="DielectricConstant" Type="DimValue" Dimension="Dimensionless">4.2</Property>
			<Property Name="LossTangent" Type="DimValue" Dimension="Dimensionless">0.015</Property>
			<Property Name="GlassTransTemp" Type="DimValue" Dimension="Temperature">185</Property>
			<Property Name="Manufacturer" Type="String">GE_Electromaterials</Property>
			<Property Name="Name" Type="String">Getek</Property>
			<Property Name="Thickness" Type="DimValue" Dimension="Length">44 mil</Property>
			<Property Name="Description" Type="String">Getek;_6-7628;_(1MHz)</Property>
			<Property Name="Note" Type="String">Tg=185C;_Df=0.015</Property>
		</Entity>
		<Entity Id="6bd74f66-498b-4a10-94bc-38ab6d2a2900" TypeId="27d70fdc-4c4e-4774-bfac-7efbb48cde47" RevisionId="213f7ab1-e5f1-4f0d-a19c-886f418396cf" RevisionDate="2021-03-16T04:34:50.4370739Z">
			<Property Name="Constructions" Type="String">8-7628</Property>
			<Property Name="Resin" Type="DimValue" Dimension="Relative">0</Property>
			<Property Name="Frequency" Type="DimValue" Dimension="Frequency">1MHz</Property>
			<Property Name="DielectricConstant" Type="DimValue" Dimension="Dimensionless">4.2</Property>
			<Property Name="LossTangent" Type="DimValue" Dimension="Dimensionless">0.015</Property>
			<Property Name="GlassTransTemp" Type="DimValue" Dimension="Temperature">185</Property>
			<Property Name="Manufacturer" Type="String">GE_Electromaterials</Property>
			<Property Name="Name" Type="String">Getek</Property>
			<Property Name="Thickness" Type="DimValue" Dimension="Length">59 mil</Property>
			<Property Name="Description" Type="String">Getek;_8-7628;_(1MHz)</Property>
			<Property Name="Note" Type="String">Tg=185C;_Df=0.015</Property>
		</Entity>
	</Entities>
	<EntityExtensions />
</ExtensibleLibrary>
