﻿<?xml version="1.0" encoding="UTF-8"?>
<ExtensibleLibrary SerializerVersion="1.1.0.0" LibraryId="304daab4-9f31-485c-9cc0-983beabff0b4" Version="1.1.0.0" xmlns="http://altium.com/ns/Data/ExtensibleLibraries">
	<Types />
	<TypeExtensions />
	<Entities>
		<Entity Id="6bd74f66-498b-4a10-94bc-38ab6d219394" TypeId="27d70fdc-4c4e-4774-bfac-7efbb48cde47" RevisionId="213f7ab1-e5f1-4f0d-a19c-886f418396cf" RevisionDate="2021-03-16T04:34:50.4370739Z">
			<Property Name="Constructions" Type="String">Polyimide/Adhesive</Property>
			<Property Name="Resin" Type="DimValue" Dimension="Relative">0</Property>
			<Property Name="Frequency" Type="DimValue" Dimension="Frequency">1MHz</Property>
			<Property Name="DielectricConstant" Type="DimValue" Dimension="Dimensionless">3.5</Property>
			<Property Name="LossTangent" Type="DimValue" Dimension="Dimensionless">0.015</Property>
			<Property Name="GlassTransTemp" Type="DimValue" Dimension="Temperature">0</Property>
			<Property Name="Manufacturer" Type="String">Sheldahl</Property>
			<Property Name="Name" Type="String">Flexbase_G1859_Polyimide_DS_Lam</Property>
			<Property Name="Thickness" Type="DimValue" Dimension="Length">2.4 mil</Property>
			<Property Name="Description" Type="String">Sheldahl_Flexbase_G1859_Polyimide_DS_Lam;_(1MHz)</Property>
			<Property Name="Note" Type="String">Df=0.015</Property>
		</Entity>
		<Entity Id="6bd74f66-498b-4a10-94bc-38ab6d219395" TypeId="27d70fdc-4c4e-4774-bfac-7efbb48cde47" RevisionId="213f7ab1-e5f1-4f0d-a19c-886f418396cf" RevisionDate="2021-03-16T04:34:50.4370739Z">
			<Property Name="Constructions" Type="String">Polyimide/Adhesive</Property>
			<Property Name="Resin" Type="DimValue" Dimension="Relative">0</Property>
			<Property Name="Frequency" Type="DimValue" Dimension="Frequency">1MHz</Property>
			<Property Name="DielectricConstant" Type="DimValue" Dimension="Dimensionless">3.5</Property>
			<Property Name="LossTangent" Type="DimValue" Dimension="Dimensionless">0.015</Property>
			<Property Name="GlassTransTemp" Type="DimValue" Dimension="Temperature">0</Property>
			<Property Name="Manufacturer" Type="String">Sheldahl</Property>
			<Property Name="Name" Type="String">Flexbase_G1859_Polyimide_DS_Lam</Property>
			<Property Name="Thickness" Type="DimValue" Dimension="Length">3.4 mil</Property>
			<Property Name="Description" Type="String">Sheldahl_Flexbase_G1859_Polyimide_DS_Lam;_(1MHz)</Property>
			<Property Name="Note" Type="String">Df=0.015</Property>
		</Entity>
		<Entity Id="6bd74f66-498b-4a10-94bc-38ab6d219396" TypeId="27d70fdc-4c4e-4774-bfac-7efbb48cde47" RevisionId="213f7ab1-e5f1-4f0d-a19c-886f418396cf" RevisionDate="2021-03-16T04:34:50.4370739Z">
			<Property Name="Constructions" Type="String">Polyimide/Adhesive</Property>
			<Property Name="Resin" Type="DimValue" Dimension="Relative">0</Property>
			<Property Name="Frequency" Type="DimValue" Dimension="Frequency">1MHz</Property>
			<Property Name="DielectricConstant" Type="DimValue" Dimension="Dimensionless">3.5</Property>
			<Property Name="LossTangent" Type="DimValue" Dimension="Dimensionless">0.015</Property>
			<Property Name="GlassTransTemp" Type="DimValue" Dimension="Temperature">0</Property>
			<Property Name="Manufacturer" Type="String">Sheldahl</Property>
			<Property Name="Name" Type="String">Flexbase_G1859_Polyimide_DS_Lam</Property>
			<Property Name="Thickness" Type="DimValue" Dimension="Length">4.4 mil</Property>
			<Property Name="Description" Type="String">Sheldahl_Flexbase_G1859_Polyimide_DS_Lam;_(1MHz)</Property>
			<Property Name="Note" Type="String">Df=0.015</Property>
		</Entity>
		<Entity Id="6bd74f66-498b-4a10-94bc-38ab6d219397" TypeId="27d70fdc-4c4e-4774-bfac-7efbb48cde47" RevisionId="213f7ab1-e5f1-4f0d-a19c-886f418396cf" RevisionDate="2021-03-16T04:34:50.4370739Z">
			<Property Name="Constructions" Type="String">Polyimide/Adhesive</Property>
			<Property Name="Resin" Type="DimValue" Dimension="Relative">0</Property>
			<Property Name="Frequency" Type="DimValue" Dimension="Frequency">1MHz</Property>
			<Property Name="DielectricConstant" Type="DimValue" Dimension="Dimensionless">3.5</Property>
			<Property Name="LossTangent" Type="DimValue" Dimension="Dimensionless">0.015</Property>
			<Property Name="GlassTransTemp" Type="DimValue" Dimension="Temperature">0</Property>
			<Property Name="Manufacturer" Type="String">Sheldahl</Property>
			<Property Name="Name" Type="String">Flexbase_G1859_Polyimide_DS_Lam</Property>
			<Property Name="Thickness" Type="DimValue" Dimension="Length">6.4 mil</Property>
			<Property Name="Description" Type="String">Sheldahl_Flexbase_G1859_Polyimide_DS_Lam;_(1MHz)</Property>
			<Property Name="Note" Type="String">Df=0.015</Property>
		</Entity>
		<Entity Id="6bd74f66-498b-4a10-94bc-38ab6d219398" TypeId="27d70fdc-4c4e-4774-bfac-7efbb48cde47" RevisionId="213f7ab1-e5f1-4f0d-a19c-886f418396cf" RevisionDate="2021-03-16T04:34:50.4370739Z">
			<Property Name="Constructions" Type="String">Polyimide/Adhesive</Property>
			<Property Name="Resin" Type="DimValue" Dimension="Relative">0</Property>
			<Property Name="Frequency" Type="DimValue" Dimension="Frequency">1MHz</Property>
			<Property Name="DielectricConstant" Type="DimValue" Dimension="Dimensionless">3.5</Property>
			<Property Name="LossTangent" Type="DimValue" Dimension="Dimensionless">0.015</Property>
			<Property Name="GlassTransTemp" Type="DimValue" Dimension="Temperature">0</Property>
			<Property Name="Manufacturer" Type="String">Sheldahl</Property>
			<Property Name="Name" Type="String">Flexbase_G1859_Polyimide_SS_Lam</Property>
			<Property Name="Thickness" Type="DimValue" Dimension="Length">2.4 mil</Property>
			<Property Name="Description" Type="String">Sheldahl_Flexbase_G1859_Polyimide_SS_Lam;_(1MHz)</Property>
			<Property Name="Note" Type="String">Df=0.015</Property>
		</Entity>
		<Entity Id="6bd74f66-498b-4a10-94bc-38ab6d219399" TypeId="27d70fdc-4c4e-4774-bfac-7efbb48cde47" RevisionId="213f7ab1-e5f1-4f0d-a19c-886f418396cf" RevisionDate="2021-03-16T04:34:50.4370739Z">
			<Property Name="Constructions" Type="String">Polyimide/Adhesive</Property>
			<Property Name="Resin" Type="DimValue" Dimension="Relative">0</Property>
			<Property Name="Frequency" Type="DimValue" Dimension="Frequency">1MHz</Property>
			<Property Name="DielectricConstant" Type="DimValue" Dimension="Dimensionless">3.5</Property>
			<Property Name="LossTangent" Type="DimValue" Dimension="Dimensionless">0.015</Property>
			<Property Name="GlassTransTemp" Type="DimValue" Dimension="Temperature">0</Property>
			<Property Name="Manufacturer" Type="String">Sheldahl</Property>
			<Property Name="Name" Type="String">Flexbase_G1859_Polyimide_SS_Lam</Property>
			<Property Name="Thickness" Type="DimValue" Dimension="Length">3.4 mil</Property>
			<Property Name="Description" Type="String">Sheldahl_Flexbase_G1859_Polyimide_SS_Lam;_(1MHz)</Property>
			<Property Name="Note" Type="String">Df=0.015</Property>
		</Entity>
		<Entity Id="6bd74f66-498b-4a10-94bc-38ab6d219400" TypeId="27d70fdc-4c4e-4774-bfac-7efbb48cde47" RevisionId="213f7ab1-e5f1-4f0d-a19c-886f418396cf" RevisionDate="2021-03-16T04:34:50.4370739Z">
			<Property Name="Constructions" Type="String">Polyimide/Adhesive</Property>
			<Property Name="Resin" Type="DimValue" Dimension="Relative">0</Property>
			<Property Name="Frequency" Type="DimValue" Dimension="Frequency">1MHz</Property>
			<Property Name="DielectricConstant" Type="DimValue" Dimension="Dimensionless">3.5</Property>
			<Property Name="LossTangent" Type="DimValue" Dimension="Dimensionless">0.015</Property>
			<Property Name="GlassTransTemp" Type="DimValue" Dimension="Temperature">0</Property>
			<Property Name="Manufacturer" Type="String">Sheldahl</Property>
			<Property Name="Name" Type="String">Flexbase_G1859_Polyimide_SS_Lam</Property>
			<Property Name="Thickness" Type="DimValue" Dimension="Length">4.4 mil</Property>
			<Property Name="Description" Type="String">Sheldahl_Flexbase_G1859_Polyimide_SS_Lam;_(1MHz)</Property>
			<Property Name="Note" Type="String">Df=0.015</Property>
		</Entity>
		<Entity Id="6bd74f66-498b-4a10-94bc-38ab6d219401" TypeId="27d70fdc-4c4e-4774-bfac-7efbb48cde47" RevisionId="213f7ab1-e5f1-4f0d-a19c-886f418396cf" RevisionDate="2021-03-16T04:34:50.4370739Z">
			<Property Name="Constructions" Type="String">Polyimide/Adhesive</Property>
			<Property Name="Resin" Type="DimValue" Dimension="Relative">0</Property>
			<Property Name="Frequency" Type="DimValue" Dimension="Frequency">1MHz</Property>
			<Property Name="DielectricConstant" Type="DimValue" Dimension="Dimensionless">3.5</Property>
			<Property Name="LossTangent" Type="DimValue" Dimension="Dimensionless">0.015</Property>
			<Property Name="GlassTransTemp" Type="DimValue" Dimension="Temperature">0</Property>
			<Property Name="Manufacturer" Type="String">Sheldahl</Property>
			<Property Name="Name" Type="String">Flexbase_G1859_Polyimide_SS_Lam</Property>
			<Property Name="Thickness" Type="DimValue" Dimension="Length">6.4 mil</Property>
			<Property Name="Description" Type="String">Sheldahl_Flexbase_G1859_Polyimide_SS_Lam;_(1MHz)</Property>
			<Property Name="Note" Type="String">Df=0.015</Property>
		</Entity>
		<Entity Id="6bd74f66-498b-4a10-94bc-38ab6d219402" TypeId="27d70fdc-4c4e-4774-bfac-7efbb48cde47" RevisionId="213f7ab1-e5f1-4f0d-a19c-886f418396cf" RevisionDate="2021-03-16T04:34:50.4370739Z">
			<Property Name="Constructions" Type="String">Polyimide/Adhesive</Property>
			<Property Name="Resin" Type="DimValue" Dimension="Relative">0</Property>
			<Property Name="Frequency" Type="DimValue" Dimension="Frequency">1KHz</Property>
			<Property Name="DielectricConstant" Type="DimValue" Dimension="Dimensionless">3.4</Property>
			<Property Name="LossTangent" Type="DimValue" Dimension="Dimensionless">0.002</Property>
			<Property Name="GlassTransTemp" Type="DimValue" Dimension="Temperature">0</Property>
			<Property Name="Manufacturer" Type="String">Sheldahl</Property>
			<Property Name="Name" Type="String">Flexbase_G1860_Polyimide_DS_Lam</Property>
			<Property Name="Thickness" Type="DimValue" Dimension="Length">2.401574803 mil</Property>
			<Property Name="Description" Type="String">Sheldahl_Flexbase_G1860_Polyimide_DS_Lam;_(1KHz)</Property>
			<Property Name="Note" Type="String">Df=0.002</Property>
		</Entity>
		<Entity Id="6bd74f66-498b-4a10-94bc-38ab6d219403" TypeId="27d70fdc-4c4e-4774-bfac-7efbb48cde47" RevisionId="213f7ab1-e5f1-4f0d-a19c-886f418396cf" RevisionDate="2021-03-16T04:34:50.4370739Z">
			<Property Name="Constructions" Type="String">Polyimide/Adhesive</Property>
			<Property Name="Resin" Type="DimValue" Dimension="Relative">0</Property>
			<Property Name="Frequency" Type="DimValue" Dimension="Frequency">1KHz</Property>
			<Property Name="DielectricConstant" Type="DimValue" Dimension="Dimensionless">3.4</Property>
			<Property Name="LossTangent" Type="DimValue" Dimension="Dimensionless">0.002</Property>
			<Property Name="GlassTransTemp" Type="DimValue" Dimension="Temperature">0</Property>
			<Property Name="Manufacturer" Type="String">Sheldahl</Property>
			<Property Name="Name" Type="String">Flexbase_G1860_Polyimide_DS_Lam</Property>
			<Property Name="Thickness" Type="DimValue" Dimension="Length">3.385826772 mil</Property>
			<Property Name="Description" Type="String">Sheldahl_Flexbase_G1860_Polyimide_DS_Lam;_(1KHz)</Property>
			<Property Name="Note" Type="String">Df=0.002</Property>
		</Entity>
		<Entity Id="6bd74f66-498b-4a10-94bc-38ab6d219404" TypeId="27d70fdc-4c4e-4774-bfac-7efbb48cde47" RevisionId="213f7ab1-e5f1-4f0d-a19c-886f418396cf" RevisionDate="2021-03-16T04:34:50.4370739Z">
			<Property Name="Constructions" Type="String">Polyimide/Adhesive</Property>
			<Property Name="Resin" Type="DimValue" Dimension="Relative">0</Property>
			<Property Name="Frequency" Type="DimValue" Dimension="Frequency">1KHz</Property>
			<Property Name="DielectricConstant" Type="DimValue" Dimension="Dimensionless">3.4</Property>
			<Property Name="LossTangent" Type="DimValue" Dimension="Dimensionless">0.002</Property>
			<Property Name="GlassTransTemp" Type="DimValue" Dimension="Temperature">0</Property>
			<Property Name="Manufacturer" Type="String">Sheldahl</Property>
			<Property Name="Name" Type="String">Flexbase_G1860_Polyimide_DS_Lam</Property>
			<Property Name="Thickness" Type="DimValue" Dimension="Length">6.338582677 mil</Property>
			<Property Name="Description" Type="String">Sheldahl_Flexbase_G1860_Polyimide_DS_Lam;_(1KHz)</Property>
			<Property Name="Note" Type="String">Df=0.002</Property>
		</Entity>
		<Entity Id="6bd74f66-498b-4a10-94bc-38ab6d219405" TypeId="27d70fdc-4c4e-4774-bfac-7efbb48cde47" RevisionId="213f7ab1-e5f1-4f0d-a19c-886f418396cf" RevisionDate="2021-03-16T04:34:50.4370739Z">
			<Property Name="Constructions" Type="String">Polyimide/Adhesive</Property>
			<Property Name="Resin" Type="DimValue" Dimension="Relative">0</Property>
			<Property Name="Frequency" Type="DimValue" Dimension="Frequency">1KHz</Property>
			<Property Name="DielectricConstant" Type="DimValue" Dimension="Dimensionless">3.4</Property>
			<Property Name="LossTangent" Type="DimValue" Dimension="Dimensionless">0.002</Property>
			<Property Name="GlassTransTemp" Type="DimValue" Dimension="Temperature">0</Property>
			<Property Name="Manufacturer" Type="String">Sheldahl</Property>
			<Property Name="Name" Type="String">Flexbase_G1860_Polyimide_SS_Lam</Property>
			<Property Name="Thickness" Type="DimValue" Dimension="Length">1.692913386 mil</Property>
			<Property Name="Description" Type="String">Sheldahl_Flexbase_G1860_Polyimide_SS_Lam;_(1KHz)</Property>
			<Property Name="Note" Type="String">Df=0.002</Property>
		</Entity>
		<Entity Id="6bd74f66-498b-4a10-94bc-38ab6d219406" TypeId="27d70fdc-4c4e-4774-bfac-7efbb48cde47" RevisionId="213f7ab1-e5f1-4f0d-a19c-886f418396cf" RevisionDate="2021-03-16T04:34:50.4370739Z">
			<Property Name="Constructions" Type="String">Polyimide/Adhesive</Property>
			<Property Name="Resin" Type="DimValue" Dimension="Relative">0</Property>
			<Property Name="Frequency" Type="DimValue" Dimension="Frequency">1KHz</Property>
			<Property Name="DielectricConstant" Type="DimValue" Dimension="Dimensionless">3.4</Property>
			<Property Name="LossTangent" Type="DimValue" Dimension="Dimensionless">0.002</Property>
			<Property Name="GlassTransTemp" Type="DimValue" Dimension="Temperature">0</Property>
			<Property Name="Manufacturer" Type="String">Sheldahl</Property>
			<Property Name="Name" Type="String">Flexbase_G1860_Polyimide_SS_Lam</Property>
			<Property Name="Thickness" Type="DimValue" Dimension="Length">2.677165354 mil</Property>
			<Property Name="Description" Type="String">Sheldahl_Flexbase_G1860_Polyimide_SS_Lam;_(1KHz)</Property>
			<Property Name="Note" Type="String">Df=0.002</Property>
		</Entity>
		<Entity Id="6bd74f66-498b-4a10-94bc-38ab6d219407" TypeId="27d70fdc-4c4e-4774-bfac-7efbb48cde47" RevisionId="213f7ab1-e5f1-4f0d-a19c-886f418396cf" RevisionDate="2021-03-16T04:34:50.4370739Z">
			<Property Name="Constructions" Type="String">Polyimide/Adhesive</Property>
			<Property Name="Resin" Type="DimValue" Dimension="Relative">0</Property>
			<Property Name="Frequency" Type="DimValue" Dimension="Frequency">1KHz</Property>
			<Property Name="DielectricConstant" Type="DimValue" Dimension="Dimensionless">3.4</Property>
			<Property Name="LossTangent" Type="DimValue" Dimension="Dimensionless">0.002</Property>
			<Property Name="GlassTransTemp" Type="DimValue" Dimension="Temperature">0</Property>
			<Property Name="Manufacturer" Type="String">Sheldahl</Property>
			<Property Name="Name" Type="String">Flexbase_G1860_Polyimide_SS_Lam</Property>
			<Property Name="Thickness" Type="DimValue" Dimension="Length">5.62992126 mil</Property>
			<Property Name="Description" Type="String">Sheldahl_Flexbase_G1860_Polyimide_SS_Lam;_(1KHz)</Property>
			<Property Name="Note" Type="String">Df=0.002</Property>
		</Entity>
		<Entity Id="6bd74f66-498b-4a10-94bc-38ab6d219408" TypeId="27d70fdc-4c4e-4774-bfac-7efbb48cde47" RevisionId="213f7ab1-e5f1-4f0d-a19c-886f418396cf" RevisionDate="2021-03-16T04:34:50.4370739Z">
			<Property Name="Constructions" Type="String">Polyimide/Adhesive</Property>
			<Property Name="Resin" Type="DimValue" Dimension="Relative">0</Property>
			<Property Name="Frequency" Type="DimValue" Dimension="Frequency">1MHz</Property>
			<Property Name="DielectricConstant" Type="DimValue" Dimension="Dimensionless">3.4</Property>
			<Property Name="LossTangent" Type="DimValue" Dimension="Dimensionless">0.002</Property>
			<Property Name="GlassTransTemp" Type="DimValue" Dimension="Temperature">0</Property>
			<Property Name="Manufacturer" Type="String">Sheldahl</Property>
			<Property Name="Name" Type="String">Flexbase_G1860_Polyimide_DS_Lam</Property>
			<Property Name="Thickness" Type="DimValue" Dimension="Length">2.4 mil</Property>
			<Property Name="Description" Type="String">Sheldahl_Flexbase_G1860_Polyimide_DS_Lam;_(1MHz)</Property>
			<Property Name="Note" Type="String">Df=0.002</Property>
		</Entity>
		<Entity Id="6bd74f66-498b-4a10-94bc-38ab6d219409" TypeId="27d70fdc-4c4e-4774-bfac-7efbb48cde47" RevisionId="213f7ab1-e5f1-4f0d-a19c-886f418396cf" RevisionDate="2021-03-16T04:34:50.4370739Z">
			<Property Name="Constructions" Type="String">Polyimide/Adhesive</Property>
			<Property Name="Resin" Type="DimValue" Dimension="Relative">0</Property>
			<Property Name="Frequency" Type="DimValue" Dimension="Frequency">1MHz</Property>
			<Property Name="DielectricConstant" Type="DimValue" Dimension="Dimensionless">3.4</Property>
			<Property Name="LossTangent" Type="DimValue" Dimension="Dimensionless">0.002</Property>
			<Property Name="GlassTransTemp" Type="DimValue" Dimension="Temperature">0</Property>
			<Property Name="Manufacturer" Type="String">Sheldahl</Property>
			<Property Name="Name" Type="String">Flexbase_G1860_Polyimide_DS_Lam</Property>
			<Property Name="Thickness" Type="DimValue" Dimension="Length">3.4 mil</Property>
			<Property Name="Description" Type="String">Sheldahl_Flexbase_G1860_Polyimide_DS_Lam;_(1MHz)</Property>
			<Property Name="Note" Type="String">Df=0.002</Property>
		</Entity>
		<Entity Id="6bd74f66-498b-4a10-94bc-38ab6d219410" TypeId="27d70fdc-4c4e-4774-bfac-7efbb48cde47" RevisionId="213f7ab1-e5f1-4f0d-a19c-886f418396cf" RevisionDate="2021-03-16T04:34:50.4370739Z">
			<Property Name="Constructions" Type="String">Polyimide/Adhesive</Property>
			<Property Name="Resin" Type="DimValue" Dimension="Relative">0</Property>
			<Property Name="Frequency" Type="DimValue" Dimension="Frequency">1MHz</Property>
			<Property Name="DielectricConstant" Type="DimValue" Dimension="Dimensionless">3.4</Property>
			<Property Name="LossTangent" Type="DimValue" Dimension="Dimensionless">0.002</Property>
			<Property Name="GlassTransTemp" Type="DimValue" Dimension="Temperature">0</Property>
			<Property Name="Manufacturer" Type="String">Sheldahl</Property>
			<Property Name="Name" Type="String">Flexbase_G1860_Polyimide_DS_Lam</Property>
			<Property Name="Thickness" Type="DimValue" Dimension="Length">6.4 mil</Property>
			<Property Name="Description" Type="String">Sheldahl_Flexbase_G1860_Polyimide_DS_Lam;_(1MHz)</Property>
			<Property Name="Note" Type="String">Df=0.002</Property>
		</Entity>
		<Entity Id="6bd74f66-498b-4a10-94bc-38ab6d219411" TypeId="27d70fdc-4c4e-4774-bfac-7efbb48cde47" RevisionId="213f7ab1-e5f1-4f0d-a19c-886f418396cf" RevisionDate="2021-03-16T04:34:50.4370739Z">
			<Property Name="Constructions" Type="String">Polyimide/Adhesive</Property>
			<Property Name="Resin" Type="DimValue" Dimension="Relative">0</Property>
			<Property Name="Frequency" Type="DimValue" Dimension="Frequency">1MHz</Property>
			<Property Name="DielectricConstant" Type="DimValue" Dimension="Dimensionless">3.4</Property>
			<Property Name="LossTangent" Type="DimValue" Dimension="Dimensionless">0.002</Property>
			<Property Name="GlassTransTemp" Type="DimValue" Dimension="Temperature">0</Property>
			<Property Name="Manufacturer" Type="String">Sheldahl</Property>
			<Property Name="Name" Type="String">Flexbase_G1860_Polyimide_SS_Lam</Property>
			<Property Name="Thickness" Type="DimValue" Dimension="Length">2.4 mil</Property>
			<Property Name="Description" Type="String">Sheldahl_Flexbase_G1860_Polyimide_SS_Lam;_(1MHz)</Property>
			<Property Name="Note" Type="String">Df=0.002</Property>
		</Entity>
		<Entity Id="6bd74f66-498b-4a10-94bc-38ab6d219412" TypeId="27d70fdc-4c4e-4774-bfac-7efbb48cde47" RevisionId="213f7ab1-e5f1-4f0d-a19c-886f418396cf" RevisionDate="2021-03-16T04:34:50.4370739Z">
			<Property Name="Constructions" Type="String">Polyimide/Adhesive</Property>
			<Property Name="Resin" Type="DimValue" Dimension="Relative">0</Property>
			<Property Name="Frequency" Type="DimValue" Dimension="Frequency">1MHz</Property>
			<Property Name="DielectricConstant" Type="DimValue" Dimension="Dimensionless">3.4</Property>
			<Property Name="LossTangent" Type="DimValue" Dimension="Dimensionless">0.002</Property>
			<Property Name="GlassTransTemp" Type="DimValue" Dimension="Temperature">0</Property>
			<Property Name="Manufacturer" Type="String">Sheldahl</Property>
			<Property Name="Name" Type="String">Flexbase_G1860_Polyimide_SS_Lam</Property>
			<Property Name="Thickness" Type="DimValue" Dimension="Length">3.4 mil</Property>
			<Property Name="Description" Type="String">Sheldahl_Flexbase_G1860_Polyimide_SS_Lam;_(1MHz)</Property>
			<Property Name="Note" Type="String">Df=0.002</Property>
		</Entity>
		<Entity Id="6bd74f66-498b-4a10-94bc-38ab6d219413" TypeId="27d70fdc-4c4e-4774-bfac-7efbb48cde47" RevisionId="213f7ab1-e5f1-4f0d-a19c-886f418396cf" RevisionDate="2021-03-16T04:34:50.4370739Z">
			<Property Name="Constructions" Type="String">Polyimide/Adhesive</Property>
			<Property Name="Resin" Type="DimValue" Dimension="Relative">0</Property>
			<Property Name="Frequency" Type="DimValue" Dimension="Frequency">1MHz</Property>
			<Property Name="DielectricConstant" Type="DimValue" Dimension="Dimensionless">3.4</Property>
			<Property Name="LossTangent" Type="DimValue" Dimension="Dimensionless">0.002</Property>
			<Property Name="GlassTransTemp" Type="DimValue" Dimension="Temperature">0</Property>
			<Property Name="Manufacturer" Type="String">Sheldahl</Property>
			<Property Name="Name" Type="String">Flexbase_G1860_Polyimide_SS_Lam</Property>
			<Property Name="Thickness" Type="DimValue" Dimension="Length">6.4 mil</Property>
			<Property Name="Description" Type="String">Sheldahl_Flexbase_G1860_Polyimide_SS_Lam;_(1MHz)</Property>
			<Property Name="Note" Type="String">Df=0.002</Property>
		</Entity>
		<Entity Id="6bd74f66-498b-4a10-94bc-38ab6d219414" TypeId="27d70fdc-4c4e-4774-bfac-7efbb48cde47" RevisionId="213f7ab1-e5f1-4f0d-a19c-886f418396cf" RevisionDate="2021-03-16T04:34:50.4370739Z">
			<Property Name="Constructions" Type="String">Polyimide/Adhesive</Property>
			<Property Name="Resin" Type="DimValue" Dimension="Relative">0</Property>
			<Property Name="Frequency" Type="DimValue" Dimension="Frequency">1MHz</Property>
			<Property Name="DielectricConstant" Type="DimValue" Dimension="Dimensionless">3.4</Property>
			<Property Name="LossTangent" Type="DimValue" Dimension="Dimensionless">0.002</Property>
			<Property Name="GlassTransTemp" Type="DimValue" Dimension="Temperature">0</Property>
			<Property Name="Manufacturer" Type="String">Sheldahl</Property>
			<Property Name="Name" Type="String">Flexbase_G1932_Polyimide_DS_Lam</Property>
			<Property Name="Thickness" Type="DimValue" Dimension="Length">2.2 mil</Property>
			<Property Name="Description" Type="String">Sheldahl_Flexbase_G1932_Polyimide_DS_Lam;_(1MHz)</Property>
			<Property Name="Note" Type="String">Df=0.002</Property>
		</Entity>
		<Entity Id="6bd74f66-498b-4a10-94bc-38ab6d219415" TypeId="27d70fdc-4c4e-4774-bfac-7efbb48cde47" RevisionId="213f7ab1-e5f1-4f0d-a19c-886f418396cf" RevisionDate="2021-03-16T04:34:50.4370739Z">
			<Property Name="Constructions" Type="String">Polyimide/Adhesive</Property>
			<Property Name="Resin" Type="DimValue" Dimension="Relative">0</Property>
			<Property Name="Frequency" Type="DimValue" Dimension="Frequency">1MHz</Property>
			<Property Name="DielectricConstant" Type="DimValue" Dimension="Dimensionless">3.4</Property>
			<Property Name="LossTangent" Type="DimValue" Dimension="Dimensionless">0.002</Property>
			<Property Name="GlassTransTemp" Type="DimValue" Dimension="Temperature">0</Property>
			<Property Name="Manufacturer" Type="String">Sheldahl</Property>
			<Property Name="Name" Type="String">Flexbase_G1932_Polyimide_DS_Lam</Property>
			<Property Name="Thickness" Type="DimValue" Dimension="Length">3.2 mil</Property>
			<Property Name="Description" Type="String">Sheldahl_Flexbase_G1932_Polyimide_DS_Lam;_(1MHz)</Property>
			<Property Name="Note" Type="String">Df=0.002</Property>
		</Entity>
		<Entity Id="6bd74f66-498b-4a10-94bc-38ab6d219416" TypeId="27d70fdc-4c4e-4774-bfac-7efbb48cde47" RevisionId="213f7ab1-e5f1-4f0d-a19c-886f418396cf" RevisionDate="2021-03-16T04:34:50.4370739Z">
			<Property Name="Constructions" Type="String">Polyimide/Adhesive</Property>
			<Property Name="Resin" Type="DimValue" Dimension="Relative">0</Property>
			<Property Name="Frequency" Type="DimValue" Dimension="Frequency">1MHz</Property>
			<Property Name="DielectricConstant" Type="DimValue" Dimension="Dimensionless">3.4</Property>
			<Property Name="LossTangent" Type="DimValue" Dimension="Dimensionless">0.002</Property>
			<Property Name="GlassTransTemp" Type="DimValue" Dimension="Temperature">0</Property>
			<Property Name="Manufacturer" Type="String">Sheldahl</Property>
			<Property Name="Name" Type="String">Flexbase_G1932_Polyimide_DS_Lam</Property>
			<Property Name="Thickness" Type="DimValue" Dimension="Length">6.2 mil</Property>
			<Property Name="Description" Type="String">Sheldahl_Flexbase_G1932_Polyimide_DS_Lam;_(1MHz)</Property>
			<Property Name="Note" Type="String">Df=0.002</Property>
		</Entity>
		<Entity Id="6bd74f66-498b-4a10-94bc-38ab6d219417" TypeId="27d70fdc-4c4e-4774-bfac-7efbb48cde47" RevisionId="213f7ab1-e5f1-4f0d-a19c-886f418396cf" RevisionDate="2021-03-16T04:34:50.4370739Z">
			<Property Name="Constructions" Type="String">Polyimide/Adhesive</Property>
			<Property Name="Resin" Type="DimValue" Dimension="Relative">0</Property>
			<Property Name="Frequency" Type="DimValue" Dimension="Frequency">1MHz</Property>
			<Property Name="DielectricConstant" Type="DimValue" Dimension="Dimensionless">3.4</Property>
			<Property Name="LossTangent" Type="DimValue" Dimension="Dimensionless">0.002</Property>
			<Property Name="GlassTransTemp" Type="DimValue" Dimension="Temperature">0</Property>
			<Property Name="Manufacturer" Type="String">Sheldahl</Property>
			<Property Name="Name" Type="String">Flexbase_G1932_Polyimide_SS_Lam</Property>
			<Property Name="Thickness" Type="DimValue" Dimension="Length">2.2 mil</Property>
			<Property Name="Description" Type="String">Sheldahl_Flexbase_G1932_Polyimide_SS_Lam;_(1MHz)</Property>
			<Property Name="Note" Type="String">Df=0.002</Property>
		</Entity>
		<Entity Id="6bd74f66-498b-4a10-94bc-38ab6d219418" TypeId="27d70fdc-4c4e-4774-bfac-7efbb48cde47" RevisionId="213f7ab1-e5f1-4f0d-a19c-886f418396cf" RevisionDate="2021-03-16T04:34:50.4370739Z">
			<Property Name="Constructions" Type="String">Polyimide/Adhesive</Property>
			<Property Name="Resin" Type="DimValue" Dimension="Relative">0</Property>
			<Property Name="Frequency" Type="DimValue" Dimension="Frequency">1MHz</Property>
			<Property Name="DielectricConstant" Type="DimValue" Dimension="Dimensionless">3.4</Property>
			<Property Name="LossTangent" Type="DimValue" Dimension="Dimensionless">0.002</Property>
			<Property Name="GlassTransTemp" Type="DimValue" Dimension="Temperature">0</Property>
			<Property Name="Manufacturer" Type="String">Sheldahl</Property>
			<Property Name="Name" Type="String">Flexbase_G1932_Polyimide_SS_Lam</Property>
			<Property Name="Thickness" Type="DimValue" Dimension="Length">3.2 mil</Property>
			<Property Name="Description" Type="String">Sheldahl_Flexbase_G1932_Polyimide_SS_Lam;_(1MHz)</Property>
			<Property Name="Note" Type="String">Df=0.002</Property>
		</Entity>
		<Entity Id="6bd74f66-498b-4a10-94bc-38ab6d219419" TypeId="27d70fdc-4c4e-4774-bfac-7efbb48cde47" RevisionId="213f7ab1-e5f1-4f0d-a19c-886f418396cf" RevisionDate="2021-03-16T04:34:50.4370739Z">
			<Property Name="Constructions" Type="String">Polyimide/Adhesive</Property>
			<Property Name="Resin" Type="DimValue" Dimension="Relative">0</Property>
			<Property Name="Frequency" Type="DimValue" Dimension="Frequency">1MHz</Property>
			<Property Name="DielectricConstant" Type="DimValue" Dimension="Dimensionless">3.4</Property>
			<Property Name="LossTangent" Type="DimValue" Dimension="Dimensionless">0.002</Property>
			<Property Name="GlassTransTemp" Type="DimValue" Dimension="Temperature">0</Property>
			<Property Name="Manufacturer" Type="String">Sheldahl</Property>
			<Property Name="Name" Type="String">Flexbase_G1932_Polyimide_SS_Lam</Property>
			<Property Name="Thickness" Type="DimValue" Dimension="Length">6.2 mil</Property>
			<Property Name="Description" Type="String">Sheldahl_Flexbase_G1932_Polyimide_SS_Lam;_(1MHz)</Property>
			<Property Name="Note" Type="String">Df=0.002</Property>
		</Entity>
		<Entity Id="6bd74f66-498b-4a10-94bc-38ab6d219420" TypeId="27d70fdc-4c4e-4774-bfac-7efbb48cde47" RevisionId="213f7ab1-e5f1-4f0d-a19c-886f418396cf" RevisionDate="2021-03-16T04:34:50.4370739Z">
			<Property Name="Constructions" Type="String">Polyester/Adhesive</Property>
			<Property Name="Resin" Type="DimValue" Dimension="Relative">0</Property>
			<Property Name="Frequency" Type="DimValue" Dimension="Frequency">1MHz</Property>
			<Property Name="DielectricConstant" Type="DimValue" Dimension="Dimensionless">3.5</Property>
			<Property Name="LossTangent" Type="DimValue" Dimension="Dimensionless">0.015</Property>
			<Property Name="GlassTransTemp" Type="DimValue" Dimension="Temperature">0</Property>
			<Property Name="Manufacturer" Type="String">Sheldahl</Property>
			<Property Name="Name" Type="String">Flexbase_G1964_Polyester_SS_Lam</Property>
			<Property Name="Thickness" Type="DimValue" Dimension="Length">2.480314961 mil</Property>
			<Property Name="Description" Type="String">Sheldahl_Flexbase_G1964_Polyester_SS_Lam;_(1MHz)</Property>
			<Property Name="Note" Type="String">Df=0.015</Property>
		</Entity>
		<Entity Id="6bd74f66-498b-4a10-94bc-38ab6d219421" TypeId="27d70fdc-4c4e-4774-bfac-7efbb48cde47" RevisionId="213f7ab1-e5f1-4f0d-a19c-886f418396cf" RevisionDate="2021-03-16T04:34:50.4370739Z">
			<Property Name="Constructions" Type="String">Polyester/Adhesive</Property>
			<Property Name="Resin" Type="DimValue" Dimension="Relative">0</Property>
			<Property Name="Frequency" Type="DimValue" Dimension="Frequency">1MHz</Property>
			<Property Name="DielectricConstant" Type="DimValue" Dimension="Dimensionless">3.5</Property>
			<Property Name="LossTangent" Type="DimValue" Dimension="Dimensionless">0.015</Property>
			<Property Name="GlassTransTemp" Type="DimValue" Dimension="Temperature">0</Property>
			<Property Name="Manufacturer" Type="String">Sheldahl</Property>
			<Property Name="Name" Type="String">Flexbase_G1964_Polyester_SS_Lam</Property>
			<Property Name="Thickness" Type="DimValue" Dimension="Length">3.464566929 mil</Property>
			<Property Name="Description" Type="String">Sheldahl_Flexbase_G1964_Polyester_SS_Lam;_(1MHz)</Property>
			<Property Name="Note" Type="String">Df=0.015</Property>
		</Entity>
		<Entity Id="6bd74f66-498b-4a10-94bc-38ab6d219422" TypeId="27d70fdc-4c4e-4774-bfac-7efbb48cde47" RevisionId="213f7ab1-e5f1-4f0d-a19c-886f418396cf" RevisionDate="2021-03-16T04:34:50.4370739Z">
			<Property Name="Constructions" Type="String">Polyester/Adhesive</Property>
			<Property Name="Resin" Type="DimValue" Dimension="Relative">0</Property>
			<Property Name="Frequency" Type="DimValue" Dimension="Frequency">1MHz</Property>
			<Property Name="DielectricConstant" Type="DimValue" Dimension="Dimensionless">3.5</Property>
			<Property Name="LossTangent" Type="DimValue" Dimension="Dimensionless">0.015</Property>
			<Property Name="GlassTransTemp" Type="DimValue" Dimension="Temperature">0</Property>
			<Property Name="Manufacturer" Type="String">Sheldahl</Property>
			<Property Name="Name" Type="String">Flexbase_G1964_Polyester_SS_Lam</Property>
			<Property Name="Thickness" Type="DimValue" Dimension="Length">4.448818898 mil</Property>
			<Property Name="Description" Type="String">Sheldahl_Flexbase_G1964_Polyester_SS_Lam:_(1MHz)</Property>
			<Property Name="Note" Type="String">Df=0.015</Property>
		</Entity>
		<Entity Id="6bd74f66-498b-4a10-94bc-38ab6d219423" TypeId="27d70fdc-4c4e-4774-bfac-7efbb48cde47" RevisionId="213f7ab1-e5f1-4f0d-a19c-886f418396cf" RevisionDate="2021-03-16T04:34:50.4370739Z">
			<Property Name="Constructions" Type="String">Polyester/Adhesive</Property>
			<Property Name="Resin" Type="DimValue" Dimension="Relative">0</Property>
			<Property Name="Frequency" Type="DimValue" Dimension="Frequency">1MHz</Property>
			<Property Name="DielectricConstant" Type="DimValue" Dimension="Dimensionless">3.5</Property>
			<Property Name="LossTangent" Type="DimValue" Dimension="Dimensionless">0.015</Property>
			<Property Name="GlassTransTemp" Type="DimValue" Dimension="Temperature">0</Property>
			<Property Name="Manufacturer" Type="String">Sheldahl</Property>
			<Property Name="Name" Type="String">Flexbase_G1964_Polyester_SS_Lam</Property>
			<Property Name="Thickness" Type="DimValue" Dimension="Length">6.417322835 mil</Property>
			<Property Name="Description" Type="String">Sheldahl_Flexbase_G1964_Polyester_SS_Lam:_(1MHz)</Property>
			<Property Name="Note" Type="String">Df=0.015</Property>
		</Entity>
		<Entity Id="6bd74f66-498b-4a10-94bc-38ab6d219424" TypeId="27d70fdc-4c4e-4774-bfac-7efbb48cde47" RevisionId="213f7ab1-e5f1-4f0d-a19c-886f418396cf" RevisionDate="2021-03-16T04:34:50.4370739Z">
			<Property Name="Constructions" Type="String">Polyester/Adhesive</Property>
			<Property Name="Resin" Type="DimValue" Dimension="Relative">0</Property>
			<Property Name="Frequency" Type="DimValue" Dimension="Frequency">1MHz</Property>
			<Property Name="DielectricConstant" Type="DimValue" Dimension="Dimensionless">3.5</Property>
			<Property Name="LossTangent" Type="DimValue" Dimension="Dimensionless">0.015</Property>
			<Property Name="GlassTransTemp" Type="DimValue" Dimension="Temperature">0</Property>
			<Property Name="Manufacturer" Type="String">Sheldahl</Property>
			<Property Name="Name" Type="String">Flexbase_G1966_Polyester_DS_Lam</Property>
			<Property Name="Thickness" Type="DimValue" Dimension="Length">2.165354331 mil</Property>
			<Property Name="Description" Type="String">Sheldahl_Flexbase_G1966_Polyester_DS_Lam:_(1MHz)</Property>
			<Property Name="Note" Type="String">Df=0.015</Property>
		</Entity>
		<Entity Id="6bd74f66-498b-4a10-94bc-38ab6d219425" TypeId="27d70fdc-4c4e-4774-bfac-7efbb48cde47" RevisionId="213f7ab1-e5f1-4f0d-a19c-886f418396cf" RevisionDate="2021-03-16T04:34:50.4370739Z">
			<Property Name="Constructions" Type="String">Polyester/Adhesive</Property>
			<Property Name="Resin" Type="DimValue" Dimension="Relative">0</Property>
			<Property Name="Frequency" Type="DimValue" Dimension="Frequency">1MHz</Property>
			<Property Name="DielectricConstant" Type="DimValue" Dimension="Dimensionless">3.5</Property>
			<Property Name="LossTangent" Type="DimValue" Dimension="Dimensionless">0.015</Property>
			<Property Name="GlassTransTemp" Type="DimValue" Dimension="Temperature">0</Property>
			<Property Name="Manufacturer" Type="String">Sheldahl</Property>
			<Property Name="Name" Type="String">Flexbase_G1966_Polyester_DS_Lam</Property>
			<Property Name="Thickness" Type="DimValue" Dimension="Length">3.149606299 mil</Property>
			<Property Name="Description" Type="String">Sheldahl_Flexbase_G1966_Polyester_DS_Lam:_(1MHz)</Property>
			<Property Name="Note" Type="String">Df=0.015</Property>
		</Entity>
		<Entity Id="6bd74f66-498b-4a10-94bc-38ab6d219426" TypeId="27d70fdc-4c4e-4774-bfac-7efbb48cde47" RevisionId="213f7ab1-e5f1-4f0d-a19c-886f418396cf" RevisionDate="2021-03-16T04:34:50.4370739Z">
			<Property Name="Constructions" Type="String">Polyester/Adhesive</Property>
			<Property Name="Resin" Type="DimValue" Dimension="Relative">0</Property>
			<Property Name="Frequency" Type="DimValue" Dimension="Frequency">1MHz</Property>
			<Property Name="DielectricConstant" Type="DimValue" Dimension="Dimensionless">3.5</Property>
			<Property Name="LossTangent" Type="DimValue" Dimension="Dimensionless">0.015</Property>
			<Property Name="GlassTransTemp" Type="DimValue" Dimension="Temperature">0</Property>
			<Property Name="Manufacturer" Type="String">Sheldahl</Property>
			<Property Name="Name" Type="String">Flexbase_G1966_Polyester_DS_Lam</Property>
			<Property Name="Thickness" Type="DimValue" Dimension="Length">4.133858268 mil</Property>
			<Property Name="Description" Type="String">Sheldahl_Flexbase_G1966_Polyester_DS_Lam:_(1MHz)</Property>
			<Property Name="Note" Type="String">Df=0.015</Property>
		</Entity>
		<Entity Id="6bd74f66-498b-4a10-94bc-38ab6d219427" TypeId="27d70fdc-4c4e-4774-bfac-7efbb48cde47" RevisionId="213f7ab1-e5f1-4f0d-a19c-886f418396cf" RevisionDate="2021-03-16T04:34:50.4370739Z">
			<Property Name="Constructions" Type="String">Polyester/Adhesive</Property>
			<Property Name="Resin" Type="DimValue" Dimension="Relative">0</Property>
			<Property Name="Frequency" Type="DimValue" Dimension="Frequency">1MHz</Property>
			<Property Name="DielectricConstant" Type="DimValue" Dimension="Dimensionless">3.5</Property>
			<Property Name="LossTangent" Type="DimValue" Dimension="Dimensionless">0.015</Property>
			<Property Name="GlassTransTemp" Type="DimValue" Dimension="Temperature">0</Property>
			<Property Name="Manufacturer" Type="String">Sheldahl</Property>
			<Property Name="Name" Type="String">Flexbase_G1966_Polyester_DS_Lam</Property>
			<Property Name="Thickness" Type="DimValue" Dimension="Length">6.102362205 mil</Property>
			<Property Name="Description" Type="String">Sheldahl_Flexbase_G1966_Polyester_DS_Lam:_(1MHz)</Property>
			<Property Name="Note" Type="String">Df=0.015</Property>
		</Entity>
		<Entity Id="6bd74f66-498b-4a10-94bc-38ab6d219428" TypeId="27d70fdc-4c4e-4774-bfac-7efbb48cde47" RevisionId="213f7ab1-e5f1-4f0d-a19c-886f418396cf" RevisionDate="2021-03-16T04:34:50.4370739Z">
			<Property Name="Constructions" Type="String">Polyester/Adhesive</Property>
			<Property Name="Resin" Type="DimValue" Dimension="Relative">0</Property>
			<Property Name="Frequency" Type="DimValue" Dimension="Frequency">1MHz</Property>
			<Property Name="DielectricConstant" Type="DimValue" Dimension="Dimensionless">3.5</Property>
			<Property Name="LossTangent" Type="DimValue" Dimension="Dimensionless">0.015</Property>
			<Property Name="GlassTransTemp" Type="DimValue" Dimension="Temperature">0</Property>
			<Property Name="Manufacturer" Type="String">Sheldahl</Property>
			<Property Name="Name" Type="String">Flexbase_G1966_Polyester_SS_Lam</Property>
			<Property Name="Thickness" Type="DimValue" Dimension="Length">3.346456693 mil</Property>
			<Property Name="Description" Type="String">Sheldahl_Flexbase_G1966_Polyester_SS_Lam:_(1MHz)</Property>
			<Property Name="Note" Type="String">Df=0.015</Property>
		</Entity>
		<Entity Id="6bd74f66-498b-4a10-94bc-38ab6d219429" TypeId="27d70fdc-4c4e-4774-bfac-7efbb48cde47" RevisionId="213f7ab1-e5f1-4f0d-a19c-886f418396cf" RevisionDate="2021-03-16T04:34:50.4370739Z">
			<Property Name="Constructions" Type="String">Polyester/Adhesive</Property>
			<Property Name="Resin" Type="DimValue" Dimension="Relative">0</Property>
			<Property Name="Frequency" Type="DimValue" Dimension="Frequency">1MHz</Property>
			<Property Name="DielectricConstant" Type="DimValue" Dimension="Dimensionless">3.5</Property>
			<Property Name="LossTangent" Type="DimValue" Dimension="Dimensionless">0.015</Property>
			<Property Name="GlassTransTemp" Type="DimValue" Dimension="Temperature">0</Property>
			<Property Name="Manufacturer" Type="String">Sheldahl</Property>
			<Property Name="Name" Type="String">Flexbase_G1966_Polyester_SS_Lam</Property>
			<Property Name="Thickness" Type="DimValue" Dimension="Length">4.330708661 mil</Property>
			<Property Name="Description" Type="String">Sheldahl_Flexbase_G1966_Polyester_SS_Lam:_(1MHz)</Property>
			<Property Name="Note" Type="String">Df=0.015</Property>
		</Entity>
		<Entity Id="6bd74f66-498b-4a10-94bc-38ab6d219430" TypeId="27d70fdc-4c4e-4774-bfac-7efbb48cde47" RevisionId="213f7ab1-e5f1-4f0d-a19c-886f418396cf" RevisionDate="2021-03-16T04:34:50.4370739Z">
			<Property Name="Constructions" Type="String">Polyester/Adhesive</Property>
			<Property Name="Resin" Type="DimValue" Dimension="Relative">0</Property>
			<Property Name="Frequency" Type="DimValue" Dimension="Frequency">1MHz</Property>
			<Property Name="DielectricConstant" Type="DimValue" Dimension="Dimensionless">3.5</Property>
			<Property Name="LossTangent" Type="DimValue" Dimension="Dimensionless">0.015</Property>
			<Property Name="GlassTransTemp" Type="DimValue" Dimension="Temperature">0</Property>
			<Property Name="Manufacturer" Type="String">Sheldahl</Property>
			<Property Name="Name" Type="String">Flexbase_G1966_Polyester_SS_Lam</Property>
			<Property Name="Thickness" Type="DimValue" Dimension="Length">5.31496063 mil</Property>
			<Property Name="Description" Type="String">Sheldahl_Flexbase_G1966_Polyester_SS_Lam:_(1MHz)</Property>
			<Property Name="Note" Type="String">Df=0.015</Property>
		</Entity>
		<Entity Id="6bd74f66-498b-4a10-94bc-38ab6d219431" TypeId="27d70fdc-4c4e-4774-bfac-7efbb48cde47" RevisionId="213f7ab1-e5f1-4f0d-a19c-886f418396cf" RevisionDate="2021-03-16T04:34:50.4370739Z">
			<Property Name="Constructions" Type="String">Polyester/Adhesive</Property>
			<Property Name="Resin" Type="DimValue" Dimension="Relative">0</Property>
			<Property Name="Frequency" Type="DimValue" Dimension="Frequency">1MHz</Property>
			<Property Name="DielectricConstant" Type="DimValue" Dimension="Dimensionless">3.5</Property>
			<Property Name="LossTangent" Type="DimValue" Dimension="Dimensionless">0.015</Property>
			<Property Name="GlassTransTemp" Type="DimValue" Dimension="Temperature">0</Property>
			<Property Name="Manufacturer" Type="String">Sheldahl</Property>
			<Property Name="Name" Type="String">Flexbase_G1966_Polyester_SS_Lam</Property>
			<Property Name="Thickness" Type="DimValue" Dimension="Length">7.283464567 mil</Property>
			<Property Name="Description" Type="String">Sheldahl_Flexbase_G1966_Polyester_SS_Lam:_(1MHz)</Property>
			<Property Name="Note" Type="String">Df=0.015</Property>
		</Entity>
		<Entity Id="6bd74f66-498b-4a10-94bc-38ab6d219432" TypeId="27d70fdc-4c4e-4774-bfac-7efbb48cde47" RevisionId="213f7ab1-e5f1-4f0d-a19c-886f418396cf" RevisionDate="2021-03-16T04:34:50.4370739Z">
			<Property Name="Constructions" Type="String">PEN/Adhesive</Property>
			<Property Name="Resin" Type="DimValue" Dimension="Relative">0</Property>
			<Property Name="Frequency" Type="DimValue" Dimension="Frequency">1MHz</Property>
			<Property Name="DielectricConstant" Type="DimValue" Dimension="Dimensionless">2.9</Property>
			<Property Name="LossTangent" Type="DimValue" Dimension="Dimensionless">0</Property>
			<Property Name="GlassTransTemp" Type="DimValue" Dimension="Temperature">0</Property>
			<Property Name="Manufacturer" Type="String">Sheldahl</Property>
			<Property Name="Name" Type="String">PENclad_G1910_Flex_DS_Lam</Property>
			<Property Name="Thickness" Type="DimValue" Dimension="Length">2.9 mil</Property>
			<Property Name="Description" Type="String">Sheldahl_PENclad_G1910_Flex_DS_Lam;_(1MHz)</Property>
			<Property Name="Note" Type="String">-</Property>
		</Entity>
		<Entity Id="6bd74f66-498b-4a10-94bc-38ab6d219433" TypeId="27d70fdc-4c4e-4774-bfac-7efbb48cde47" RevisionId="213f7ab1-e5f1-4f0d-a19c-886f418396cf" RevisionDate="2021-03-16T04:34:50.4370739Z">
			<Property Name="Constructions" Type="String">PEN/Adhesive</Property>
			<Property Name="Resin" Type="DimValue" Dimension="Relative">0</Property>
			<Property Name="Frequency" Type="DimValue" Dimension="Frequency">1MHz</Property>
			<Property Name="DielectricConstant" Type="DimValue" Dimension="Dimensionless">2.9</Property>
			<Property Name="LossTangent" Type="DimValue" Dimension="Dimensionless">0</Property>
			<Property Name="GlassTransTemp" Type="DimValue" Dimension="Temperature">0</Property>
			<Property Name="Manufacturer" Type="String">Sheldahl</Property>
			<Property Name="Name" Type="String">PENclad_G1910_Flex_DS_Lam</Property>
			<Property Name="Thickness" Type="DimValue" Dimension="Length">5.9 mil</Property>
			<Property Name="Description" Type="String">Sheldahl_PENclad_G1910_Flex_DS_Lam;_(1MHz)</Property>
			<Property Name="Note" Type="String">-</Property>
		</Entity>
		<Entity Id="6bd74f66-498b-4a10-94bc-38ab6d219434" TypeId="27d70fdc-4c4e-4774-bfac-7efbb48cde47" RevisionId="213f7ab1-e5f1-4f0d-a19c-886f418396cf" RevisionDate="2021-03-16T04:34:50.4370739Z">
			<Property Name="Constructions" Type="String">PEN/Adhesive</Property>
			<Property Name="Resin" Type="DimValue" Dimension="Relative">0</Property>
			<Property Name="Frequency" Type="DimValue" Dimension="Frequency">1MHz</Property>
			<Property Name="DielectricConstant" Type="DimValue" Dimension="Dimensionless">2.9</Property>
			<Property Name="LossTangent" Type="DimValue" Dimension="Dimensionless">0</Property>
			<Property Name="GlassTransTemp" Type="DimValue" Dimension="Temperature">0</Property>
			<Property Name="Manufacturer" Type="String">Sheldahl</Property>
			<Property Name="Name" Type="String">PENclad_G1910_Flex_SS_Lam</Property>
			<Property Name="Thickness" Type="DimValue" Dimension="Length">2.9 mil</Property>
			<Property Name="Description" Type="String">Sheldahl_PENclad_G1910_Flex_SS_Lam;_(1MHz)</Property>
			<Property Name="Note" Type="String">-</Property>
		</Entity>
		<Entity Id="6bd74f66-498b-4a10-94bc-38ab6d219435" TypeId="27d70fdc-4c4e-4774-bfac-7efbb48cde47" RevisionId="213f7ab1-e5f1-4f0d-a19c-886f418396cf" RevisionDate="2021-03-16T04:34:50.4370739Z">
			<Property Name="Constructions" Type="String">PEN/Adhesive</Property>
			<Property Name="Resin" Type="DimValue" Dimension="Relative">0</Property>
			<Property Name="Frequency" Type="DimValue" Dimension="Frequency">1MHz</Property>
			<Property Name="DielectricConstant" Type="DimValue" Dimension="Dimensionless">2.9</Property>
			<Property Name="LossTangent" Type="DimValue" Dimension="Dimensionless">0</Property>
			<Property Name="GlassTransTemp" Type="DimValue" Dimension="Temperature">0</Property>
			<Property Name="Manufacturer" Type="String">Sheldahl</Property>
			<Property Name="Name" Type="String">PENclad_G1910_Flex_SS_Lam</Property>
			<Property Name="Thickness" Type="DimValue" Dimension="Length">5.9 mil</Property>
			<Property Name="Description" Type="String">Sheldahl_PENclad_G1910_Flex_SS_Lam;_(1MHz)</Property>
			<Property Name="Note" Type="String">-</Property>
		</Entity>
		<Entity Id="6bd74f66-498b-4a10-94bc-38ab6d219436" TypeId="27d70fdc-4c4e-4774-bfac-7efbb48cde47" RevisionId="213f7ab1-e5f1-4f0d-a19c-886f418396cf" RevisionDate="2021-03-16T04:34:50.4370739Z">
			<Property Name="Constructions" Type="String">PEN/Adhesive</Property>
			<Property Name="Resin" Type="DimValue" Dimension="Relative">0</Property>
			<Property Name="Frequency" Type="DimValue" Dimension="Frequency">0MHz</Property>
			<Property Name="DielectricConstant" Type="DimValue" Dimension="Dimensionless">2.9</Property>
			<Property Name="LossTangent" Type="DimValue" Dimension="Dimensionless">0</Property>
			<Property Name="GlassTransTemp" Type="DimValue" Dimension="Temperature">0</Property>
			<Property Name="Manufacturer" Type="String">Sheldahl</Property>
			<Property Name="Name" Type="String">PENclad_G1970_Flex_DS_Lam</Property>
			<Property Name="Thickness" Type="DimValue" Dimension="Length">3.464566929 mil</Property>
			<Property Name="Description" Type="String">Sheldahl_PENclad_G1970_Flex_DS_Lam;</Property>
			<Property Name="Note" Type="String">-</Property>
		</Entity>
		<Entity Id="6bd74f66-498b-4a10-94bc-38ab6d219437" TypeId="27d70fdc-4c4e-4774-bfac-7efbb48cde47" RevisionId="213f7ab1-e5f1-4f0d-a19c-886f418396cf" RevisionDate="2021-03-16T04:34:50.4370739Z">
			<Property Name="Constructions" Type="String">PEN/Adhesive</Property>
			<Property Name="Resin" Type="DimValue" Dimension="Relative">0</Property>
			<Property Name="Frequency" Type="DimValue" Dimension="Frequency">0MHz</Property>
			<Property Name="DielectricConstant" Type="DimValue" Dimension="Dimensionless">2.9</Property>
			<Property Name="LossTangent" Type="DimValue" Dimension="Dimensionless">0</Property>
			<Property Name="GlassTransTemp" Type="DimValue" Dimension="Temperature">0</Property>
			<Property Name="Manufacturer" Type="String">Sheldahl</Property>
			<Property Name="Name" Type="String">PENclad_G1970_Flex_DS_Lam</Property>
			<Property Name="Thickness" Type="DimValue" Dimension="Length">6.417322835 mil</Property>
			<Property Name="Description" Type="String">Sheldahl_PENclad_G1970_Flex_DS_Lam;</Property>
			<Property Name="Note" Type="String">-</Property>
		</Entity>
		<Entity Id="6bd74f66-498b-4a10-94bc-38ab6d219438" TypeId="27d70fdc-4c4e-4774-bfac-7efbb48cde47" RevisionId="213f7ab1-e5f1-4f0d-a19c-886f418396cf" RevisionDate="2021-03-16T04:34:50.4370739Z">
			<Property Name="Constructions" Type="String">PEN/Adhesive</Property>
			<Property Name="Resin" Type="DimValue" Dimension="Relative">0</Property>
			<Property Name="Frequency" Type="DimValue" Dimension="Frequency">0MHz</Property>
			<Property Name="DielectricConstant" Type="DimValue" Dimension="Dimensionless">2.9</Property>
			<Property Name="LossTangent" Type="DimValue" Dimension="Dimensionless">0</Property>
			<Property Name="GlassTransTemp" Type="DimValue" Dimension="Temperature">0</Property>
			<Property Name="Manufacturer" Type="String">Sheldahl</Property>
			<Property Name="Name" Type="String">PENclad_G1970_Flex_SS_Lam</Property>
			<Property Name="Thickness" Type="DimValue" Dimension="Length">2.677165354 mil</Property>
			<Property Name="Description" Type="String">Sheldahl_PENclad_G1970_Flex_SS_Lam;</Property>
			<Property Name="Note" Type="String">-</Property>
		</Entity>
		<Entity Id="6bd74f66-498b-4a10-94bc-38ab6d219439" TypeId="27d70fdc-4c4e-4774-bfac-7efbb48cde47" RevisionId="213f7ab1-e5f1-4f0d-a19c-886f418396cf" RevisionDate="2021-03-16T04:34:50.4370739Z">
			<Property Name="Constructions" Type="String">PEN/Adhesive</Property>
			<Property Name="Resin" Type="DimValue" Dimension="Relative">0</Property>
			<Property Name="Frequency" Type="DimValue" Dimension="Frequency">0MHz</Property>
			<Property Name="DielectricConstant" Type="DimValue" Dimension="Dimensionless">2.9</Property>
			<Property Name="LossTangent" Type="DimValue" Dimension="Dimensionless">0</Property>
			<Property Name="GlassTransTemp" Type="DimValue" Dimension="Temperature">0</Property>
			<Property Name="Manufacturer" Type="String">Sheldahl</Property>
			<Property Name="Name" Type="String">PENclad_G1970_Flex_SS_Lam</Property>
			<Property Name="Thickness" Type="DimValue" Dimension="Length">5.62992126 mil</Property>
			<Property Name="Description" Type="String">Sheldahl_PENclad_G1970_Flex_SS_Lam;</Property>
			<Property Name="Note" Type="String">-</Property>
		</Entity>
		<Entity Id="6bd74f66-498b-4a10-94bc-38ab6d219440" TypeId="27d70fdc-4c4e-4774-bfac-7efbb48cde47" RevisionId="213f7ab1-e5f1-4f0d-a19c-886f418396cf" RevisionDate="2021-03-16T04:34:50.4370739Z">
			<Property Name="Constructions" Type="String">PEN/Adhesive</Property>
			<Property Name="Resin" Type="DimValue" Dimension="Relative">0</Property>
			<Property Name="Frequency" Type="DimValue" Dimension="Frequency">0MHz</Property>
			<Property Name="DielectricConstant" Type="DimValue" Dimension="Dimensionless">2.9</Property>
			<Property Name="LossTangent" Type="DimValue" Dimension="Dimensionless">0</Property>
			<Property Name="GlassTransTemp" Type="DimValue" Dimension="Temperature">0</Property>
			<Property Name="Manufacturer" Type="String">Sheldahl</Property>
			<Property Name="Name" Type="String">PENclad_G1971_Flex_DS_Lam</Property>
			<Property Name="Thickness" Type="DimValue" Dimension="Length">4.330708661 mil</Property>
			<Property Name="Description" Type="String">Sheldahl_PENclad_G1971_Flex_DS_Lam;</Property>
			<Property Name="Note" Type="String">-</Property>
		</Entity>
		<Entity Id="6bd74f66-498b-4a10-94bc-38ab6d219441" TypeId="27d70fdc-4c4e-4774-bfac-7efbb48cde47" RevisionId="213f7ab1-e5f1-4f0d-a19c-886f418396cf" RevisionDate="2021-03-16T04:34:50.4370739Z">
			<Property Name="Constructions" Type="String">PEN/Adhesive</Property>
			<Property Name="Resin" Type="DimValue" Dimension="Relative">0</Property>
			<Property Name="Frequency" Type="DimValue" Dimension="Frequency">0MHz</Property>
			<Property Name="DielectricConstant" Type="DimValue" Dimension="Dimensionless">2.9</Property>
			<Property Name="LossTangent" Type="DimValue" Dimension="Dimensionless">0</Property>
			<Property Name="GlassTransTemp" Type="DimValue" Dimension="Temperature">0</Property>
			<Property Name="Manufacturer" Type="String">Sheldahl</Property>
			<Property Name="Name" Type="String">PENclad_G1971_Flex_DS_Lam</Property>
			<Property Name="Thickness" Type="DimValue" Dimension="Length">7.283464567 mil</Property>
			<Property Name="Description" Type="String">Sheldahl_PENclad_G1971_Flex_DS_Lam;</Property>
			<Property Name="Note" Type="String">-</Property>
		</Entity>
		<Entity Id="6bd74f66-498b-4a10-94bc-38ab6d219442" TypeId="27d70fdc-4c4e-4774-bfac-7efbb48cde47" RevisionId="213f7ab1-e5f1-4f0d-a19c-886f418396cf" RevisionDate="2021-03-16T04:34:50.4370739Z">
			<Property Name="Constructions" Type="String">PEN/Adhesive</Property>
			<Property Name="Resin" Type="DimValue" Dimension="Relative">0</Property>
			<Property Name="Frequency" Type="DimValue" Dimension="Frequency">0MHz</Property>
			<Property Name="DielectricConstant" Type="DimValue" Dimension="Dimensionless">2.9</Property>
			<Property Name="LossTangent" Type="DimValue" Dimension="Dimensionless">0</Property>
			<Property Name="GlassTransTemp" Type="DimValue" Dimension="Temperature">0</Property>
			<Property Name="Manufacturer" Type="String">Sheldahl</Property>
			<Property Name="Name" Type="String">PENclad_G1971_Flex_SS_Lam</Property>
			<Property Name="Thickness" Type="DimValue" Dimension="Length">3.149606299 mil</Property>
			<Property Name="Description" Type="String">Sheldahl_PENclad_G1971_Flex_SS_Lam;</Property>
			<Property Name="Note" Type="String">-</Property>
		</Entity>
		<Entity Id="6bd74f66-498b-4a10-94bc-38ab6d219443" TypeId="27d70fdc-4c4e-4774-bfac-7efbb48cde47" RevisionId="213f7ab1-e5f1-4f0d-a19c-886f418396cf" RevisionDate="2021-03-16T04:34:50.4370739Z">
			<Property Name="Constructions" Type="String">PEN/Adhesive</Property>
			<Property Name="Resin" Type="DimValue" Dimension="Relative">0</Property>
			<Property Name="Frequency" Type="DimValue" Dimension="Frequency">0MHz</Property>
			<Property Name="DielectricConstant" Type="DimValue" Dimension="Dimensionless">2.9</Property>
			<Property Name="LossTangent" Type="DimValue" Dimension="Dimensionless">0</Property>
			<Property Name="GlassTransTemp" Type="DimValue" Dimension="Temperature">0</Property>
			<Property Name="Manufacturer" Type="String">Sheldahl</Property>
			<Property Name="Name" Type="String">PENclad_G1971_Flex_SS_Lam</Property>
			<Property Name="Thickness" Type="DimValue" Dimension="Length">6.102362205 mil</Property>
			<Property Name="Description" Type="String">Sheldahl_PENclad_G1971_Flex_SS_Lam;</Property>
			<Property Name="Note" Type="String">-</Property>
		</Entity>
	</Entities>
	<EntityExtensions />
</ExtensibleLibrary>
