﻿<?xml version="1.0" encoding="UTF-8"?>
<ExtensibleLibrary SerializerVersion="1.1.0.0" LibraryId="304daab4-9f31-485c-9cc0-983beabff0b4" Version="1.1.0.0" xmlns="http://altium.com/ns/Data/ExtensibleLibraries">
	<Types />
	<TypeExtensions />
	<Entities>
		<Entity Id="6bd74f66-498b-4a10-94bc-38ab6d211445" TypeId="27d70fdc-4c4e-4774-bfac-7efbb48cde47" RevisionId="213f7ab1-e5f1-4f0d-a19c-886f418396cf" RevisionDate="2021-03-16T04:34:50.4370739Z">
			<Property Name="Constructions" Type="String">Tlam</Property>
			<Property Name="Resin" Type="DimValue" Dimension="Relative">0</Property>
			<Property Name="Frequency" Type="DimValue" Dimension="Frequency">1KHz</Property>
			<Property Name="DielectricConstant" Type="DimValue" Dimension="Dimensionless">4.3</Property>
			<Property Name="LossTangent" Type="DimValue" Dimension="Dimensionless">0.008</Property>
			<Property Name="GlassTransTemp" Type="DimValue" Dimension="Temperature">105</Property>
			<Property Name="Manufacturer" Type="String">Laird_Techno10gies</Property>
			<Property Name="Name" Type="String">DS_1KA06</Property>
			<Property Name="Thickness" Type="DimValue" Dimension="Length">6 mil</Property>
			<Property Name="Description" Type="String">DS_1KA06;_Tlam;_(1_KHz)</Property>
			<Property Name="Note" Type="String">Tg=105C;_Df=0.008</Property>
		</Entity>
		<Entity Id="6bd74f66-498b-4a10-94bc-38ab6d211446" TypeId="27d70fdc-4c4e-4774-bfac-7efbb48cde47" RevisionId="213f7ab1-e5f1-4f0d-a19c-886f418396cf" RevisionDate="2021-03-16T04:34:50.4370739Z">
			<Property Name="Constructions" Type="String">Tlam</Property>
			<Property Name="Resin" Type="DimValue" Dimension="Relative">0</Property>
			<Property Name="Frequency" Type="DimValue" Dimension="Frequency">1KHz</Property>
			<Property Name="DielectricConstant" Type="DimValue" Dimension="Dimensionless">4.3</Property>
			<Property Name="LossTangent" Type="DimValue" Dimension="Dimensionless">0.008</Property>
			<Property Name="GlassTransTemp" Type="DimValue" Dimension="Temperature">105</Property>
			<Property Name="Manufacturer" Type="String">Laird_Techno10gies</Property>
			<Property Name="Name" Type="String">DS_1KA08</Property>
			<Property Name="Thickness" Type="DimValue" Dimension="Length">8 mil</Property>
			<Property Name="Description" Type="String">DS_1KA08;_Tlam;_(1_KHz)</Property>
			<Property Name="Note" Type="String">Tg=105C;_Df=0.008</Property>
		</Entity>
		<Entity Id="6bd74f66-498b-4a10-94bc-38ab6d211447" TypeId="27d70fdc-4c4e-4774-bfac-7efbb48cde47" RevisionId="213f7ab1-e5f1-4f0d-a19c-886f418396cf" RevisionDate="2021-03-16T04:34:50.4370739Z">
			<Property Name="Constructions" Type="String">Tlam</Property>
			<Property Name="Resin" Type="DimValue" Dimension="Relative">0</Property>
			<Property Name="Frequency" Type="DimValue" Dimension="Frequency">1MHz</Property>
			<Property Name="DielectricConstant" Type="DimValue" Dimension="Dimensionless">4.1</Property>
			<Property Name="LossTangent" Type="DimValue" Dimension="Dimensionless">0.035</Property>
			<Property Name="GlassTransTemp" Type="DimValue" Dimension="Temperature">105</Property>
			<Property Name="Manufacturer" Type="String">Laird_Techno10gies</Property>
			<Property Name="Name" Type="String">DS_1KA06</Property>
			<Property Name="Thickness" Type="DimValue" Dimension="Length">6 mil</Property>
			<Property Name="Description" Type="String">DS_1MA06;_Tlam;_(1MHz)</Property>
			<Property Name="Note" Type="String">Tg=105C;_Df=0.035</Property>
		</Entity>
		<Entity Id="6bd74f66-498b-4a10-94bc-38ab6d211448" TypeId="27d70fdc-4c4e-4774-bfac-7efbb48cde47" RevisionId="213f7ab1-e5f1-4f0d-a19c-886f418396cf" RevisionDate="2021-03-16T04:34:50.4370739Z">
			<Property Name="Constructions" Type="String">Tlam</Property>
			<Property Name="Resin" Type="DimValue" Dimension="Relative">0</Property>
			<Property Name="Frequency" Type="DimValue" Dimension="Frequency">1MHz</Property>
			<Property Name="DielectricConstant" Type="DimValue" Dimension="Dimensionless">4.1</Property>
			<Property Name="LossTangent" Type="DimValue" Dimension="Dimensionless">0.035</Property>
			<Property Name="GlassTransTemp" Type="DimValue" Dimension="Temperature">105</Property>
			<Property Name="Manufacturer" Type="String">Laird_Techno10gies</Property>
			<Property Name="Name" Type="String">DS_1KA08</Property>
			<Property Name="Thickness" Type="DimValue" Dimension="Length">8 mil</Property>
			<Property Name="Description" Type="String">DS_1MA08;_Tlam;_(1MHz)</Property>
			<Property Name="Note" Type="String">Tg=105C;_Df=0.035</Property>
		</Entity>
		<Entity Id="6bd74f66-498b-4a10-94bc-38ab6d211449" TypeId="27d70fdc-4c4e-4774-bfac-7efbb48cde47" RevisionId="213f7ab1-e5f1-4f0d-a19c-886f418396cf" RevisionDate="2021-03-16T04:34:50.4370739Z">
			<Property Name="Constructions" Type="String">Tlam</Property>
			<Property Name="Resin" Type="DimValue" Dimension="Relative">0</Property>
			<Property Name="Frequency" Type="DimValue" Dimension="Frequency">1KHz</Property>
			<Property Name="DielectricConstant" Type="DimValue" Dimension="Dimensionless">4.3</Property>
			<Property Name="LossTangent" Type="DimValue" Dimension="Dimensionless">0.008</Property>
			<Property Name="GlassTransTemp" Type="DimValue" Dimension="Temperature">105</Property>
			<Property Name="Manufacturer" Type="String">Laird_Techno10gies</Property>
			<Property Name="Name" Type="String">SS_1KA04</Property>
			<Property Name="Thickness" Type="DimValue" Dimension="Length">4 mil</Property>
			<Property Name="Description" Type="String">SS_1KA04;_Tlam;_(1_KHz)</Property>
			<Property Name="Note" Type="String">Tg=105C;_Df=0.035</Property>
		</Entity>
		<Entity Id="6bd74f66-498b-4a10-94bc-38ab6d211450" TypeId="27d70fdc-4c4e-4774-bfac-7efbb48cde47" RevisionId="213f7ab1-e5f1-4f0d-a19c-886f418396cf" RevisionDate="2021-03-16T04:34:50.4370739Z">
			<Property Name="Constructions" Type="String">Tlam</Property>
			<Property Name="Resin" Type="DimValue" Dimension="Relative">0</Property>
			<Property Name="Frequency" Type="DimValue" Dimension="Frequency">1KHz</Property>
			<Property Name="DielectricConstant" Type="DimValue" Dimension="Dimensionless">4.3</Property>
			<Property Name="LossTangent" Type="DimValue" Dimension="Dimensionless">0.008</Property>
			<Property Name="GlassTransTemp" Type="DimValue" Dimension="Temperature">105</Property>
			<Property Name="Manufacturer" Type="String">Laird_Techno10gies</Property>
			<Property Name="Name" Type="String">SS_1KA06</Property>
			<Property Name="Thickness" Type="DimValue" Dimension="Length">6 mil</Property>
			<Property Name="Description" Type="String">SS_1KA06;_Tlam;_(1_KHz)</Property>
			<Property Name="Note" Type="String">Tg=105C;_Df=0.035</Property>
		</Entity>
		<Entity Id="6bd74f66-498b-4a10-94bc-38ab6d211451" TypeId="27d70fdc-4c4e-4774-bfac-7efbb48cde47" RevisionId="213f7ab1-e5f1-4f0d-a19c-886f418396cf" RevisionDate="2021-03-16T04:34:50.4370739Z">
			<Property Name="Constructions" Type="String">Tlam</Property>
			<Property Name="Resin" Type="DimValue" Dimension="Relative">0</Property>
			<Property Name="Frequency" Type="DimValue" Dimension="Frequency">1KHz</Property>
			<Property Name="DielectricConstant" Type="DimValue" Dimension="Dimensionless">4.3</Property>
			<Property Name="LossTangent" Type="DimValue" Dimension="Dimensionless">0.008</Property>
			<Property Name="GlassTransTemp" Type="DimValue" Dimension="Temperature">105</Property>
			<Property Name="Manufacturer" Type="String">Laird_Techno10gies</Property>
			<Property Name="Name" Type="String">SS_1KA08</Property>
			<Property Name="Thickness" Type="DimValue" Dimension="Length">8 mil</Property>
			<Property Name="Description" Type="String">SS_1KA08;_Tlam;_(1_KHz)</Property>
			<Property Name="Note" Type="String">Tg=105C;_Df=0.035</Property>
		</Entity>
		<Entity Id="6bd74f66-498b-4a10-94bc-38ab6d211452" TypeId="27d70fdc-4c4e-4774-bfac-7efbb48cde47" RevisionId="213f7ab1-e5f1-4f0d-a19c-886f418396cf" RevisionDate="2021-03-16T04:34:50.4370739Z">
			<Property Name="Constructions" Type="String">Tlam</Property>
			<Property Name="Resin" Type="DimValue" Dimension="Relative">0</Property>
			<Property Name="Frequency" Type="DimValue" Dimension="Frequency">1MHz</Property>
			<Property Name="DielectricConstant" Type="DimValue" Dimension="Dimensionless">4.3</Property>
			<Property Name="LossTangent" Type="DimValue" Dimension="Dimensionless">0.008</Property>
			<Property Name="GlassTransTemp" Type="DimValue" Dimension="Temperature">105</Property>
			<Property Name="Manufacturer" Type="String">Laird_Techno10gies</Property>
			<Property Name="Name" Type="String">SS_1KA04</Property>
			<Property Name="Thickness" Type="DimValue" Dimension="Length">4 mil</Property>
			<Property Name="Description" Type="String">SS_1KA04;_Tlam;_(1MHz)</Property>
			<Property Name="Note" Type="String">Tg=105C;_Df=0.035</Property>
		</Entity>
		<Entity Id="6bd74f66-498b-4a10-94bc-38ab6d211453" TypeId="27d70fdc-4c4e-4774-bfac-7efbb48cde47" RevisionId="213f7ab1-e5f1-4f0d-a19c-886f418396cf" RevisionDate="2021-03-16T04:34:50.4370739Z">
			<Property Name="Constructions" Type="String">Tlam</Property>
			<Property Name="Resin" Type="DimValue" Dimension="Relative">0</Property>
			<Property Name="Frequency" Type="DimValue" Dimension="Frequency">1MHz</Property>
			<Property Name="DielectricConstant" Type="DimValue" Dimension="Dimensionless">4.3</Property>
			<Property Name="LossTangent" Type="DimValue" Dimension="Dimensionless">0.008</Property>
			<Property Name="GlassTransTemp" Type="DimValue" Dimension="Temperature">105</Property>
			<Property Name="Manufacturer" Type="String">Laird_Techno10gies</Property>
			<Property Name="Name" Type="String">SS_1KA06</Property>
			<Property Name="Thickness" Type="DimValue" Dimension="Length">6 mil</Property>
			<Property Name="Description" Type="String">SS_1KA06;_Tlam;_(1MHz)</Property>
			<Property Name="Note" Type="String">Tg=105C;_Df=0.035</Property>
		</Entity>
		<Entity Id="6bd74f66-498b-4a10-94bc-38ab6d211454" TypeId="27d70fdc-4c4e-4774-bfac-7efbb48cde47" RevisionId="213f7ab1-e5f1-4f0d-a19c-886f418396cf" RevisionDate="2021-03-16T04:34:50.4370739Z">
			<Property Name="Constructions" Type="String">Tlam</Property>
			<Property Name="Resin" Type="DimValue" Dimension="Relative">0</Property>
			<Property Name="Frequency" Type="DimValue" Dimension="Frequency">1MHz</Property>
			<Property Name="DielectricConstant" Type="DimValue" Dimension="Dimensionless">4.3</Property>
			<Property Name="LossTangent" Type="DimValue" Dimension="Dimensionless">0.008</Property>
			<Property Name="GlassTransTemp" Type="DimValue" Dimension="Temperature">105</Property>
			<Property Name="Manufacturer" Type="String">Laird_Techno10gies</Property>
			<Property Name="Name" Type="String">SS_1KA08</Property>
			<Property Name="Thickness" Type="DimValue" Dimension="Length">8 mil</Property>
			<Property Name="Description" Type="String">SS_1KA08;_Tlam;_(1MHz)</Property>
			<Property Name="Note" Type="String">Tg=105C;_Df=0.035</Property>
		</Entity>
		<Entity Id="6bd74f66-498b-4a10-94bc-38ab6d211455" TypeId="27d70fdc-4c4e-4774-bfac-7efbb48cde47" RevisionId="213f7ab1-e5f1-4f0d-a19c-886f418396cf" RevisionDate="2021-03-16T04:34:50.4370739Z">
			<Property Name="Constructions" Type="String">Tlam</Property>
			<Property Name="Resin" Type="DimValue" Dimension="Relative">0</Property>
			<Property Name="Frequency" Type="DimValue" Dimension="Frequency">1KHz</Property>
			<Property Name="DielectricConstant" Type="DimValue" Dimension="Dimensionless">5.1</Property>
			<Property Name="LossTangent" Type="DimValue" Dimension="Dimensionless">0.007</Property>
			<Property Name="GlassTransTemp" Type="DimValue" Dimension="Temperature">168</Property>
			<Property Name="Manufacturer" Type="String">Laird_Techno10gies</Property>
			<Property Name="Name" Type="String">SS_HTD04</Property>
			<Property Name="Thickness" Type="DimValue" Dimension="Length">4 mil</Property>
			<Property Name="Description" Type="String">SS_HTD04;_Tlam;_(1_KHz)</Property>
			<Property Name="Note" Type="String">Tg=168C;_Df=0.007</Property>
		</Entity>
		<Entity Id="6bd74f66-498b-4a10-94bc-38ab6d211456" TypeId="27d70fdc-4c4e-4774-bfac-7efbb48cde47" RevisionId="213f7ab1-e5f1-4f0d-a19c-886f418396cf" RevisionDate="2021-03-16T04:34:50.4370739Z">
			<Property Name="Constructions" Type="String">Tlam</Property>
			<Property Name="Resin" Type="DimValue" Dimension="Relative">0</Property>
			<Property Name="Frequency" Type="DimValue" Dimension="Frequency">1KHz</Property>
			<Property Name="DielectricConstant" Type="DimValue" Dimension="Dimensionless">4.9</Property>
			<Property Name="LossTangent" Type="DimValue" Dimension="Dimensionless">0.007</Property>
			<Property Name="GlassTransTemp" Type="DimValue" Dimension="Temperature">168</Property>
			<Property Name="Manufacturer" Type="String">Laird_Techno10gies</Property>
			<Property Name="Name" Type="String">SS_HTD06</Property>
			<Property Name="Thickness" Type="DimValue" Dimension="Length">6 mil</Property>
			<Property Name="Description" Type="String">SS_HTD06;_Tlam;_(1_KHz)</Property>
			<Property Name="Note" Type="String">Tg=168C;_Df=0.007</Property>
		</Entity>
		<Entity Id="6bd74f66-498b-4a10-94bc-38ab6d211457" TypeId="27d70fdc-4c4e-4774-bfac-7efbb48cde47" RevisionId="213f7ab1-e5f1-4f0d-a19c-886f418396cf" RevisionDate="2021-03-16T04:34:50.4370739Z">
			<Property Name="Constructions" Type="String">Tlam</Property>
			<Property Name="Resin" Type="DimValue" Dimension="Relative">0</Property>
			<Property Name="Frequency" Type="DimValue" Dimension="Frequency">1MHz</Property>
			<Property Name="DielectricConstant" Type="DimValue" Dimension="Dimensionless">4.9</Property>
			<Property Name="LossTangent" Type="DimValue" Dimension="Dimensionless">0.007</Property>
			<Property Name="GlassTransTemp" Type="DimValue" Dimension="Temperature">168</Property>
			<Property Name="Manufacturer" Type="String">Laird_Techno10gies</Property>
			<Property Name="Name" Type="String">SS_HTD04</Property>
			<Property Name="Thickness" Type="DimValue" Dimension="Length">4 mil</Property>
			<Property Name="Description" Type="String">SS_HTD04;_Tlam;_(1MHz)</Property>
			<Property Name="Note" Type="String">Tg=168C;_Df=0.007</Property>
		</Entity>
		<Entity Id="6bd74f66-498b-4a10-94bc-38ab6d211458" TypeId="27d70fdc-4c4e-4774-bfac-7efbb48cde47" RevisionId="213f7ab1-e5f1-4f0d-a19c-886f418396cf" RevisionDate="2021-03-16T04:34:50.4370739Z">
			<Property Name="Constructions" Type="String">Tlam</Property>
			<Property Name="Resin" Type="DimValue" Dimension="Relative">0</Property>
			<Property Name="Frequency" Type="DimValue" Dimension="Frequency">1MHz</Property>
			<Property Name="DielectricConstant" Type="DimValue" Dimension="Dimensionless">4.7</Property>
			<Property Name="LossTangent" Type="DimValue" Dimension="Dimensionless">0.007</Property>
			<Property Name="GlassTransTemp" Type="DimValue" Dimension="Temperature">168</Property>
			<Property Name="Manufacturer" Type="String">Laird_Techno10gies</Property>
			<Property Name="Name" Type="String">SS_HTD06</Property>
			<Property Name="Thickness" Type="DimValue" Dimension="Length">6 mil</Property>
			<Property Name="Description" Type="String">SS_HTD06;_Tlam;_(1MHz)</Property>
			<Property Name="Note" Type="String">Tg=168C;_Df=0.007</Property>
		</Entity>
		<Entity Id="6bd74f66-498b-4a10-94bc-38ab6d211459" TypeId="27d70fdc-4c4e-4774-bfac-7efbb48cde47" RevisionId="213f7ab1-e5f1-4f0d-a19c-886f418396cf" RevisionDate="2021-03-16T04:34:50.4370739Z">
			<Property Name="Constructions" Type="String">Thermal_Conductive</Property>
			<Property Name="Resin" Type="DimValue" Dimension="Relative">0</Property>
			<Property Name="Frequency" Type="DimValue" Dimension="Frequency">1KHz</Property>
			<Property Name="DielectricConstant" Type="DimValue" Dimension="Dimensionless">5.1</Property>
			<Property Name="LossTangent" Type="DimValue" Dimension="Dimensionless">0.007</Property>
			<Property Name="GlassTransTemp" Type="DimValue" Dimension="Temperature">168</Property>
			<Property Name="Manufacturer" Type="String">Laird_Techno10gies</Property>
			<Property Name="Name" Type="String">T-lam_SS_HTD04</Property>
			<Property Name="Thickness" Type="DimValue" Dimension="Length">4 mil</Property>
			<Property Name="Description" Type="String">T-lam_SS_HTD04;_Thermal_Conductive;_(1KHz)</Property>
			<Property Name="Note" Type="String">Tg=168;_Df=0.007</Property>
		</Entity>
		<Entity Id="6bd74f66-498b-4a10-94bc-38ab6d211460" TypeId="27d70fdc-4c4e-4774-bfac-7efbb48cde47" RevisionId="213f7ab1-e5f1-4f0d-a19c-886f418396cf" RevisionDate="2021-03-16T04:34:50.4370739Z">
			<Property Name="Constructions" Type="String">Thermal_Conductive</Property>
			<Property Name="Resin" Type="DimValue" Dimension="Relative">0</Property>
			<Property Name="Frequency" Type="DimValue" Dimension="Frequency">1KHz</Property>
			<Property Name="DielectricConstant" Type="DimValue" Dimension="Dimensionless">4.9</Property>
			<Property Name="LossTangent" Type="DimValue" Dimension="Dimensionless">0.007</Property>
			<Property Name="GlassTransTemp" Type="DimValue" Dimension="Temperature">168</Property>
			<Property Name="Manufacturer" Type="String">Laird_Techno10gies</Property>
			<Property Name="Name" Type="String">T-lam_SS_HTD06</Property>
			<Property Name="Thickness" Type="DimValue" Dimension="Length">6 mil</Property>
			<Property Name="Description" Type="String">T-lam_SS_HTD06;_Thermal_Conductive;_(1KHz)</Property>
			<Property Name="Note" Type="String">Tg=168;_Df=0.007</Property>
		</Entity>
		<Entity Id="6bd74f66-498b-4a10-94bc-38ab6d211461" TypeId="27d70fdc-4c4e-4774-bfac-7efbb48cde47" RevisionId="213f7ab1-e5f1-4f0d-a19c-886f418396cf" RevisionDate="2021-03-16T04:34:50.4370739Z">
			<Property Name="Constructions" Type="String">Thermal_Conductive</Property>
			<Property Name="Resin" Type="DimValue" Dimension="Relative">0</Property>
			<Property Name="Frequency" Type="DimValue" Dimension="Frequency">1KHz</Property>
			<Property Name="DielectricConstant" Type="DimValue" Dimension="Dimensionless">4.3</Property>
			<Property Name="LossTangent" Type="DimValue" Dimension="Dimensionless">0.008</Property>
			<Property Name="GlassTransTemp" Type="DimValue" Dimension="Temperature">105</Property>
			<Property Name="Manufacturer" Type="String">Laird_Techno10gies</Property>
			<Property Name="Name" Type="String">T-lam_SS_1KA04</Property>
			<Property Name="Thickness" Type="DimValue" Dimension="Length">4 mil</Property>
			<Property Name="Description" Type="String">T-lam_SS_1KA04;_Thermal_Conductive;_(1KHz)</Property>
			<Property Name="Note" Type="String">Tg=105;_Df=0.008</Property>
		</Entity>
		<Entity Id="6bd74f66-498b-4a10-94bc-38ab6d211462" TypeId="27d70fdc-4c4e-4774-bfac-7efbb48cde47" RevisionId="213f7ab1-e5f1-4f0d-a19c-886f418396cf" RevisionDate="2021-03-16T04:34:50.4370739Z">
			<Property Name="Constructions" Type="String">Thermal_Conductive</Property>
			<Property Name="Resin" Type="DimValue" Dimension="Relative">0</Property>
			<Property Name="Frequency" Type="DimValue" Dimension="Frequency">1MHz</Property>
			<Property Name="DielectricConstant" Type="DimValue" Dimension="Dimensionless">4.1</Property>
			<Property Name="LossTangent" Type="DimValue" Dimension="Dimensionless">0.035</Property>
			<Property Name="GlassTransTemp" Type="DimValue" Dimension="Temperature">105</Property>
			<Property Name="Manufacturer" Type="String">Laird_Techno10gies</Property>
			<Property Name="Name" Type="String">T-lam_SS_1KA04</Property>
			<Property Name="Thickness" Type="DimValue" Dimension="Length">4 mil</Property>
			<Property Name="Description" Type="String">T-lam_SS_1KA04;_Thermal_Conductive;_(1MHz)</Property>
			<Property Name="Note" Type="String">Tg=105;_Df=0.035</Property>
		</Entity>
		<Entity Id="6bd74f66-498b-4a10-94bc-38ab6d211463" TypeId="27d70fdc-4c4e-4774-bfac-7efbb48cde47" RevisionId="213f7ab1-e5f1-4f0d-a19c-886f418396cf" RevisionDate="2021-03-16T04:34:50.4370739Z">
			<Property Name="Constructions" Type="String">Thermal_Conductive</Property>
			<Property Name="Resin" Type="DimValue" Dimension="Relative">0</Property>
			<Property Name="Frequency" Type="DimValue" Dimension="Frequency">1KHz</Property>
			<Property Name="DielectricConstant" Type="DimValue" Dimension="Dimensionless">4.3</Property>
			<Property Name="LossTangent" Type="DimValue" Dimension="Dimensionless">0.008</Property>
			<Property Name="GlassTransTemp" Type="DimValue" Dimension="Temperature">105</Property>
			<Property Name="Manufacturer" Type="String">Laird_Techno10gies</Property>
			<Property Name="Name" Type="String">T-lam_SS_1KA06</Property>
			<Property Name="Thickness" Type="DimValue" Dimension="Length">6 mil</Property>
			<Property Name="Description" Type="String">T-lam_SS_1KA06;_Thermal_Conductive;_(1KHz)</Property>
			<Property Name="Note" Type="String">Tg=105;_Df=0.008</Property>
		</Entity>
		<Entity Id="6bd74f66-498b-4a10-94bc-38ab6d211464" TypeId="27d70fdc-4c4e-4774-bfac-7efbb48cde47" RevisionId="213f7ab1-e5f1-4f0d-a19c-886f418396cf" RevisionDate="2021-03-16T04:34:50.4370739Z">
			<Property Name="Constructions" Type="String">Thermal_Conductive</Property>
			<Property Name="Resin" Type="DimValue" Dimension="Relative">0</Property>
			<Property Name="Frequency" Type="DimValue" Dimension="Frequency">1MHz</Property>
			<Property Name="DielectricConstant" Type="DimValue" Dimension="Dimensionless">4.1</Property>
			<Property Name="LossTangent" Type="DimValue" Dimension="Dimensionless">0.035</Property>
			<Property Name="GlassTransTemp" Type="DimValue" Dimension="Temperature">105</Property>
			<Property Name="Manufacturer" Type="String">Laird_Techno10gies</Property>
			<Property Name="Name" Type="String">T-lam_SS_1KA06</Property>
			<Property Name="Thickness" Type="DimValue" Dimension="Length">6 mil</Property>
			<Property Name="Description" Type="String">T-lam_SS_1KA06;_Thermal_Conductive;_(1MHz)</Property>
			<Property Name="Note" Type="String">Tg=105;_Df=0.035</Property>
		</Entity>
		<Entity Id="6bd74f66-498b-4a10-94bc-38ab6d211465" TypeId="27d70fdc-4c4e-4774-bfac-7efbb48cde47" RevisionId="213f7ab1-e5f1-4f0d-a19c-886f418396cf" RevisionDate="2021-03-16T04:34:50.4370739Z">
			<Property Name="Constructions" Type="String">Thermal_Conductive</Property>
			<Property Name="Resin" Type="DimValue" Dimension="Relative">0</Property>
			<Property Name="Frequency" Type="DimValue" Dimension="Frequency">1KHz</Property>
			<Property Name="DielectricConstant" Type="DimValue" Dimension="Dimensionless">4.3</Property>
			<Property Name="LossTangent" Type="DimValue" Dimension="Dimensionless">0.008</Property>
			<Property Name="GlassTransTemp" Type="DimValue" Dimension="Temperature">105</Property>
			<Property Name="Manufacturer" Type="String">Laird_Techno10gies</Property>
			<Property Name="Name" Type="String">T-lam_SS_1KA08</Property>
			<Property Name="Thickness" Type="DimValue" Dimension="Length">8 mil</Property>
			<Property Name="Description" Type="String">T-lam_SS_1KA08;_Thermal_Conductive;_(1KHz)</Property>
			<Property Name="Note" Type="String">Tg=105;_Df=0.008</Property>
		</Entity>
		<Entity Id="6bd74f66-498b-4a10-94bc-38ab6d211466" TypeId="27d70fdc-4c4e-4774-bfac-7efbb48cde47" RevisionId="213f7ab1-e5f1-4f0d-a19c-886f418396cf" RevisionDate="2021-03-16T04:34:50.4370739Z">
			<Property Name="Constructions" Type="String">Thermal_Conductive</Property>
			<Property Name="Resin" Type="DimValue" Dimension="Relative">0</Property>
			<Property Name="Frequency" Type="DimValue" Dimension="Frequency">1MHz</Property>
			<Property Name="DielectricConstant" Type="DimValue" Dimension="Dimensionless">4.1</Property>
			<Property Name="LossTangent" Type="DimValue" Dimension="Dimensionless">0.035</Property>
			<Property Name="GlassTransTemp" Type="DimValue" Dimension="Temperature">105</Property>
			<Property Name="Manufacturer" Type="String">Laird_Techno10gies</Property>
			<Property Name="Name" Type="String">T-lamSS_1KA08</Property>
			<Property Name="Thickness" Type="DimValue" Dimension="Length">8 mil</Property>
			<Property Name="Description" Type="String">T-lam_SS_1KA08;_Thermal_Conductive:_(1MHz)</Property>
			<Property Name="Note" Type="String">Tg=105:_Df=0.035</Property>
		</Entity>
	</Entities>
	<EntityExtensions />
</ExtensibleLibrary>
