﻿<?xml version="1.0" encoding="UTF-8"?>
<ExtensibleLibrary SerializerVersion="1.1.0.0" LibraryId="304daab4-9f31-485c-9cc0-983beabff0b4" Version="1.1.0.0" xmlns="http://altium.com/ns/Data/ExtensibleLibraries">
	<Types />
	<TypeExtensions />
	<Entities>
		<Entity Id="6bd74f66-498b-4a10-94bc-38ab6d215664" TypeId="27d70fdc-4c4e-4774-bfac-7efbb48cde47" RevisionId="213f7ab1-e5f1-4f0d-a19c-886f418396cf" RevisionDate="2021-03-16T04:34:50.4370739Z">
			<Property Name="Constructions" Type="String">FR-4/BiTiO3_Planar_Cap</Property>
			<Property Name="Resin" Type="DimValue" Dimension="Relative">0</Property>
			<Property Name="Frequency" Type="DimValue" Dimension="Frequency">1MHz</Property>
			<Property Name="DielectricConstant" Type="DimValue" Dimension="Dimensionless">30</Property>
			<Property Name="LossTangent" Type="DimValue" Dimension="Dimensionless">0.019</Property>
			<Property Name="GlassTransTemp" Type="DimValue" Dimension="Temperature">200</Property>
			<Property Name="Manufacturer" Type="String">Oak-Matsui_Techno10gies</Property>
			<Property Name="Name" Type="String">FaradFlex_BC-16T</Property>
			<Property Name="Thickness" Type="DimValue" Dimension="Length">0.63 mil</Property>
			<Property Name="Description" Type="String">FaradFlex_Planar_Cap;_BC-16T;_11nF/in2;_(1MHz)</Property>
			<Property Name="Note" Type="String">Tg=200C;_Df=0.019</Property>
		</Entity>
		<Entity Id="6bd74f66-498b-4a10-94bc-38ab6d215665" TypeId="27d70fdc-4c4e-4774-bfac-7efbb48cde47" RevisionId="213f7ab1-e5f1-4f0d-a19c-886f418396cf" RevisionDate="2021-03-16T04:34:50.4370739Z">
			<Property Name="Constructions" Type="String">FR-4/BiTiO3_Planar_Cap</Property>
			<Property Name="Resin" Type="DimValue" Dimension="Relative">0</Property>
			<Property Name="Frequency" Type="DimValue" Dimension="Frequency">1MHz</Property>
			<Property Name="DielectricConstant" Type="DimValue" Dimension="Dimensionless">10</Property>
			<Property Name="LossTangent" Type="DimValue" Dimension="Dimensionless">0.019</Property>
			<Property Name="GlassTransTemp" Type="DimValue" Dimension="Temperature">200</Property>
			<Property Name="Manufacturer" Type="String">Oak-Matsui_Techno10gies</Property>
			<Property Name="Name" Type="String">FaradFlex_BC-12TM</Property>
			<Property Name="Thickness" Type="DimValue" Dimension="Length">0.47 mil</Property>
			<Property Name="Description" Type="String">FaradFlex_Planar_Cap;_BC-12TM;_4.5nF/in2;_(1MHz)</Property>
			<Property Name="Note" Type="String">Tg=200C;_Df=0.019</Property>
		</Entity>
		<Entity Id="6bd74f66-498b-4a10-94bc-38ab6d215666" TypeId="27d70fdc-4c4e-4774-bfac-7efbb48cde47" RevisionId="213f7ab1-e5f1-4f0d-a19c-886f418396cf" RevisionDate="2021-03-16T04:34:50.4370739Z">
			<Property Name="Constructions" Type="String">FR-4/BiTiO3_Planar_Cap</Property>
			<Property Name="Resin" Type="DimValue" Dimension="Relative">0</Property>
			<Property Name="Frequency" Type="DimValue" Dimension="Frequency">1MHz</Property>
			<Property Name="DielectricConstant" Type="DimValue" Dimension="Dimensionless">4.4</Property>
			<Property Name="LossTangent" Type="DimValue" Dimension="Dimensionless">0.016</Property>
			<Property Name="GlassTransTemp" Type="DimValue" Dimension="Temperature">200</Property>
			<Property Name="Manufacturer" Type="String">Oak-Matsui_Techno10gies</Property>
			<Property Name="Name" Type="String">FaradFlex_BC-8</Property>
			<Property Name="Thickness" Type="DimValue" Dimension="Length">0.31 mil</Property>
			<Property Name="Description" Type="String">FaradFlex_Planar_Cap;_BC-8;_3.1nF/in2;_(1MHz)</Property>
			<Property Name="Note" Type="String">Tg=200C;_Df=0.016</Property>
		</Entity>
		<Entity Id="6bd74f66-498b-4a10-94bc-38ab6d215667" TypeId="27d70fdc-4c4e-4774-bfac-7efbb48cde47" RevisionId="213f7ab1-e5f1-4f0d-a19c-886f418396cf" RevisionDate="2021-03-16T04:34:50.4370739Z">
			<Property Name="Constructions" Type="String">FR-4/BiTiO3_Planar_Cap</Property>
			<Property Name="Resin" Type="DimValue" Dimension="Relative">0</Property>
			<Property Name="Frequency" Type="DimValue" Dimension="Frequency">1MHz</Property>
			<Property Name="DielectricConstant" Type="DimValue" Dimension="Dimensionless">4.6</Property>
			<Property Name="LossTangent" Type="DimValue" Dimension="Dimensionless">0.015</Property>
			<Property Name="GlassTransTemp" Type="DimValue" Dimension="Temperature">200</Property>
			<Property Name="Manufacturer" Type="String">Oak-Matsui_Techno10gies</Property>
			<Property Name="Name" Type="String">FaradFlex_BC-12</Property>
			<Property Name="Thickness" Type="DimValue" Dimension="Length">0.47 mil</Property>
			<Property Name="Description" Type="String">FaradFlex_Planar_Cap;_BC-12;_2.0nF/in2;_(1MHz)</Property>
			<Property Name="Note" Type="String">Tg=200C;_Df=0.015</Property>
		</Entity>
		<Entity Id="6bd74f66-498b-4a10-94bc-38ab6d215668" TypeId="27d70fdc-4c4e-4774-bfac-7efbb48cde47" RevisionId="213f7ab1-e5f1-4f0d-a19c-886f418396cf" RevisionDate="2021-03-16T04:34:50.4370739Z">
			<Property Name="Constructions" Type="String">FR-4/BiTiO3_Planar_Cap</Property>
			<Property Name="Resin" Type="DimValue" Dimension="Relative">0</Property>
			<Property Name="Frequency" Type="DimValue" Dimension="Frequency">1MHz</Property>
			<Property Name="DielectricConstant" Type="DimValue" Dimension="Dimensionless">4.6</Property>
			<Property Name="LossTangent" Type="DimValue" Dimension="Dimensionless">0.015</Property>
			<Property Name="GlassTransTemp" Type="DimValue" Dimension="Temperature">200</Property>
			<Property Name="Manufacturer" Type="String">Oak-Matsui_Techno10gies</Property>
			<Property Name="Name" Type="String">FaradFlex_BC-16T</Property>
			<Property Name="Thickness" Type="DimValue" Dimension="Length">0.63 mil</Property>
			<Property Name="Description" Type="String">FaradFlex_Planar_Cap;_BC-16;_1.5nF/in2;_(1MHz)</Property>
			<Property Name="Note" Type="String">Tg=200C;_Df=0.015</Property>
		</Entity>
		<Entity Id="6bd74f66-498b-4a10-94bc-38ab6d215669" TypeId="27d70fdc-4c4e-4774-bfac-7efbb48cde47" RevisionId="213f7ab1-e5f1-4f0d-a19c-886f418396cf" RevisionDate="2021-03-16T04:34:50.4370739Z">
			<Property Name="Constructions" Type="String">FR-4/BiTiO3_Planar_Cap</Property>
			<Property Name="Resin" Type="DimValue" Dimension="Relative">0</Property>
			<Property Name="Frequency" Type="DimValue" Dimension="Frequency">1MHz</Property>
			<Property Name="DielectricConstant" Type="DimValue" Dimension="Dimensionless">4.6</Property>
			<Property Name="LossTangent" Type="DimValue" Dimension="Dimensionless">0.015</Property>
			<Property Name="GlassTransTemp" Type="DimValue" Dimension="Temperature">200</Property>
			<Property Name="Manufacturer" Type="String">Oak-Matsui_Techno10gies</Property>
			<Property Name="Name" Type="String">FaradFlex_BC-24</Property>
			<Property Name="Thickness" Type="DimValue" Dimension="Length">0.94 mil</Property>
			<Property Name="Description" Type="String">FaradFlex_Planar_Cap;_BC-24:_1.0nF/in2;_(1MHz)</Property>
			<Property Name="Note" Type="String">Tg=200C;_Df=0.015</Property>
		</Entity>
		<Entity Id="6bd74f66-498b-4a10-94bc-38ab6d215670" TypeId="27d70fdc-4c4e-4774-bfac-7efbb48cde47" RevisionId="213f7ab1-e5f1-4f0d-a19c-886f418396cf" RevisionDate="2021-03-16T04:34:50.4370739Z">
			<Property Name="Constructions" Type="String">Ultra_Thin_Embedded_Capacitance_Material</Property>
			<Property Name="Resin" Type="DimValue" Dimension="Relative">0</Property>
			<Property Name="Frequency" Type="DimValue" Dimension="Frequency">1MHz</Property>
			<Property Name="DielectricConstant" Type="DimValue" Dimension="Dimensionless">4.4</Property>
			<Property Name="LossTangent" Type="DimValue" Dimension="Dimensionless">0.016</Property>
			<Property Name="GlassTransTemp" Type="DimValue" Dimension="Temperature">185</Property>
			<Property Name="Manufacturer" Type="String">Oak-Matsui_Techno10gies</Property>
			<Property Name="Name" Type="String">FaradFlex_MC8M</Property>
			<Property Name="Thickness" Type="DimValue" Dimension="Length">0.31 mil</Property>
			<Property Name="Description" Type="String">FaradFlex_MC8M;_0.57nF/cm2;_(1MHz)</Property>
			<Property Name="Note" Type="String">Tg=185C;_Df=0.016</Property>
		</Entity>
		<Entity Id="6bd74f66-498b-4a10-94bc-38ab6d215671" TypeId="27d70fdc-4c4e-4774-bfac-7efbb48cde47" RevisionId="213f7ab1-e5f1-4f0d-a19c-886f418396cf" RevisionDate="2021-03-16T04:34:50.4370739Z">
			<Property Name="Constructions" Type="String">Ultra_Thin_Embedded_Capacitance_Material</Property>
			<Property Name="Resin" Type="DimValue" Dimension="Relative">0</Property>
			<Property Name="Frequency" Type="DimValue" Dimension="Frequency">1MHz</Property>
			<Property Name="DielectricConstant" Type="DimValue" Dimension="Dimensionless">4.4</Property>
			<Property Name="LossTangent" Type="DimValue" Dimension="Dimensionless">0.015</Property>
			<Property Name="GlassTransTemp" Type="DimValue" Dimension="Temperature">185</Property>
			<Property Name="Manufacturer" Type="String">Oak-Matsui_Techno10gies</Property>
			<Property Name="Name" Type="String">FaradFlex_MC12M</Property>
			<Property Name="Thickness" Type="DimValue" Dimension="Length">0.47 mil</Property>
			<Property Name="Description" Type="String">FaradFlex_MC12M;_0.32nF/cm2;_(1MHz)</Property>
			<Property Name="Note" Type="String">Tg=185C;_Df=0.015</Property>
		</Entity>
		<Entity Id="6bd74f66-498b-4a10-94bc-38ab6d215672" TypeId="27d70fdc-4c4e-4774-bfac-7efbb48cde47" RevisionId="213f7ab1-e5f1-4f0d-a19c-886f418396cf" RevisionDate="2021-03-16T04:34:50.4370739Z">
			<Property Name="Constructions" Type="String">Ultra_Thin_Embedded_Capacitance_Material</Property>
			<Property Name="Resin" Type="DimValue" Dimension="Relative">0</Property>
			<Property Name="Frequency" Type="DimValue" Dimension="Frequency">1MHz</Property>
			<Property Name="DielectricConstant" Type="DimValue" Dimension="Dimensionless">3.9</Property>
			<Property Name="LossTangent" Type="DimValue" Dimension="Dimensionless">0.004</Property>
			<Property Name="GlassTransTemp" Type="DimValue" Dimension="Temperature">0</Property>
			<Property Name="Manufacturer" Type="String">Oak-Matsui_Techno10gies</Property>
			<Property Name="Name" Type="String">FaradFlex_MC24L</Property>
			<Property Name="Thickness" Type="DimValue" Dimension="Length">0.94 mil</Property>
			<Property Name="Description" Type="String">FaradFlex_MC24L;_0.13nF/cm2;_(1MHz)</Property>
			<Property Name="Note" Type="String">Df=0.004</Property>
		</Entity>
		<Entity Id="6bd74f66-498b-4a10-94bc-38ab6d215673" TypeId="27d70fdc-4c4e-4774-bfac-7efbb48cde47" RevisionId="213f7ab1-e5f1-4f0d-a19c-886f418396cf" RevisionDate="2021-03-16T04:34:50.4370739Z">
			<Property Name="Constructions" Type="String">Ultra_Thin_Embedded_Capacitance_Material</Property>
			<Property Name="Resin" Type="DimValue" Dimension="Relative">0</Property>
			<Property Name="Frequency" Type="DimValue" Dimension="Frequency">1MHz</Property>
			<Property Name="DielectricConstant" Type="DimValue" Dimension="Dimensionless">4.4</Property>
			<Property Name="LossTangent" Type="DimValue" Dimension="Dimensionless">0.015</Property>
			<Property Name="GlassTransTemp" Type="DimValue" Dimension="Temperature">185</Property>
			<Property Name="Manufacturer" Type="String">Oak-Matsui_Techno10gies</Property>
			<Property Name="Name" Type="String">FaradFlex_MC24M</Property>
			<Property Name="Thickness" Type="DimValue" Dimension="Length">0.94 mil</Property>
			<Property Name="Description" Type="String">FaradFlex_MC24M;_0.18nF/cm2;_(1MHz)</Property>
			<Property Name="Note" Type="String">Tg=185C;_Df=0.015</Property>
		</Entity>
		<Entity Id="6bd74f66-498b-4a10-94bc-38ab6d215674" TypeId="27d70fdc-4c4e-4774-bfac-7efbb48cde47" RevisionId="213f7ab1-e5f1-4f0d-a19c-886f418396cf" RevisionDate="2021-03-16T04:34:50.4370739Z">
			<Property Name="Constructions" Type="String">Ultra_Thin_Embedded_Capacitance_Material</Property>
			<Property Name="Resin" Type="DimValue" Dimension="Relative">0</Property>
			<Property Name="Frequency" Type="DimValue" Dimension="Frequency">1GHz</Property>
			<Property Name="DielectricConstant" Type="DimValue" Dimension="Dimensionless">3.48</Property>
			<Property Name="LossTangent" Type="DimValue" Dimension="Dimensionless">0.021</Property>
			<Property Name="GlassTransTemp" Type="DimValue" Dimension="Temperature">185</Property>
			<Property Name="Manufacturer" Type="String">Oak-Matsui_Techno10gies</Property>
			<Property Name="Name" Type="String">FaradFlex_MC8M</Property>
			<Property Name="Thickness" Type="DimValue" Dimension="Length">0.31 mil</Property>
			<Property Name="Description" Type="String">FaradFlex_MC8M;_0.39nF/cm2;_(1GHz)</Property>
			<Property Name="Note" Type="String">Tg=185C;_Df=0.021</Property>
		</Entity>
		<Entity Id="6bd74f66-498b-4a10-94bc-38ab6d215675" TypeId="27d70fdc-4c4e-4774-bfac-7efbb48cde47" RevisionId="213f7ab1-e5f1-4f0d-a19c-886f418396cf" RevisionDate="2021-03-16T04:34:50.4370739Z">
			<Property Name="Constructions" Type="String">Ultra_Thin_Embedded_Capacitance_Material</Property>
			<Property Name="Resin" Type="DimValue" Dimension="Relative">0</Property>
			<Property Name="Frequency" Type="DimValue" Dimension="Frequency">1GHz</Property>
			<Property Name="DielectricConstant" Type="DimValue" Dimension="Dimensionless">3.5</Property>
			<Property Name="LossTangent" Type="DimValue" Dimension="Dimensionless">0.02</Property>
			<Property Name="GlassTransTemp" Type="DimValue" Dimension="Temperature">185</Property>
			<Property Name="Manufacturer" Type="String">Oak-Matsui_Techno10gies</Property>
			<Property Name="Name" Type="String">FaradFlex_MC12M</Property>
			<Property Name="Thickness" Type="DimValue" Dimension="Length">0.47 mil</Property>
			<Property Name="Description" Type="String">FaradFlex_MC12M;_0.25nF/cm2;_(1GHz)</Property>
			<Property Name="Note" Type="String">Tg=185C;_Df=0.020</Property>
		</Entity>
		<Entity Id="6bd74f66-498b-4a10-94bc-38ab6d215676" TypeId="27d70fdc-4c4e-4774-bfac-7efbb48cde47" RevisionId="213f7ab1-e5f1-4f0d-a19c-886f418396cf" RevisionDate="2021-03-16T04:34:50.4370739Z">
			<Property Name="Constructions" Type="String">Ultra_Thin_Embedded_Capacitance_Material</Property>
			<Property Name="Resin" Type="DimValue" Dimension="Relative">0</Property>
			<Property Name="Frequency" Type="DimValue" Dimension="Frequency">1GHz</Property>
			<Property Name="DielectricConstant" Type="DimValue" Dimension="Dimensionless">3.2</Property>
			<Property Name="LossTangent" Type="DimValue" Dimension="Dimensionless">0.005</Property>
			<Property Name="GlassTransTemp" Type="DimValue" Dimension="Temperature">0</Property>
			<Property Name="Manufacturer" Type="String">Oak-Matsui_Techno10gies</Property>
			<Property Name="Name" Type="String">FaradFlex_MC24L</Property>
			<Property Name="Thickness" Type="DimValue" Dimension="Length">0.94 mil</Property>
			<Property Name="Description" Type="String">FaradFlex_MC24L;_0.13nF/cm2;_(1GHz)</Property>
			<Property Name="Note" Type="String">Df=0.005</Property>
		</Entity>
		<Entity Id="6bd74f66-498b-4a10-94bc-38ab6d215677" TypeId="27d70fdc-4c4e-4774-bfac-7efbb48cde47" RevisionId="213f7ab1-e5f1-4f0d-a19c-886f418396cf" RevisionDate="2021-03-16T04:34:50.4370739Z">
			<Property Name="Constructions" Type="String">Ultra_Thin_Embedded_Capacitance_Material</Property>
			<Property Name="Resin" Type="DimValue" Dimension="Relative">0</Property>
			<Property Name="Frequency" Type="DimValue" Dimension="Frequency">1GHz</Property>
			<Property Name="DielectricConstant" Type="DimValue" Dimension="Dimensionless">3.48</Property>
			<Property Name="LossTangent" Type="DimValue" Dimension="Dimensionless">0.016</Property>
			<Property Name="GlassTransTemp" Type="DimValue" Dimension="Temperature">185</Property>
			<Property Name="Manufacturer" Type="String">Oak-Matsui_Techno10gies</Property>
			<Property Name="Name" Type="String">FaradFlex_MC24M</Property>
			<Property Name="Thickness" Type="DimValue" Dimension="Length">0.94 mil</Property>
			<Property Name="Description" Type="String">FaradFlex_MC24M;_0.14nF/cm2;_(1GHz)</Property>
			<Property Name="Note" Type="String">Tg=185C;_Df=0.016</Property>
		</Entity>
		<Entity Id="6bd74f66-498b-4a10-94bc-38ab6d215678" TypeId="27d70fdc-4c4e-4774-bfac-7efbb48cde47" RevisionId="213f7ab1-e5f1-4f0d-a19c-886f418396cf" RevisionDate="2021-03-16T04:34:50.4370739Z">
			<Property Name="Constructions" Type="String">Ultra_Thin_Embedded_Capacitance_Material</Property>
			<Property Name="Resin" Type="DimValue" Dimension="Relative">0</Property>
			<Property Name="Frequency" Type="DimValue" Dimension="Frequency">3GHz</Property>
			<Property Name="DielectricConstant" Type="DimValue" Dimension="Dimensionless">3.45</Property>
			<Property Name="LossTangent" Type="DimValue" Dimension="Dimensionless">0.021</Property>
			<Property Name="GlassTransTemp" Type="DimValue" Dimension="Temperature">185</Property>
			<Property Name="Manufacturer" Type="String">Oak-Matsui_Techno10gies</Property>
			<Property Name="Name" Type="String">FaradFlex_MC8M</Property>
			<Property Name="Thickness" Type="DimValue" Dimension="Length">0.31 mil</Property>
			<Property Name="Description" Type="String">FaradFlex_MC8M;_0.39nF/cm2;_(3GHz)</Property>
			<Property Name="Note" Type="String">Tg=185C;_Df=0.021</Property>
		</Entity>
		<Entity Id="6bd74f66-498b-4a10-94bc-38ab6d215679" TypeId="27d70fdc-4c4e-4774-bfac-7efbb48cde47" RevisionId="213f7ab1-e5f1-4f0d-a19c-886f418396cf" RevisionDate="2021-03-16T04:34:50.4370739Z">
			<Property Name="Constructions" Type="String">Ultra_Thin_Embedded_Capacitance_Material</Property>
			<Property Name="Resin" Type="DimValue" Dimension="Relative">0</Property>
			<Property Name="Frequency" Type="DimValue" Dimension="Frequency">3GHz</Property>
			<Property Name="DielectricConstant" Type="DimValue" Dimension="Dimensionless">3.5</Property>
			<Property Name="LossTangent" Type="DimValue" Dimension="Dimensionless">0.02</Property>
			<Property Name="GlassTransTemp" Type="DimValue" Dimension="Temperature">185</Property>
			<Property Name="Manufacturer" Type="String">Oak-Matsui_Techno10gies</Property>
			<Property Name="Name" Type="String">FaradFlex_MC12M</Property>
			<Property Name="Thickness" Type="DimValue" Dimension="Length">0.47 mil</Property>
			<Property Name="Description" Type="String">FaradFlex_MC12M;_0.24nF/cm2;_(3GHz)</Property>
			<Property Name="Note" Type="String">Tg=185C;_Df=0.020</Property>
		</Entity>
		<Entity Id="6bd74f66-498b-4a10-94bc-38ab6d215680" TypeId="27d70fdc-4c4e-4774-bfac-7efbb48cde47" RevisionId="213f7ab1-e5f1-4f0d-a19c-886f418396cf" RevisionDate="2021-03-16T04:34:50.4370739Z">
			<Property Name="Constructions" Type="String">Ultra_Thin_Embedded_Capacitance_Material</Property>
			<Property Name="Resin" Type="DimValue" Dimension="Relative">0</Property>
			<Property Name="Frequency" Type="DimValue" Dimension="Frequency">3GHz</Property>
			<Property Name="DielectricConstant" Type="DimValue" Dimension="Dimensionless">3.45</Property>
			<Property Name="LossTangent" Type="DimValue" Dimension="Dimensionless">0.017</Property>
			<Property Name="GlassTransTemp" Type="DimValue" Dimension="Temperature">185</Property>
			<Property Name="Manufacturer" Type="String">Oak-Matsui_Techno10gies</Property>
			<Property Name="Name" Type="String">FaradFlex_MC24M</Property>
			<Property Name="Thickness" Type="DimValue" Dimension="Length">0.94 mil</Property>
			<Property Name="Description" Type="String">FaradFlex_MC24M;_0.14nF/cm2;_(3GHz)</Property>
			<Property Name="Note" Type="String">Tg=185C;_Df=0.017</Property>
		</Entity>
		<Entity Id="6bd74f66-498b-4a10-94bc-38ab6d215681" TypeId="27d70fdc-4c4e-4774-bfac-7efbb48cde47" RevisionId="213f7ab1-e5f1-4f0d-a19c-886f418396cf" RevisionDate="2021-03-16T04:34:50.4370739Z">
			<Property Name="Constructions" Type="String">Ultra_Thin_Embedded_Capacitance_Material</Property>
			<Property Name="Resin" Type="DimValue" Dimension="Relative">0</Property>
			<Property Name="Frequency" Type="DimValue" Dimension="Frequency">10GHz</Property>
			<Property Name="DielectricConstant" Type="DimValue" Dimension="Dimensionless">3.37</Property>
			<Property Name="LossTangent" Type="DimValue" Dimension="Dimensionless">0.021</Property>
			<Property Name="GlassTransTemp" Type="DimValue" Dimension="Temperature">185</Property>
			<Property Name="Manufacturer" Type="String">Oak-Matsui_Techno10gies</Property>
			<Property Name="Name" Type="String">FaradFlex_MC8M</Property>
			<Property Name="Thickness" Type="DimValue" Dimension="Length">0.31 mil</Property>
			<Property Name="Description" Type="String">FaradFlex_MC8M;_0.38nF/cm2;_(10GHz)</Property>
			<Property Name="Note" Type="String">Tg=185C;_Df=0.021</Property>
		</Entity>
		<Entity Id="6bd74f66-498b-4a10-94bc-38ab6d215682" TypeId="27d70fdc-4c4e-4774-bfac-7efbb48cde47" RevisionId="213f7ab1-e5f1-4f0d-a19c-886f418396cf" RevisionDate="2021-03-16T04:34:50.4370739Z">
			<Property Name="Constructions" Type="String">Ultra_Thin_Embedded_Capacitance_Material</Property>
			<Property Name="Resin" Type="DimValue" Dimension="Relative">0</Property>
			<Property Name="Frequency" Type="DimValue" Dimension="Frequency">10GHz</Property>
			<Property Name="DielectricConstant" Type="DimValue" Dimension="Dimensionless">3.4</Property>
			<Property Name="LossTangent" Type="DimValue" Dimension="Dimensionless">0.02</Property>
			<Property Name="GlassTransTemp" Type="DimValue" Dimension="Temperature">185</Property>
			<Property Name="Manufacturer" Type="String">Oak-Matsui_Techno10gies</Property>
			<Property Name="Name" Type="String">FaradFlex_MC12M</Property>
			<Property Name="Thickness" Type="DimValue" Dimension="Length">0.47 mil</Property>
			<Property Name="Description" Type="String">FaradFlex_MC12M;_0.23nF/cm2;_(10GHz)</Property>
			<Property Name="Note" Type="String">Tg=185C;_Df=0.020</Property>
		</Entity>
		<Entity Id="6bd74f66-498b-4a10-94bc-38ab6d215683" TypeId="27d70fdc-4c4e-4774-bfac-7efbb48cde47" RevisionId="213f7ab1-e5f1-4f0d-a19c-886f418396cf" RevisionDate="2021-03-16T04:34:50.4370739Z">
			<Property Name="Constructions" Type="String">Ultra_Thin_Embedded_Capacitance_Material</Property>
			<Property Name="Resin" Type="DimValue" Dimension="Relative">0</Property>
			<Property Name="Frequency" Type="DimValue" Dimension="Frequency">10GHz</Property>
			<Property Name="DielectricConstant" Type="DimValue" Dimension="Dimensionless">3.37</Property>
			<Property Name="LossTangent" Type="DimValue" Dimension="Dimensionless">0.017</Property>
			<Property Name="GlassTransTemp" Type="DimValue" Dimension="Temperature">185</Property>
			<Property Name="Manufacturer" Type="String">Oak-Matsui_Techno10gies</Property>
			<Property Name="Name" Type="String">FaradFlex_MC24M</Property>
			<Property Name="Thickness" Type="DimValue" Dimension="Length">0.94 mil</Property>
			<Property Name="Description" Type="String">FaradFlex_MC24M;_0.13nF/cm2;_(10GHz)</Property>
			<Property Name="Note" Type="String">Tg=185C;_Df=0.017</Property>
		</Entity>
		<Entity Id="6bd74f66-498b-4a10-94bc-38ab6d215684" TypeId="27d70fdc-4c4e-4774-bfac-7efbb48cde47" RevisionId="213f7ab1-e5f1-4f0d-a19c-886f418396cf" RevisionDate="2021-03-16T04:34:50.4370739Z">
			<Property Name="Constructions" Type="String">Embedded_Capacitance_Material</Property>
			<Property Name="Resin" Type="DimValue" Dimension="Relative">0</Property>
			<Property Name="Frequency" Type="DimValue" Dimension="Frequency">1MHz</Property>
			<Property Name="DielectricConstant" Type="DimValue" Dimension="Dimensionless">7.7</Property>
			<Property Name="LossTangent" Type="DimValue" Dimension="Dimensionless">0.018</Property>
			<Property Name="GlassTransTemp" Type="DimValue" Dimension="Temperature">0</Property>
			<Property Name="Manufacturer" Type="String">Oak-Matsui_Techno10gies</Property>
			<Property Name="Name" Type="String">FaradFlex_MC5TM</Property>
			<Property Name="Thickness" Type="DimValue" Dimension="Length">0.20 mil</Property>
			<Property Name="Description" Type="String">FaradFlex_MC5TM;_1.32nF/in2;_(1MHz)</Property>
			<Property Name="Note" Type="String">Df=0.018</Property>
		</Entity>
		<Entity Id="6bd74f66-498b-4a10-94bc-38ab6d215685" TypeId="27d70fdc-4c4e-4774-bfac-7efbb48cde47" RevisionId="213f7ab1-e5f1-4f0d-a19c-886f418396cf" RevisionDate="2021-03-16T04:34:50.4370739Z">
			<Property Name="Constructions" Type="String">Embedded_Capacitance_Material</Property>
			<Property Name="Resin" Type="DimValue" Dimension="Relative">0</Property>
			<Property Name="Frequency" Type="DimValue" Dimension="Frequency">1MHz</Property>
			<Property Name="DielectricConstant" Type="DimValue" Dimension="Dimensionless">10</Property>
			<Property Name="LossTangent" Type="DimValue" Dimension="Dimensionless">0.015</Property>
			<Property Name="GlassTransTemp" Type="DimValue" Dimension="Temperature">0</Property>
			<Property Name="Manufacturer" Type="String">Oak-Matsui_Techno10gies</Property>
			<Property Name="Name" Type="String">FaradFlex_MC7TM</Property>
			<Property Name="Thickness" Type="DimValue" Dimension="Length">0.28 mil</Property>
			<Property Name="Description" Type="String">FaradFlex_MC7TM;_0.72nF/in2;_(1MHz)</Property>
			<Property Name="Note" Type="String">Df=0.015</Property>
		</Entity>
		<Entity Id="6bd74f66-498b-4a10-94bc-38ab6d215686" TypeId="27d70fdc-4c4e-4774-bfac-7efbb48cde47" RevisionId="213f7ab1-e5f1-4f0d-a19c-886f418396cf" RevisionDate="2021-03-16T04:34:50.4370739Z">
			<Property Name="Constructions" Type="String">Embedded_Capacitance_Material</Property>
			<Property Name="Resin" Type="DimValue" Dimension="Relative">0</Property>
			<Property Name="Frequency" Type="DimValue" Dimension="Frequency">1MHz</Property>
			<Property Name="DielectricConstant" Type="DimValue" Dimension="Dimensionless">10.5</Property>
			<Property Name="LossTangent" Type="DimValue" Dimension="Dimensionless">0.02</Property>
			<Property Name="GlassTransTemp" Type="DimValue" Dimension="Temperature">0</Property>
			<Property Name="Manufacturer" Type="String">Oak-Matsui_Techno10gies</Property>
			<Property Name="Name" Type="String">FaradFlex_MC8TM</Property>
			<Property Name="Thickness" Type="DimValue" Dimension="Length">0.31 mil</Property>
			<Property Name="Description" Type="String">FaradFlex_MC8TM;_1.05nF/in2:_(1MHz)</Property>
			<Property Name="Note" Type="String">Df=0.020</Property>
		</Entity>
		<Entity Id="6bd74f66-498b-4a10-94bc-38ab6d215687" TypeId="27d70fdc-4c4e-4774-bfac-7efbb48cde47" RevisionId="213f7ab1-e5f1-4f0d-a19c-886f418396cf" RevisionDate="2021-03-16T04:34:50.4370739Z">
			<Property Name="Constructions" Type="String">Embedded_Capacitance_Material</Property>
			<Property Name="Resin" Type="DimValue" Dimension="Relative">0</Property>
			<Property Name="Frequency" Type="DimValue" Dimension="Frequency">1MHz</Property>
			<Property Name="DielectricConstant" Type="DimValue" Dimension="Dimensionless">10</Property>
			<Property Name="LossTangent" Type="DimValue" Dimension="Dimensionless">0.015</Property>
			<Property Name="GlassTransTemp" Type="DimValue" Dimension="Temperature">0</Property>
			<Property Name="Manufacturer" Type="String">Oak-Matsui_Techno10gies</Property>
			<Property Name="Name" Type="String">FaradFlex_MC12TM</Property>
			<Property Name="Thickness" Type="DimValue" Dimension="Length">0.47 mil</Property>
			<Property Name="Description" Type="String">FaradFlex_MC12TM;_4.2nF/in2;_(1MHz)</Property>
			<Property Name="Note" Type="String">Df=0.015</Property>
		</Entity>
		<Entity Id="6bd74f66-498b-4a10-94bc-38ab6d215688" TypeId="27d70fdc-4c4e-4774-bfac-7efbb48cde47" RevisionId="213f7ab1-e5f1-4f0d-a19c-886f418396cf" RevisionDate="2021-03-16T04:34:50.4370739Z">
			<Property Name="Constructions" Type="String">Embedded_Capacitance_Material</Property>
			<Property Name="Resin" Type="DimValue" Dimension="Relative">0</Property>
			<Property Name="Frequency" Type="DimValue" Dimension="Frequency">1MHz</Property>
			<Property Name="DielectricConstant" Type="DimValue" Dimension="Dimensionless">30</Property>
			<Property Name="LossTangent" Type="DimValue" Dimension="Dimensionless">0.034</Property>
			<Property Name="GlassTransTemp" Type="DimValue" Dimension="Temperature">0</Property>
			<Property Name="Manufacturer" Type="String">Oak-Matsui_Techno10gies</Property>
			<Property Name="Name" Type="String">FaradFlex_MC16T</Property>
			<Property Name="Thickness" Type="DimValue" Dimension="Length">0.63 mil</Property>
			<Property Name="Description" Type="String">FaradFlex_MC16T;_11nF/in2;_(1MHz)</Property>
			<Property Name="Note" Type="String">Df=0.034</Property>
		</Entity>
		<Entity Id="6bd74f66-498b-4a10-94bc-38ab6d215689" TypeId="27d70fdc-4c4e-4774-bfac-7efbb48cde47" RevisionId="213f7ab1-e5f1-4f0d-a19c-886f418396cf" RevisionDate="2021-03-16T04:34:50.4370739Z">
			<Property Name="Constructions" Type="String">Embedded_Capacitance_Material</Property>
			<Property Name="Resin" Type="DimValue" Dimension="Relative">0</Property>
			<Property Name="Frequency" Type="DimValue" Dimension="Frequency">1MHz</Property>
			<Property Name="DielectricConstant" Type="DimValue" Dimension="Dimensionless">18.5</Property>
			<Property Name="LossTangent" Type="DimValue" Dimension="Dimensionless">0.004</Property>
			<Property Name="GlassTransTemp" Type="DimValue" Dimension="Temperature">0</Property>
			<Property Name="Manufacturer" Type="String">Oak-Matsui_Techno10gies</Property>
			<Property Name="Name" Type="String">FaradFlex_MC25ST</Property>
			<Property Name="Thickness" Type="DimValue" Dimension="Length">0.98 mil</Property>
			<Property Name="Description" Type="String">FaradFlex_MC25ST;_4.3nF/in2;_(1MHz)</Property>
			<Property Name="Note" Type="String">Df=0.004</Property>
		</Entity>
		<Entity Id="6bd74f66-498b-4a10-94bc-38ab6d215690" TypeId="27d70fdc-4c4e-4774-bfac-7efbb48cde47" RevisionId="213f7ab1-e5f1-4f0d-a19c-886f418396cf" RevisionDate="2021-03-16T04:34:50.4370739Z">
			<Property Name="Constructions" Type="String">Embedded_Capacitance_Material</Property>
			<Property Name="Resin" Type="DimValue" Dimension="Relative">0</Property>
			<Property Name="Frequency" Type="DimValue" Dimension="Frequency">1MHz</Property>
			<Property Name="DielectricConstant" Type="DimValue" Dimension="Dimensionless">3.9</Property>
			<Property Name="LossTangent" Type="DimValue" Dimension="Dimensionless">0.004</Property>
			<Property Name="GlassTransTemp" Type="DimValue" Dimension="Temperature">0</Property>
			<Property Name="Manufacturer" Type="String">Oak-Matsui_Techno10gies</Property>
			<Property Name="Name" Type="String">FaradFlex_MC25L</Property>
			<Property Name="Thickness" Type="DimValue" Dimension="Length">0.98 mil</Property>
			<Property Name="Description" Type="String">FaradFlex_MC25L;_1.0nF/in2;_(1MHz)</Property>
			<Property Name="Note" Type="String">Df=0.004</Property>
		</Entity>
		<Entity Id="6bd74f66-498b-4a10-94bc-38ab6d215691" TypeId="27d70fdc-4c4e-4774-bfac-7efbb48cde47" RevisionId="213f7ab1-e5f1-4f0d-a19c-886f418396cf" RevisionDate="2021-03-16T04:34:50.4370739Z">
			<Property Name="Constructions" Type="String">Embedded_Capacitance_Material</Property>
			<Property Name="Resin" Type="DimValue" Dimension="Relative">0</Property>
			<Property Name="Frequency" Type="DimValue" Dimension="Frequency">1GHz</Property>
			<Property Name="DielectricConstant" Type="DimValue" Dimension="Dimensionless">3.8</Property>
			<Property Name="LossTangent" Type="DimValue" Dimension="Dimensionless">0.006</Property>
			<Property Name="GlassTransTemp" Type="DimValue" Dimension="Temperature">0</Property>
			<Property Name="Manufacturer" Type="String">Oak-Matsui_Techno10gies</Property>
			<Property Name="Name" Type="String">FaradFlex_MC25L</Property>
			<Property Name="Thickness" Type="DimValue" Dimension="Length">0.98 mil</Property>
			<Property Name="Description" Type="String">FaradFlex_MC25L;_1.0nF/in2;_(1GHz)</Property>
			<Property Name="Note" Type="String">Df=0.006</Property>
		</Entity>
		<Entity Id="6bd74f66-498b-4a10-94bc-38ab6d215692" TypeId="27d70fdc-4c4e-4774-bfac-7efbb48cde47" RevisionId="213f7ab1-e5f1-4f0d-a19c-886f418396cf" RevisionDate="2021-03-16T04:34:50.4370739Z">
			<Property Name="Constructions" Type="String">Embedded_Capacitance_Material</Property>
			<Property Name="Resin" Type="DimValue" Dimension="Relative">0</Property>
			<Property Name="Frequency" Type="DimValue" Dimension="Frequency">3GHz</Property>
			<Property Name="DielectricConstant" Type="DimValue" Dimension="Dimensionless">3.6</Property>
			<Property Name="LossTangent" Type="DimValue" Dimension="Dimensionless">0.006</Property>
			<Property Name="GlassTransTemp" Type="DimValue" Dimension="Temperature">0</Property>
			<Property Name="Manufacturer" Type="String">Oak-Matsui_Techno10gies</Property>
			<Property Name="Name" Type="String">FaradFlex_MC25L</Property>
			<Property Name="Thickness" Type="DimValue" Dimension="Length">0.98 mil</Property>
			<Property Name="Description" Type="String">FaradFlex_MC25L;_1.0nF/in2;_(3GHz)</Property>
			<Property Name="Note" Type="String">Df=0.006</Property>
		</Entity>
		<Entity Id="6bd74f66-498b-4a10-94bc-38ab6d215693" TypeId="27d70fdc-4c4e-4774-bfac-7efbb48cde47" RevisionId="213f7ab1-e5f1-4f0d-a19c-886f418396cf" RevisionDate="2021-03-16T04:34:50.4370739Z">
			<Property Name="Constructions" Type="String">Embedded_Capacitance_Material</Property>
			<Property Name="Resin" Type="DimValue" Dimension="Relative">0</Property>
			<Property Name="Frequency" Type="DimValue" Dimension="Frequency">10GHz</Property>
			<Property Name="DielectricConstant" Type="DimValue" Dimension="Dimensionless">3.6</Property>
			<Property Name="LossTangent" Type="DimValue" Dimension="Dimensionless">0.006</Property>
			<Property Name="GlassTransTemp" Type="DimValue" Dimension="Temperature">0</Property>
			<Property Name="Manufacturer" Type="String">Oak-Matsui_Techno10gies</Property>
			<Property Name="Name" Type="String">FaradFlex_MC25L</Property>
			<Property Name="Thickness" Type="DimValue" Dimension="Length">0.98 mil</Property>
			<Property Name="Description" Type="String">FaradFlex_MC25L;_1.0nF/in2;_(10GHz)</Property>
			<Property Name="Note" Type="String">Df=0.006</Property>
		</Entity>
		<Entity Id="6bd74f66-498b-4a10-94bc-38ab6d215694" TypeId="27d70fdc-4c4e-4774-bfac-7efbb48cde47" RevisionId="213f7ab1-e5f1-4f0d-a19c-886f418396cf" RevisionDate="2021-03-16T04:34:50.4370739Z">
			<Property Name="Constructions" Type="String">Embedded_Capacitance_Material</Property>
			<Property Name="Resin" Type="DimValue" Dimension="Relative">0</Property>
			<Property Name="Frequency" Type="DimValue" Dimension="Frequency">1MHz</Property>
			<Property Name="DielectricConstant" Type="DimValue" Dimension="Dimensionless">7.5</Property>
			<Property Name="LossTangent" Type="DimValue" Dimension="Dimensionless">0.0025</Property>
			<Property Name="GlassTransTemp" Type="DimValue" Dimension="Temperature">0</Property>
			<Property Name="Manufacturer" Type="String">Oak-Matsui_Techno10gies</Property>
			<Property Name="Name" Type="String">FaradFlex_MC25LD</Property>
			<Property Name="Thickness" Type="DimValue" Dimension="Length">0.98 mil</Property>
			<Property Name="Description" Type="String">FaradFlex_MC25LD;_1.7nF/in2;_(1MHz)</Property>
			<Property Name="Note" Type="String">Df=0.006</Property>
		</Entity>
		<Entity Id="6bd74f66-498b-4a10-94bc-38ab6d215695" TypeId="27d70fdc-4c4e-4774-bfac-7efbb48cde47" RevisionId="213f7ab1-e5f1-4f0d-a19c-886f418396cf" RevisionDate="2021-03-16T04:34:50.4370739Z">
			<Property Name="Constructions" Type="String">Embedded_Capacitance_Material</Property>
			<Property Name="Resin" Type="DimValue" Dimension="Relative">0</Property>
			<Property Name="Frequency" Type="DimValue" Dimension="Frequency">1GHz</Property>
			<Property Name="DielectricConstant" Type="DimValue" Dimension="Dimensionless">10.5</Property>
			<Property Name="LossTangent" Type="DimValue" Dimension="Dimensionless">0.02</Property>
			<Property Name="GlassTransTemp" Type="DimValue" Dimension="Temperature">0</Property>
			<Property Name="Manufacturer" Type="String">Oak-Matsui_Techno10gies</Property>
			<Property Name="Name" Type="String">FaradFlex_MC8TM</Property>
			<Property Name="Thickness" Type="DimValue" Dimension="Length">0.31 mil</Property>
			<Property Name="Description" Type="String">FaradFlex_MC8TM;_7.1nF/in2;_(1GHz)</Property>
			<Property Name="Note" Type="String">Df=0.020</Property>
		</Entity>
		<Entity Id="6bd74f66-498b-4a10-94bc-38ab6d215696" TypeId="27d70fdc-4c4e-4774-bfac-7efbb48cde47" RevisionId="213f7ab1-e5f1-4f0d-a19c-886f418396cf" RevisionDate="2021-03-16T04:34:50.4370739Z">
			<Property Name="Constructions" Type="String">Embedded_Capacitance_Material</Property>
			<Property Name="Resin" Type="DimValue" Dimension="Relative">0</Property>
			<Property Name="Frequency" Type="DimValue" Dimension="Frequency">1GHz</Property>
			<Property Name="DielectricConstant" Type="DimValue" Dimension="Dimensionless">10</Property>
			<Property Name="LossTangent" Type="DimValue" Dimension="Dimensionless">0.015</Property>
			<Property Name="GlassTransTemp" Type="DimValue" Dimension="Temperature">0</Property>
			<Property Name="Manufacturer" Type="String">Oak-Matsui_Techno10gies</Property>
			<Property Name="Name" Type="String">FaradFlex_MC12TM</Property>
			<Property Name="Thickness" Type="DimValue" Dimension="Length">0.47 mil</Property>
			<Property Name="Description" Type="String">FaradFlex_MC12TM;_4.2nF/in2;_(1GHz)</Property>
			<Property Name="Note" Type="String">Df=0.015</Property>
		</Entity>
		<Entity Id="6bd74f66-498b-4a10-94bc-38ab6d215697" TypeId="27d70fdc-4c4e-4774-bfac-7efbb48cde47" RevisionId="213f7ab1-e5f1-4f0d-a19c-886f418396cf" RevisionDate="2021-03-16T04:34:50.4370739Z">
			<Property Name="Constructions" Type="String">Embedded_Capacitance_Material</Property>
			<Property Name="Resin" Type="DimValue" Dimension="Relative">0</Property>
			<Property Name="Frequency" Type="DimValue" Dimension="Frequency">1GHz</Property>
			<Property Name="DielectricConstant" Type="DimValue" Dimension="Dimensionless">30</Property>
			<Property Name="LossTangent" Type="DimValue" Dimension="Dimensionless">0.034</Property>
			<Property Name="GlassTransTemp" Type="DimValue" Dimension="Temperature">0</Property>
			<Property Name="Manufacturer" Type="String">Oak-Matsui_Techno10gies</Property>
			<Property Name="Name" Type="String">FaradFlex_MC16T</Property>
			<Property Name="Thickness" Type="DimValue" Dimension="Length">0.63 mil</Property>
			<Property Name="Description" Type="String">FaradFlex_MC16T;_11nF/in2;_(1GHz)</Property>
			<Property Name="Note" Type="String">Df=0.034</Property>
		</Entity>
		<Entity Id="6bd74f66-498b-4a10-94bc-38ab6d215698" TypeId="27d70fdc-4c4e-4774-bfac-7efbb48cde47" RevisionId="213f7ab1-e5f1-4f0d-a19c-886f418396cf" RevisionDate="2021-03-16T04:34:50.4370739Z">
			<Property Name="Constructions" Type="String">Embedded_Capacitance_Material</Property>
			<Property Name="Resin" Type="DimValue" Dimension="Relative">0</Property>
			<Property Name="Frequency" Type="DimValue" Dimension="Frequency">1GHz</Property>
			<Property Name="DielectricConstant" Type="DimValue" Dimension="Dimensionless">18.5</Property>
			<Property Name="LossTangent" Type="DimValue" Dimension="Dimensionless">0.004</Property>
			<Property Name="GlassTransTemp" Type="DimValue" Dimension="Temperature">0</Property>
			<Property Name="Manufacturer" Type="String">Oak-Matsui_Techno10gies</Property>
			<Property Name="Name" Type="String">FaradFlex_MC25ST</Property>
			<Property Name="Thickness" Type="DimValue" Dimension="Length">0.98 mil</Property>
			<Property Name="Description" Type="String">FaradFlex_MC25ST;_4.3nF/in2;_(1GHz)</Property>
			<Property Name="Note" Type="String">Df=0.004</Property>
		</Entity>
		<Entity Id="6bd74f66-498b-4a10-94bc-38ab6d215699" TypeId="27d70fdc-4c4e-4774-bfac-7efbb48cde47" RevisionId="213f7ab1-e5f1-4f0d-a19c-886f418396cf" RevisionDate="2021-03-16T04:34:50.4370739Z">
			<Property Name="Constructions" Type="String">Embedded_Capacitance_Material</Property>
			<Property Name="Resin" Type="DimValue" Dimension="Relative">0</Property>
			<Property Name="Frequency" Type="DimValue" Dimension="Frequency">1GHz</Property>
			<Property Name="DielectricConstant" Type="DimValue" Dimension="Dimensionless">7.5</Property>
			<Property Name="LossTangent" Type="DimValue" Dimension="Dimensionless">0.0025</Property>
			<Property Name="GlassTransTemp" Type="DimValue" Dimension="Temperature">0</Property>
			<Property Name="Manufacturer" Type="String">Oak-Matsui_Techno10gies</Property>
			<Property Name="Name" Type="String">FaradFlex_MC25LD</Property>
			<Property Name="Thickness" Type="DimValue" Dimension="Length">0.98 mil</Property>
			<Property Name="Description" Type="String">FaradFlex_MC25LD;_1.7nF/in2;_(1GHz)</Property>
			<Property Name="Note" Type="String">Df=0.0025</Property>
		</Entity>
	</Entities>
	<EntityExtensions />
</ExtensibleLibrary>
