﻿<?xml version="1.0" encoding="UTF-8"?>
<ExtensibleLibrary SerializerVersion="1.1.0.0" LibraryId="304daab4-9f31-485c-9cc0-983beabff0b4" Version="1.1.0.0" xmlns="http://altium.com/ns/Data/ExtensibleLibraries">
	<Types />
	<TypeExtensions />
	<Entities>
		<Entity Id="6bd74f66-498b-4a10-94bc-38ab6d218640" TypeId="27d70fdc-4c4e-4774-bfac-7efbb48cde47" RevisionId="213f7ab1-e5f1-4f0d-a19c-886f418396cf" RevisionDate="2021-03-16T04:34:50.4370739Z">
			<Property Name="Constructions" Type="String">PEI_Laminate</Property>
			<Property Name="Resin" Type="DimValue" Dimension="Relative">0</Property>
			<Property Name="Frequency" Type="DimValue" Dimension="Frequency">3GHz</Property>
			<Property Name="DielectricConstant" Type="DimValue" Dimension="Dimensionless">3.05</Property>
			<Property Name="LossTangent" Type="DimValue" Dimension="Dimensionless">0.003</Property>
			<Property Name="GlassTransTemp" Type="DimValue" Dimension="Temperature">0</Property>
			<Property Name="Manufacturer" Type="String">Polyf10n</Property>
			<Property Name="Name" Type="String">Cu_Clad_ULTEM</Property>
			<Property Name="Thickness" Type="DimValue" Dimension="Length">35 mil</Property>
			<Property Name="Description" Type="String">Cu_Clad_ULTEM;_PEI_Laminate_(3GHz)</Property>
			<Property Name="Note" Type="String">Df=0.003</Property>
		</Entity>
		<Entity Id="6bd74f66-498b-4a10-94bc-38ab6d218641" TypeId="27d70fdc-4c4e-4774-bfac-7efbb48cde47" RevisionId="213f7ab1-e5f1-4f0d-a19c-886f418396cf" RevisionDate="2021-03-16T04:34:50.4370739Z">
			<Property Name="Constructions" Type="String">PEI_Laminate</Property>
			<Property Name="Resin" Type="DimValue" Dimension="Relative">0</Property>
			<Property Name="Frequency" Type="DimValue" Dimension="Frequency">3GHz</Property>
			<Property Name="DielectricConstant" Type="DimValue" Dimension="Dimensionless">3.05</Property>
			<Property Name="LossTangent" Type="DimValue" Dimension="Dimensionless">0.003</Property>
			<Property Name="GlassTransTemp" Type="DimValue" Dimension="Temperature">0</Property>
			<Property Name="Manufacturer" Type="String">Polyf10n</Property>
			<Property Name="Name" Type="String">Cu_Clad_ULTEM</Property>
			<Property Name="Thickness" Type="DimValue" Dimension="Length">62 mil</Property>
			<Property Name="Description" Type="String">Cu_Clad_ULTEM;_PEI_Laminate_(3GHz)</Property>
			<Property Name="Note" Type="String">Df=0.003</Property>
		</Entity>
		<Entity Id="6bd74f66-498b-4a10-94bc-38ab6d218642" TypeId="27d70fdc-4c4e-4774-bfac-7efbb48cde47" RevisionId="213f7ab1-e5f1-4f0d-a19c-886f418396cf" RevisionDate="2021-03-16T04:34:50.4370739Z">
			<Property Name="Constructions" Type="String">PEI_Laminate</Property>
			<Property Name="Resin" Type="DimValue" Dimension="Relative">0</Property>
			<Property Name="Frequency" Type="DimValue" Dimension="Frequency">3GHz</Property>
			<Property Name="DielectricConstant" Type="DimValue" Dimension="Dimensionless">3.05</Property>
			<Property Name="LossTangent" Type="DimValue" Dimension="Dimensionless">0.003</Property>
			<Property Name="GlassTransTemp" Type="DimValue" Dimension="Temperature">0</Property>
			<Property Name="Manufacturer" Type="String">Polyf10n</Property>
			<Property Name="Name" Type="String">Cu_Clad_ULTEM</Property>
			<Property Name="Thickness" Type="DimValue" Dimension="Length">125 mil</Property>
			<Property Name="Description" Type="String">Cu_Clad_ULTEM;_PEI_Laminate_(3GHz)</Property>
			<Property Name="Note" Type="String">Df=0.003</Property>
		</Entity>
		<Entity Id="6bd74f66-498b-4a10-94bc-38ab6d218643" TypeId="27d70fdc-4c4e-4774-bfac-7efbb48cde47" RevisionId="213f7ab1-e5f1-4f0d-a19c-886f418396cf" RevisionDate="2021-03-16T04:34:50.4370739Z">
			<Property Name="Constructions" Type="String">Ultra_10w_10ss_PTFE</Property>
			<Property Name="Resin" Type="DimValue" Dimension="Relative">0</Property>
			<Property Name="Frequency" Type="DimValue" Dimension="Frequency">18GHz</Property>
			<Property Name="DielectricConstant" Type="DimValue" Dimension="Dimensionless">2.05</Property>
			<Property Name="LossTangent" Type="DimValue" Dimension="Dimensionless">0.00045</Property>
			<Property Name="GlassTransTemp" Type="DimValue" Dimension="Temperature">0</Property>
			<Property Name="Manufacturer" Type="String">Polyf10n</Property>
			<Property Name="Name" Type="String">CuF10n</Property>
			<Property Name="Thickness" Type="DimValue" Dimension="Length">0.25 mil</Property>
			<Property Name="Description" Type="String">CuF10n;_Ultra_10w_10ss_PTFE;_(18GHz)</Property>
			<Property Name="Note" Type="String">Df=0.0005</Property>
		</Entity>
		<Entity Id="6bd74f66-498b-4a10-94bc-38ab6d218644" TypeId="27d70fdc-4c4e-4774-bfac-7efbb48cde47" RevisionId="213f7ab1-e5f1-4f0d-a19c-886f418396cf" RevisionDate="2021-03-16T04:34:50.4370739Z">
			<Property Name="Constructions" Type="String">Ultra_10w_10ss_PTFE</Property>
			<Property Name="Resin" Type="DimValue" Dimension="Relative">0</Property>
			<Property Name="Frequency" Type="DimValue" Dimension="Frequency">18GHz</Property>
			<Property Name="DielectricConstant" Type="DimValue" Dimension="Dimensionless">2.05</Property>
			<Property Name="LossTangent" Type="DimValue" Dimension="Dimensionless">0.00045</Property>
			<Property Name="GlassTransTemp" Type="DimValue" Dimension="Temperature">0</Property>
			<Property Name="Manufacturer" Type="String">Polyf10n</Property>
			<Property Name="Name" Type="String">CuF10n</Property>
			<Property Name="Thickness" Type="DimValue" Dimension="Length">0.5 mil</Property>
			<Property Name="Description" Type="String">CuF10n;_Ultra_10w_10ss_PTFE;_(18GHz)</Property>
			<Property Name="Note" Type="String">Df=0.0005</Property>
		</Entity>
		<Entity Id="6bd74f66-498b-4a10-94bc-38ab6d218645" TypeId="27d70fdc-4c4e-4774-bfac-7efbb48cde47" RevisionId="213f7ab1-e5f1-4f0d-a19c-886f418396cf" RevisionDate="2021-03-16T04:34:50.4370739Z">
			<Property Name="Constructions" Type="String">Ultra_10w_10ss_PTFE</Property>
			<Property Name="Resin" Type="DimValue" Dimension="Relative">0</Property>
			<Property Name="Frequency" Type="DimValue" Dimension="Frequency">18GHz</Property>
			<Property Name="DielectricConstant" Type="DimValue" Dimension="Dimensionless">2.05</Property>
			<Property Name="LossTangent" Type="DimValue" Dimension="Dimensionless">0.00045</Property>
			<Property Name="GlassTransTemp" Type="DimValue" Dimension="Temperature">0</Property>
			<Property Name="Manufacturer" Type="String">Polyf10n</Property>
			<Property Name="Name" Type="String">CuF10n</Property>
			<Property Name="Thickness" Type="DimValue" Dimension="Length">1 mil</Property>
			<Property Name="Description" Type="String">CuF10n;_Ultra_10w_10ss_PTFE;_(18GHz)</Property>
			<Property Name="Note" Type="String">Df=0.0005</Property>
		</Entity>
		<Entity Id="6bd74f66-498b-4a10-94bc-38ab6d218646" TypeId="27d70fdc-4c4e-4774-bfac-7efbb48cde47" RevisionId="213f7ab1-e5f1-4f0d-a19c-886f418396cf" RevisionDate="2021-03-16T04:34:50.4370739Z">
			<Property Name="Constructions" Type="String">Ultra_10w_10ss_PTFE</Property>
			<Property Name="Resin" Type="DimValue" Dimension="Relative">0</Property>
			<Property Name="Frequency" Type="DimValue" Dimension="Frequency">18GHz</Property>
			<Property Name="DielectricConstant" Type="DimValue" Dimension="Dimensionless">2.05</Property>
			<Property Name="LossTangent" Type="DimValue" Dimension="Dimensionless">0.00045</Property>
			<Property Name="GlassTransTemp" Type="DimValue" Dimension="Temperature">0</Property>
			<Property Name="Manufacturer" Type="String">Polyf10n</Property>
			<Property Name="Name" Type="String">CuF10n</Property>
			<Property Name="Thickness" Type="DimValue" Dimension="Length">2 mil</Property>
			<Property Name="Description" Type="String">CuF10n;_Ultra_10w_10ss_PTFE;_(18GHz)</Property>
			<Property Name="Note" Type="String">Df=0.0005</Property>
		</Entity>
		<Entity Id="6bd74f66-498b-4a10-94bc-38ab6d218647" TypeId="27d70fdc-4c4e-4774-bfac-7efbb48cde47" RevisionId="213f7ab1-e5f1-4f0d-a19c-886f418396cf" RevisionDate="2021-03-16T04:34:50.4370739Z">
			<Property Name="Constructions" Type="String">Ultra_10w_10ss_PTFE</Property>
			<Property Name="Resin" Type="DimValue" Dimension="Relative">0</Property>
			<Property Name="Frequency" Type="DimValue" Dimension="Frequency">18GHz</Property>
			<Property Name="DielectricConstant" Type="DimValue" Dimension="Dimensionless">2.05</Property>
			<Property Name="LossTangent" Type="DimValue" Dimension="Dimensionless">0.00045</Property>
			<Property Name="GlassTransTemp" Type="DimValue" Dimension="Temperature">0</Property>
			<Property Name="Manufacturer" Type="String">Polyf10n</Property>
			<Property Name="Name" Type="String">CuF10n</Property>
			<Property Name="Thickness" Type="DimValue" Dimension="Length">3 mil</Property>
			<Property Name="Description" Type="String">CuF10n;_Ultra_10w_10ss_PTFE;_(18GHz)</Property>
			<Property Name="Note" Type="String">Df=0.0005</Property>
		</Entity>
		<Entity Id="6bd74f66-498b-4a10-94bc-38ab6d218648" TypeId="27d70fdc-4c4e-4774-bfac-7efbb48cde47" RevisionId="213f7ab1-e5f1-4f0d-a19c-886f418396cf" RevisionDate="2021-03-16T04:34:50.4370739Z">
			<Property Name="Constructions" Type="String">Ultra_10w_10ss_PTFE</Property>
			<Property Name="Resin" Type="DimValue" Dimension="Relative">0</Property>
			<Property Name="Frequency" Type="DimValue" Dimension="Frequency">18GHz</Property>
			<Property Name="DielectricConstant" Type="DimValue" Dimension="Dimensionless">2.05</Property>
			<Property Name="LossTangent" Type="DimValue" Dimension="Dimensionless">0.00045</Property>
			<Property Name="GlassTransTemp" Type="DimValue" Dimension="Temperature">0</Property>
			<Property Name="Manufacturer" Type="String">Polyf10n</Property>
			<Property Name="Name" Type="String">CuF10n</Property>
			<Property Name="Thickness" Type="DimValue" Dimension="Length">5 mil</Property>
			<Property Name="Description" Type="String">CuF10n;_Ultra_10w_10ss_PTFE;_(18GHz)</Property>
			<Property Name="Note" Type="String">Df=0.0005</Property>
		</Entity>
		<Entity Id="6bd74f66-498b-4a10-94bc-38ab6d218649" TypeId="27d70fdc-4c4e-4774-bfac-7efbb48cde47" RevisionId="213f7ab1-e5f1-4f0d-a19c-886f418396cf" RevisionDate="2021-03-16T04:34:50.4370739Z">
			<Property Name="Constructions" Type="String">Ultra_10w_10ss_PTFE</Property>
			<Property Name="Resin" Type="DimValue" Dimension="Relative">0</Property>
			<Property Name="Frequency" Type="DimValue" Dimension="Frequency">18GHz</Property>
			<Property Name="DielectricConstant" Type="DimValue" Dimension="Dimensionless">2.05</Property>
			<Property Name="LossTangent" Type="DimValue" Dimension="Dimensionless">0.00045</Property>
			<Property Name="GlassTransTemp" Type="DimValue" Dimension="Temperature">0</Property>
			<Property Name="Manufacturer" Type="String">Polyf10n</Property>
			<Property Name="Name" Type="String">CuF10n</Property>
			<Property Name="Thickness" Type="DimValue" Dimension="Length">10 mil</Property>
			<Property Name="Description" Type="String">CuF10n;_Ultra_10w_10ss_PTFE;_(18GHz)</Property>
			<Property Name="Note" Type="String">Df=0.0005</Property>
		</Entity>
		<Entity Id="6bd74f66-498b-4a10-94bc-38ab6d218650" TypeId="27d70fdc-4c4e-4774-bfac-7efbb48cde47" RevisionId="213f7ab1-e5f1-4f0d-a19c-886f418396cf" RevisionDate="2021-03-16T04:34:50.4370739Z">
			<Property Name="Constructions" Type="String">Ultra_10w_10ss_PTFE</Property>
			<Property Name="Resin" Type="DimValue" Dimension="Relative">0</Property>
			<Property Name="Frequency" Type="DimValue" Dimension="Frequency">18GHz</Property>
			<Property Name="DielectricConstant" Type="DimValue" Dimension="Dimensionless">2.05</Property>
			<Property Name="LossTangent" Type="DimValue" Dimension="Dimensionless">0.00045</Property>
			<Property Name="GlassTransTemp" Type="DimValue" Dimension="Temperature">0</Property>
			<Property Name="Manufacturer" Type="String">Polyf10n</Property>
			<Property Name="Name" Type="String">CuF10n</Property>
			<Property Name="Thickness" Type="DimValue" Dimension="Length">15 mil</Property>
			<Property Name="Description" Type="String">CuF10n;_Ultra_10w_10ss_PTFE;_(18GHz)</Property>
			<Property Name="Note" Type="String">Df=0.0005</Property>
		</Entity>
		<Entity Id="6bd74f66-498b-4a10-94bc-38ab6d218651" TypeId="27d70fdc-4c4e-4774-bfac-7efbb48cde47" RevisionId="213f7ab1-e5f1-4f0d-a19c-886f418396cf" RevisionDate="2021-03-16T04:34:50.4370739Z">
			<Property Name="Constructions" Type="String">Ultra_10w_10ss_PTFE</Property>
			<Property Name="Resin" Type="DimValue" Dimension="Relative">0</Property>
			<Property Name="Frequency" Type="DimValue" Dimension="Frequency">18GHz</Property>
			<Property Name="DielectricConstant" Type="DimValue" Dimension="Dimensionless">2.05</Property>
			<Property Name="LossTangent" Type="DimValue" Dimension="Dimensionless">0.00045</Property>
			<Property Name="GlassTransTemp" Type="DimValue" Dimension="Temperature">0</Property>
			<Property Name="Manufacturer" Type="String">Polyf10n</Property>
			<Property Name="Name" Type="String">CuF10n</Property>
			<Property Name="Thickness" Type="DimValue" Dimension="Length">20 mil</Property>
			<Property Name="Description" Type="String">CuF10n;_Ultra_10w_10ss_PTFE;_(18GHz)</Property>
			<Property Name="Note" Type="String">Df=0.0005</Property>
		</Entity>
		<Entity Id="6bd74f66-498b-4a10-94bc-38ab6d218652" TypeId="27d70fdc-4c4e-4774-bfac-7efbb48cde47" RevisionId="213f7ab1-e5f1-4f0d-a19c-886f418396cf" RevisionDate="2021-03-16T04:34:50.4370739Z">
			<Property Name="Constructions" Type="String">Ultra_10w_10ss_PTFE</Property>
			<Property Name="Resin" Type="DimValue" Dimension="Relative">0</Property>
			<Property Name="Frequency" Type="DimValue" Dimension="Frequency">18GHz</Property>
			<Property Name="DielectricConstant" Type="DimValue" Dimension="Dimensionless">2.05</Property>
			<Property Name="LossTangent" Type="DimValue" Dimension="Dimensionless">0.00045</Property>
			<Property Name="GlassTransTemp" Type="DimValue" Dimension="Temperature">0</Property>
			<Property Name="Manufacturer" Type="String">Polyf10n</Property>
			<Property Name="Name" Type="String">CuF10n</Property>
			<Property Name="Thickness" Type="DimValue" Dimension="Length">31 mil</Property>
			<Property Name="Description" Type="String">CuF10n;_Ultra_10w_10ss_PTFE;_(18GHz)</Property>
			<Property Name="Note" Type="String">Df=0.0005</Property>
		</Entity>
		<Entity Id="6bd74f66-498b-4a10-94bc-38ab6d218653" TypeId="27d70fdc-4c4e-4774-bfac-7efbb48cde47" RevisionId="213f7ab1-e5f1-4f0d-a19c-886f418396cf" RevisionDate="2021-03-16T04:34:50.4370739Z">
			<Property Name="Constructions" Type="String">Ultra_10w_10ss_PTFE</Property>
			<Property Name="Resin" Type="DimValue" Dimension="Relative">0</Property>
			<Property Name="Frequency" Type="DimValue" Dimension="Frequency">18GHz</Property>
			<Property Name="DielectricConstant" Type="DimValue" Dimension="Dimensionless">2.05</Property>
			<Property Name="LossTangent" Type="DimValue" Dimension="Dimensionless">0.00045</Property>
			<Property Name="GlassTransTemp" Type="DimValue" Dimension="Temperature">0</Property>
			<Property Name="Manufacturer" Type="String">Polyf10n</Property>
			<Property Name="Name" Type="String">CuF10n</Property>
			<Property Name="Thickness" Type="DimValue" Dimension="Length">62 mil</Property>
			<Property Name="Description" Type="String">CuF10n;_Ultra_10w_10ss_PTFE;_(18GHz)</Property>
			<Property Name="Note" Type="String">Df=0.0005</Property>
		</Entity>
		<Entity Id="6bd74f66-498b-4a10-94bc-38ab6d218654" TypeId="27d70fdc-4c4e-4774-bfac-7efbb48cde47" RevisionId="213f7ab1-e5f1-4f0d-a19c-886f418396cf" RevisionDate="2021-03-16T04:34:50.4370739Z">
			<Property Name="Constructions" Type="String">Ultra_10w_10ss_PTFE</Property>
			<Property Name="Resin" Type="DimValue" Dimension="Relative">0</Property>
			<Property Name="Frequency" Type="DimValue" Dimension="Frequency">18GHz</Property>
			<Property Name="DielectricConstant" Type="DimValue" Dimension="Dimensionless">2.05</Property>
			<Property Name="LossTangent" Type="DimValue" Dimension="Dimensionless">0.00045</Property>
			<Property Name="GlassTransTemp" Type="DimValue" Dimension="Temperature">0</Property>
			<Property Name="Manufacturer" Type="String">Polyf10n</Property>
			<Property Name="Name" Type="String">CuF10n</Property>
			<Property Name="Thickness" Type="DimValue" Dimension="Length">125 mil</Property>
			<Property Name="Description" Type="String">CuF10n;_Ultra_10w_10ss_PTFE;_(18GHz)</Property>
			<Property Name="Note" Type="String">Df=0.0005</Property>
		</Entity>
		<Entity Id="6bd74f66-498b-4a10-94bc-38ab6d218655" TypeId="27d70fdc-4c4e-4774-bfac-7efbb48cde47" RevisionId="213f7ab1-e5f1-4f0d-a19c-886f418396cf" RevisionDate="2021-03-16T04:34:50.4370739Z">
			<Property Name="Constructions" Type="String">10w_10ss_Thermoplastic_PPO</Property>
			<Property Name="Resin" Type="DimValue" Dimension="Relative">0</Property>
			<Property Name="Frequency" Type="DimValue" Dimension="Frequency">3GHz</Property>
			<Property Name="DielectricConstant" Type="DimValue" Dimension="Dimensionless">2.55</Property>
			<Property Name="LossTangent" Type="DimValue" Dimension="Dimensionless">0.0011</Property>
			<Property Name="GlassTransTemp" Type="DimValue" Dimension="Temperature">0</Property>
			<Property Name="Manufacturer" Type="String">Polyf10n</Property>
			<Property Name="Name" Type="String">NorCLAD</Property>
			<Property Name="Thickness" Type="DimValue" Dimension="Length">60 mil</Property>
			<Property Name="Description" Type="String">NorCLAD;_10w_10ss_Thermoplastic_PPO_(3GHz)</Property>
			<Property Name="Note" Type="String">Df=0.0011</Property>
		</Entity>
		<Entity Id="6bd74f66-498b-4a10-94bc-38ab6d218656" TypeId="27d70fdc-4c4e-4774-bfac-7efbb48cde47" RevisionId="213f7ab1-e5f1-4f0d-a19c-886f418396cf" RevisionDate="2021-03-16T04:34:50.4370739Z">
			<Property Name="Constructions" Type="String">10w_10ss_Thermoplastic_PPO</Property>
			<Property Name="Resin" Type="DimValue" Dimension="Relative">0</Property>
			<Property Name="Frequency" Type="DimValue" Dimension="Frequency">3GHz</Property>
			<Property Name="DielectricConstant" Type="DimValue" Dimension="Dimensionless">2.55</Property>
			<Property Name="LossTangent" Type="DimValue" Dimension="Dimensionless">0.0011</Property>
			<Property Name="GlassTransTemp" Type="DimValue" Dimension="Temperature">0</Property>
			<Property Name="Manufacturer" Type="String">Polyf10n</Property>
			<Property Name="Name" Type="String">NorCLAD</Property>
			<Property Name="Thickness" Type="DimValue" Dimension="Length">90 mil</Property>
			<Property Name="Description" Type="String">NorCLAD;_10w_10ss_Thermoplastic_PPO_(3GHz)</Property>
			<Property Name="Note" Type="String">Df=0.0011</Property>
		</Entity>
		<Entity Id="6bd74f66-498b-4a10-94bc-38ab6d218657" TypeId="27d70fdc-4c4e-4774-bfac-7efbb48cde47" RevisionId="213f7ab1-e5f1-4f0d-a19c-886f418396cf" RevisionDate="2021-03-16T04:34:50.4370739Z">
			<Property Name="Constructions" Type="String">10w_10ss_Thermoplastic_PPO</Property>
			<Property Name="Resin" Type="DimValue" Dimension="Relative">0</Property>
			<Property Name="Frequency" Type="DimValue" Dimension="Frequency">3GHz</Property>
			<Property Name="DielectricConstant" Type="DimValue" Dimension="Dimensionless">2.55</Property>
			<Property Name="LossTangent" Type="DimValue" Dimension="Dimensionless">0.0011</Property>
			<Property Name="GlassTransTemp" Type="DimValue" Dimension="Temperature">0</Property>
			<Property Name="Manufacturer" Type="String">Polyf10n</Property>
			<Property Name="Name" Type="String">NorCLAD</Property>
			<Property Name="Thickness" Type="DimValue" Dimension="Length">125 mil</Property>
			<Property Name="Description" Type="String">NorCLAD;_10w_10ss_Thermoplastic_PPO_(3GHz)</Property>
			<Property Name="Note" Type="String">Df=0.0011</Property>
		</Entity>
		<Entity Id="6bd74f66-498b-4a10-94bc-38ab6d218658" TypeId="27d70fdc-4c4e-4774-bfac-7efbb48cde47" RevisionId="213f7ab1-e5f1-4f0d-a19c-886f418396cf" RevisionDate="2021-03-16T04:34:50.4370739Z">
			<Property Name="Constructions" Type="String">10w_10ss_Thermoplastic_PPO</Property>
			<Property Name="Resin" Type="DimValue" Dimension="Relative">0</Property>
			<Property Name="Frequency" Type="DimValue" Dimension="Frequency">3GHz</Property>
			<Property Name="DielectricConstant" Type="DimValue" Dimension="Dimensionless">2.55</Property>
			<Property Name="LossTangent" Type="DimValue" Dimension="Dimensionless">0.0011</Property>
			<Property Name="GlassTransTemp" Type="DimValue" Dimension="Temperature">0</Property>
			<Property Name="Manufacturer" Type="String">Polyf10n</Property>
			<Property Name="Name" Type="String">NorCLAD</Property>
			<Property Name="Thickness" Type="DimValue" Dimension="Length">250 mil</Property>
			<Property Name="Description" Type="String">NorCLAD;_10w_10ss_Thermoplastic_PPO_(3GHz)</Property>
			<Property Name="Note" Type="String">Df=0.0011</Property>
		</Entity>
		<Entity Id="6bd74f66-498b-4a10-94bc-38ab6d218659" TypeId="27d70fdc-4c4e-4774-bfac-7efbb48cde47" RevisionId="213f7ab1-e5f1-4f0d-a19c-886f418396cf" RevisionDate="2021-03-16T04:34:50.4370739Z">
			<Property Name="Constructions" Type="String">10w_10ss_Thermoplastic_PPO</Property>
			<Property Name="Resin" Type="DimValue" Dimension="Relative">0</Property>
			<Property Name="Frequency" Type="DimValue" Dimension="Frequency">3GHz</Property>
			<Property Name="DielectricConstant" Type="DimValue" Dimension="Dimensionless">2.55</Property>
			<Property Name="LossTangent" Type="DimValue" Dimension="Dimensionless">0.0011</Property>
			<Property Name="GlassTransTemp" Type="DimValue" Dimension="Temperature">0</Property>
			<Property Name="Manufacturer" Type="String">Polyf10n</Property>
			<Property Name="Name" Type="String">NorCLAD</Property>
			<Property Name="Thickness" Type="DimValue" Dimension="Length">375 mil</Property>
			<Property Name="Description" Type="String">NorCLAD;_10w_10ss_Thermoplastic_PPO_(3GHz)</Property>
			<Property Name="Note" Type="String">Df=0.0011</Property>
		</Entity>
		<Entity Id="6bd74f66-498b-4a10-94bc-38ab6d218660" TypeId="27d70fdc-4c4e-4774-bfac-7efbb48cde47" RevisionId="213f7ab1-e5f1-4f0d-a19c-886f418396cf" RevisionDate="2021-03-16T04:34:50.4370739Z">
			<Property Name="Constructions" Type="String">10w_10ss_Thermoplastic_PPO</Property>
			<Property Name="Resin" Type="DimValue" Dimension="Relative">0</Property>
			<Property Name="Frequency" Type="DimValue" Dimension="Frequency">3GHz</Property>
			<Property Name="DielectricConstant" Type="DimValue" Dimension="Dimensionless">2.55</Property>
			<Property Name="LossTangent" Type="DimValue" Dimension="Dimensionless">0.0011</Property>
			<Property Name="GlassTransTemp" Type="DimValue" Dimension="Temperature">0</Property>
			<Property Name="Manufacturer" Type="String">Polyf10n</Property>
			<Property Name="Name" Type="String">NorCLAD</Property>
			<Property Name="Thickness" Type="DimValue" Dimension="Length">500 mil</Property>
			<Property Name="Description" Type="String">NorCLAD;_10w_10ss_Thermoplastic_PPO_(3GHz)</Property>
			<Property Name="Note" Type="String">Df=0.0011</Property>
		</Entity>
	</Entities>
	<EntityExtensions />
</ExtensibleLibrary>
