﻿<?xml version="1.0" encoding="UTF-8"?>
<ExtensibleLibrary SerializerVersion="1.1.0.0" LibraryId="304daab4-9f31-485c-9cc0-983beabff0b4" Version="1.1.0.0" xmlns="http://altium.com/ns/Data/ExtensibleLibraries">
	<Types />
	<TypeExtensions />
	<Entities>
		<Entity Id="6bd74f66-498b-4a10-94bc-38ab6d215451" TypeId="27d70fdc-4c4e-4774-bfac-7efbb48cde47" RevisionId="213f7ab1-e5f1-4f0d-a19c-886f418396cf" RevisionDate="2021-03-16T04:34:50.4370739Z">
			<Property Name="Constructions" Type="String">NEMA_grade_G-10_FR-4</Property>
			<Property Name="Resin" Type="DimValue" Dimension="Relative">0</Property>
			<Property Name="Frequency" Type="DimValue" Dimension="Frequency">0MHz</Property>
			<Property Name="DielectricConstant" Type="DimValue" Dimension="Dimensionless">4.8</Property>
			<Property Name="LossTangent" Type="DimValue" Dimension="Dimensionless">0.032</Property>
			<Property Name="GlassTransTemp" Type="DimValue" Dimension="Temperature">130</Property>
			<Property Name="Manufacturer" Type="String">Norplex-Micarta</Property>
			<Property Name="Name" Type="String">NP510A_(WaveMax_5000:_SP252M)</Property>
			<Property Name="Thickness" Type="DimValue" Dimension="Length">62 mil</Property>
			<Property Name="Description" Type="String">NEMA_NP510A;_NEMA_grade_G-10_FR-4</Property>
			<Property Name="Note" Type="String">Tg=130C;_Df=0.032</Property>
		</Entity>
		<Entity Id="6bd74f66-498b-4a10-94bc-38ab6d215452" TypeId="27d70fdc-4c4e-4774-bfac-7efbb48cde47" RevisionId="213f7ab1-e5f1-4f0d-a19c-886f418396cf" RevisionDate="2021-03-16T04:34:50.4370739Z">
			<Property Name="Constructions" Type="String">NEMA_grade_G-10_FR-4</Property>
			<Property Name="Resin" Type="DimValue" Dimension="Relative">0</Property>
			<Property Name="Frequency" Type="DimValue" Dimension="Frequency">0MHz</Property>
			<Property Name="DielectricConstant" Type="DimValue" Dimension="Dimensionless">4.8</Property>
			<Property Name="LossTangent" Type="DimValue" Dimension="Dimensionless">0.032</Property>
			<Property Name="GlassTransTemp" Type="DimValue" Dimension="Temperature">130</Property>
			<Property Name="Manufacturer" Type="String">Norplex-Micarta</Property>
			<Property Name="Name" Type="String">NP510A_(WaveMax_5000:_SP252M)</Property>
			<Property Name="Thickness" Type="DimValue" Dimension="Length">125 mil</Property>
			<Property Name="Description" Type="String">NEMA_NP510A;_NEMA_grade_G-10_FR-4</Property>
			<Property Name="Note" Type="String">Tg=130C;_Df=0.032</Property>
		</Entity>
		<Entity Id="6bd74f66-498b-4a10-94bc-38ab6d215453" TypeId="27d70fdc-4c4e-4774-bfac-7efbb48cde47" RevisionId="213f7ab1-e5f1-4f0d-a19c-886f418396cf" RevisionDate="2021-03-16T04:34:50.4370739Z">
			<Property Name="Constructions" Type="String">NEMA_grade_G-10_FR-4</Property>
			<Property Name="Resin" Type="DimValue" Dimension="Relative">0</Property>
			<Property Name="Frequency" Type="DimValue" Dimension="Frequency">0MHz</Property>
			<Property Name="DielectricConstant" Type="DimValue" Dimension="Dimensionless">4.8</Property>
			<Property Name="LossTangent" Type="DimValue" Dimension="Dimensionless">0.032</Property>
			<Property Name="GlassTransTemp" Type="DimValue" Dimension="Temperature">130</Property>
			<Property Name="Manufacturer" Type="String">Norplex-Micarta</Property>
			<Property Name="Name" Type="String">NP510A_(WaveMax_5000:_SP252M)</Property>
			<Property Name="Thickness" Type="DimValue" Dimension="Length">500 mil</Property>
			<Property Name="Description" Type="String">NEMA_NP510A;_NEMA_grade_G-10_FR-4</Property>
			<Property Name="Note" Type="String">Tg=130C;_Df=0.032</Property>
		</Entity>
		<Entity Id="6bd74f66-498b-4a10-94bc-38ab6d215454" TypeId="27d70fdc-4c4e-4774-bfac-7efbb48cde47" RevisionId="213f7ab1-e5f1-4f0d-a19c-886f418396cf" RevisionDate="2021-03-16T04:34:50.4370739Z">
			<Property Name="Constructions" Type="String">NEMA_grade_G-10_FR-4</Property>
			<Property Name="Resin" Type="DimValue" Dimension="Relative">0</Property>
			<Property Name="Frequency" Type="DimValue" Dimension="Frequency">0MHz</Property>
			<Property Name="DielectricConstant" Type="DimValue" Dimension="Dimensionless">4.8</Property>
			<Property Name="LossTangent" Type="DimValue" Dimension="Dimensionless">0.02</Property>
			<Property Name="GlassTransTemp" Type="DimValue" Dimension="Temperature">185</Property>
			<Property Name="Manufacturer" Type="String">Norplex-Micarta</Property>
			<Property Name="Name" Type="String">NP511_(WaveMax_5000:_SP252M)</Property>
			<Property Name="Thickness" Type="DimValue" Dimension="Length">62 mil</Property>
			<Property Name="Description" Type="String">NEMANP511;_NEMA_grade_G-10_FR-4</Property>
			<Property Name="Note" Type="String">Tg=185C;_Df=0.020</Property>
		</Entity>
		<Entity Id="6bd74f66-498b-4a10-94bc-38ab6d215455" TypeId="27d70fdc-4c4e-4774-bfac-7efbb48cde47" RevisionId="213f7ab1-e5f1-4f0d-a19c-886f418396cf" RevisionDate="2021-03-16T04:34:50.4370739Z">
			<Property Name="Constructions" Type="String">NEMA_grade_G-10_FR-4</Property>
			<Property Name="Resin" Type="DimValue" Dimension="Relative">0</Property>
			<Property Name="Frequency" Type="DimValue" Dimension="Frequency">0MHz</Property>
			<Property Name="DielectricConstant" Type="DimValue" Dimension="Dimensionless">4.8</Property>
			<Property Name="LossTangent" Type="DimValue" Dimension="Dimensionless">0.02</Property>
			<Property Name="GlassTransTemp" Type="DimValue" Dimension="Temperature">185</Property>
			<Property Name="Manufacturer" Type="String">Norplex-Micarta</Property>
			<Property Name="Name" Type="String">NP511_(WaveMax_5000:_SP252M)</Property>
			<Property Name="Thickness" Type="DimValue" Dimension="Length">125 mil</Property>
			<Property Name="Description" Type="String">NEMANP511;_NEMA_grade_G-10_FR-4</Property>
			<Property Name="Note" Type="String">Tg=185C;_Df=0.020</Property>
		</Entity>
		<Entity Id="6bd74f66-498b-4a10-94bc-38ab6d215456" TypeId="27d70fdc-4c4e-4774-bfac-7efbb48cde47" RevisionId="213f7ab1-e5f1-4f0d-a19c-886f418396cf" RevisionDate="2021-03-16T04:34:50.4370739Z">
			<Property Name="Constructions" Type="String">NEMA_grade_G-10_FR-4</Property>
			<Property Name="Resin" Type="DimValue" Dimension="Relative">0</Property>
			<Property Name="Frequency" Type="DimValue" Dimension="Frequency">0MHz</Property>
			<Property Name="DielectricConstant" Type="DimValue" Dimension="Dimensionless">4.8</Property>
			<Property Name="LossTangent" Type="DimValue" Dimension="Dimensionless">0.02</Property>
			<Property Name="GlassTransTemp" Type="DimValue" Dimension="Temperature">185</Property>
			<Property Name="Manufacturer" Type="String">Norplex-Micarta</Property>
			<Property Name="Name" Type="String">NP511_(WaveMax_5000:_SP252M)</Property>
			<Property Name="Thickness" Type="DimValue" Dimension="Length">500 mil</Property>
			<Property Name="Description" Type="String">NEMANP511;_NEMA_grade_G-10_FR-4</Property>
			<Property Name="Note" Type="String">Tg=185C;_Df=0.020</Property>
		</Entity>
	</Entities>
	<EntityExtensions />
</ExtensibleLibrary>
