﻿<?xml version="1.0" encoding="UTF-8"?>
<ExtensibleLibrary SerializerVersion="1.1.0.0" LibraryId="304daab4-9f31-485c-9cc0-983beabff0b4" Version="1.1.0.0" xmlns="http://altium.com/ns/Data/ExtensibleLibraries">
	<Types />
	<TypeExtensions />
	<Entities>
		<Entity Id="6bd74f66-498b-4a10-94bc-38ab6d2aaaa0" TypeId="27d70fdc-4c4e-4774-bfac-7efbb48cde47" RevisionId="213f7ab1-e5f1-4f0d-a19c-886f418396cf" RevisionDate="2021-03-16T04:34:50.4370739Z">
			<Property Name="Constructions" Type="String">Ceramic_filled_epoxy</Property>
			<Property Name="Resin" Type="DimValue" Dimension="Relative">0</Property>
			<Property Name="Frequency" Type="DimValue" Dimension="Frequency">1KHz</Property>
			<Property Name="DielectricConstant" Type="DimValue" Dimension="Dimensionless">22</Property>
			<Property Name="LossTangent" Type="DimValue" Dimension="Dimensionless">0.01</Property>
			<Property Name="GlassTransTemp" Type="DimValue" Dimension="Temperature">120</Property>
			<Property Name="Manufacturer" Type="String">3M</Property>
			<Property Name="Name" Type="String">3M_Embedded_Capacitance_Material</Property>
			<Property Name="Thickness" Type="DimValue" Dimension="Length">0.24 mil</Property>
			<Property Name="Description" Type="String">3M_ECM:_C2006:_20nF/in2_(1kHz)</Property>
			<Property Name="Note" Type="String">Tg=120C;_Df=0.010</Property>
		</Entity>
		<Entity Id="6bd74f66-498b-4a10-94bc-38ab6d2aaaa1" TypeId="27d70fdc-4c4e-4774-bfac-7efbb48cde47" RevisionId="213f7ab1-e5f1-4f0d-a19c-886f418396cf" RevisionDate="2021-03-16T04:34:50.4370739Z">
			<Property Name="Constructions" Type="String">Ceramic_filled_epoxy</Property>
			<Property Name="Resin" Type="DimValue" Dimension="Relative">0</Property>
			<Property Name="Frequency" Type="DimValue" Dimension="Frequency">1KHz</Property>
			<Property Name="DielectricConstant" Type="DimValue" Dimension="Dimensionless">22</Property>
			<Property Name="LossTangent" Type="DimValue" Dimension="Dimensionless">0.01</Property>
			<Property Name="GlassTransTemp" Type="DimValue" Dimension="Temperature">120</Property>
			<Property Name="Manufacturer" Type="String">3M</Property>
			<Property Name="Name" Type="String">3M_Embedded_Capacitance_Material</Property>
			<Property Name="Thickness" Type="DimValue" Dimension="Length">0.47 mil</Property>
			<Property Name="Description" Type="String">3M_ECM:_Cl_012;_10nF/in2_(1kHz)</Property>
			<Property Name="Note" Type="String">Tg=120C;_Df=0.010</Property>
		</Entity>
		<Entity Id="6bd74f66-498b-4a10-94bc-38ab6d2aaaa2" TypeId="27d70fdc-4c4e-4774-bfac-7efbb48cde47" RevisionId="213f7ab1-e5f1-4f0d-a19c-886f418396cf" RevisionDate="2021-03-16T04:34:50.4370739Z">
			<Property Name="Constructions" Type="String">Ceramic_filled_epoxy</Property>
			<Property Name="Resin" Type="DimValue" Dimension="Relative">0</Property>
			<Property Name="Frequency" Type="DimValue" Dimension="Frequency">1KHz</Property>
			<Property Name="DielectricConstant" Type="DimValue" Dimension="Dimensionless">16</Property>
			<Property Name="LossTangent" Type="DimValue" Dimension="Dimensionless">0.005</Property>
			<Property Name="GlassTransTemp" Type="DimValue" Dimension="Temperature">120</Property>
			<Property Name="Manufacturer" Type="String">3M</Property>
			<Property Name="Name" Type="String">3M_Embedded_Capacitance_Material</Property>
			<Property Name="Thickness" Type="DimValue" Dimension="Length">0.55 mil</Property>
			<Property Name="Description" Type="String">3M_ECM:_C0614;_6.4nF/in2_(1kHz)</Property>
			<Property Name="Note" Type="String">Tg=120C;_Df=0.005</Property>
		</Entity>
	</Entities>
	<EntityExtensions />
</ExtensibleLibrary>
