﻿<?xml version="1.0" encoding="UTF-8"?>
<ExtensibleLibrary SerializerVersion="1.1.0.0" LibraryId="304daab4-9f31-485c-9cc0-983beabff0b4" Version="1.1.0.0" xmlns="http://altium.com/ns/Data/ExtensibleLibraries">
	<Types />
	<TypeExtensions />
	<Entities>
		<Entity Id="6bd74f66-498b-4a10-94bc-38ab6d211407" TypeId="27d70fdc-4c4e-4774-bfac-7efbb48cde47" RevisionId="213f7ab1-e5f1-4f0d-a19c-886f418396cf" RevisionDate="2021-03-16T04:34:50.4370739Z">
			<Property Name="Constructions" Type="String">2_layer_PI_laminate</Property>
			<Property Name="Resin" Type="DimValue" Dimension="Relative">0</Property>
			<Property Name="Frequency" Type="DimValue" Dimension="Frequency">1KHz</Property>
			<Property Name="DielectricConstant" Type="DimValue" Dimension="Dimensionless">3.2</Property>
			<Property Name="LossTangent" Type="DimValue" Dimension="Dimensionless">0.0021</Property>
			<Property Name="GlassTransTemp" Type="DimValue" Dimension="Temperature">0</Property>
			<Property Name="Manufacturer" Type="String">Krempel</Property>
			<Property Name="Name" Type="String">AkaFlex_KCL_2-5/25_HT</Property>
			<Property Name="Thickness" Type="DimValue" Dimension="Length">0.984251969 mil</Property>
			<Property Name="Description" Type="String">AkaFlex_KCL_2-5/25_HT;_(1KHz)</Property>
			<Property Name="Note" Type="String">Df=0.0021</Property>
		</Entity>
		<Entity Id="6bd74f66-498b-4a10-94bc-38ab6d211408" TypeId="27d70fdc-4c4e-4774-bfac-7efbb48cde47" RevisionId="213f7ab1-e5f1-4f0d-a19c-886f418396cf" RevisionDate="2021-03-16T04:34:50.4370739Z">
			<Property Name="Constructions" Type="String">2_layer_PI_laminate</Property>
			<Property Name="Resin" Type="DimValue" Dimension="Relative">0</Property>
			<Property Name="Frequency" Type="DimValue" Dimension="Frequency">1KHz</Property>
			<Property Name="DielectricConstant" Type="DimValue" Dimension="Dimensionless">3.2</Property>
			<Property Name="LossTangent" Type="DimValue" Dimension="Dimensionless">0.0021</Property>
			<Property Name="GlassTransTemp" Type="DimValue" Dimension="Temperature">0</Property>
			<Property Name="Manufacturer" Type="String">Krempel</Property>
			<Property Name="Name" Type="String">AkaFlex_KCL_2-9/25_HT</Property>
			<Property Name="Thickness" Type="DimValue" Dimension="Length">0.984251969 mil</Property>
			<Property Name="Description" Type="String">AkaFlex_KCL_2-9/25_HT;_(1KHz)</Property>
			<Property Name="Note" Type="String">Df=0.0021</Property>
		</Entity>
		<Entity Id="6bd74f66-498b-4a10-94bc-38ab6d211409" TypeId="27d70fdc-4c4e-4774-bfac-7efbb48cde47" RevisionId="213f7ab1-e5f1-4f0d-a19c-886f418396cf" RevisionDate="2021-03-16T04:34:50.4370739Z">
			<Property Name="Constructions" Type="String">2_layer_PI_laminate</Property>
			<Property Name="Resin" Type="DimValue" Dimension="Relative">0</Property>
			<Property Name="Frequency" Type="DimValue" Dimension="Frequency">1KHz</Property>
			<Property Name="DielectricConstant" Type="DimValue" Dimension="Dimensionless">3.2</Property>
			<Property Name="LossTangent" Type="DimValue" Dimension="Dimensionless">0.0021</Property>
			<Property Name="GlassTransTemp" Type="DimValue" Dimension="Temperature">0</Property>
			<Property Name="Manufacturer" Type="String">Krempel</Property>
			<Property Name="Name" Type="String">AkaFlex_KCL_2-17/25_HT</Property>
			<Property Name="Thickness" Type="DimValue" Dimension="Length">0.984251969 mil</Property>
			<Property Name="Description" Type="String">AkaFlex_KCL_2-17/25_HT;_(1KHz)</Property>
			<Property Name="Note" Type="String">Df=0.0021</Property>
		</Entity>
		<Entity Id="6bd74f66-498b-4a10-94bc-38ab6d211410" TypeId="27d70fdc-4c4e-4774-bfac-7efbb48cde47" RevisionId="213f7ab1-e5f1-4f0d-a19c-886f418396cf" RevisionDate="2021-03-16T04:34:50.4370739Z">
			<Property Name="Constructions" Type="String">2_layer_PI_laminate</Property>
			<Property Name="Resin" Type="DimValue" Dimension="Relative">0</Property>
			<Property Name="Frequency" Type="DimValue" Dimension="Frequency">1KHz</Property>
			<Property Name="DielectricConstant" Type="DimValue" Dimension="Dimensionless">3.2</Property>
			<Property Name="LossTangent" Type="DimValue" Dimension="Dimensionless">0.0021</Property>
			<Property Name="GlassTransTemp" Type="DimValue" Dimension="Temperature">0</Property>
			<Property Name="Manufacturer" Type="String">Krempel</Property>
			<Property Name="Name" Type="String">AkaFlex_KCL_2-35/25_HT</Property>
			<Property Name="Thickness" Type="DimValue" Dimension="Length">0.984251969 mil</Property>
			<Property Name="Description" Type="String">AkaFlex_KCL_2-35/25_HT;_(1KHz)</Property>
			<Property Name="Note" Type="String">Df=0.0021</Property>
		</Entity>
		<Entity Id="6bd74f66-498b-4a10-94bc-38ab6d211411" TypeId="27d70fdc-4c4e-4774-bfac-7efbb48cde47" RevisionId="213f7ab1-e5f1-4f0d-a19c-886f418396cf" RevisionDate="2021-03-16T04:34:50.4370739Z">
			<Property Name="Constructions" Type="String">2_layer_PI_laminate</Property>
			<Property Name="Resin" Type="DimValue" Dimension="Relative">0</Property>
			<Property Name="Frequency" Type="DimValue" Dimension="Frequency">1KHz</Property>
			<Property Name="DielectricConstant" Type="DimValue" Dimension="Dimensionless">3.2</Property>
			<Property Name="LossTangent" Type="DimValue" Dimension="Dimensionless">0.0021</Property>
			<Property Name="GlassTransTemp" Type="DimValue" Dimension="Temperature">0</Property>
			<Property Name="Manufacturer" Type="String">Krempel</Property>
			<Property Name="Name" Type="String">AkaFlex_KCL_2-35/25_HT</Property>
			<Property Name="Thickness" Type="DimValue" Dimension="Length">0.984251969 mil</Property>
			<Property Name="Description" Type="String">AkaFlex_KCL_2-35/25_HT;_(1KHz)</Property>
			<Property Name="Note" Type="String">Df=0.0021</Property>
		</Entity>
		<Entity Id="6bd74f66-498b-4a10-94bc-38ab6d211412" TypeId="27d70fdc-4c4e-4774-bfac-7efbb48cde47" RevisionId="213f7ab1-e5f1-4f0d-a19c-886f418396cf" RevisionDate="2021-03-16T04:34:50.4370739Z">
			<Property Name="Constructions" Type="String">2_layer_PI_laminate</Property>
			<Property Name="Resin" Type="DimValue" Dimension="Relative">0</Property>
			<Property Name="Frequency" Type="DimValue" Dimension="Frequency">1KHz</Property>
			<Property Name="DielectricConstant" Type="DimValue" Dimension="Dimensionless">3.2</Property>
			<Property Name="LossTangent" Type="DimValue" Dimension="Dimensionless">0.0021</Property>
			<Property Name="GlassTransTemp" Type="DimValue" Dimension="Temperature">0</Property>
			<Property Name="Manufacturer" Type="String">Krempel</Property>
			<Property Name="Name" Type="String">AkaFlex_KCL_2-35/50_HT</Property>
			<Property Name="Thickness" Type="DimValue" Dimension="Length">1.968503937 mil</Property>
			<Property Name="Description" Type="String">AkaFlex_KCL_2-35/50_HT;_(1KHz)</Property>
			<Property Name="Note" Type="String">Df=0.0021</Property>
		</Entity>
		<Entity Id="6bd74f66-498b-4a10-94bc-38ab6d211413" TypeId="27d70fdc-4c4e-4774-bfac-7efbb48cde47" RevisionId="213f7ab1-e5f1-4f0d-a19c-886f418396cf" RevisionDate="2021-03-16T04:34:50.4370739Z">
			<Property Name="Constructions" Type="String">2_layer_PI_laminate</Property>
			<Property Name="Resin" Type="DimValue" Dimension="Relative">0</Property>
			<Property Name="Frequency" Type="DimValue" Dimension="Frequency">1KHz</Property>
			<Property Name="DielectricConstant" Type="DimValue" Dimension="Dimensionless">3.2</Property>
			<Property Name="LossTangent" Type="DimValue" Dimension="Dimensionless">0.0021</Property>
			<Property Name="GlassTransTemp" Type="DimValue" Dimension="Temperature">0</Property>
			<Property Name="Manufacturer" Type="String">Krempel</Property>
			<Property Name="Name" Type="String">AkaFlex_KCL_2-35/75_HT</Property>
			<Property Name="Thickness" Type="DimValue" Dimension="Length">2.952755906 mil</Property>
			<Property Name="Description" Type="String">AkaFlex_KCL_2-35/75_HT;_(1KHz)</Property>
			<Property Name="Note" Type="String">Df=0.0021</Property>
		</Entity>
		<Entity Id="6bd74f66-498b-4a10-94bc-38ab6d211414" TypeId="27d70fdc-4c4e-4774-bfac-7efbb48cde47" RevisionId="213f7ab1-e5f1-4f0d-a19c-886f418396cf" RevisionDate="2021-03-16T04:34:50.4370739Z">
			<Property Name="Constructions" Type="String">2_layer_PI_laminate</Property>
			<Property Name="Resin" Type="DimValue" Dimension="Relative">0</Property>
			<Property Name="Frequency" Type="DimValue" Dimension="Frequency">1KHz</Property>
			<Property Name="DielectricConstant" Type="DimValue" Dimension="Dimensionless">3.2</Property>
			<Property Name="LossTangent" Type="DimValue" Dimension="Dimensionless">0.0021</Property>
			<Property Name="GlassTransTemp" Type="DimValue" Dimension="Temperature">0</Property>
			<Property Name="Manufacturer" Type="String">Krempel</Property>
			<Property Name="Name" Type="String">AkaFlex_KCL_2-35/125_HT</Property>
			<Property Name="Thickness" Type="DimValue" Dimension="Length">4.921259843 mil</Property>
			<Property Name="Description" Type="String">AkaFlex_KCL_2-35/125_HT;_(1KHz)</Property>
			<Property Name="Note" Type="String">Df=0.0021</Property>
		</Entity>
		<Entity Id="6bd74f66-498b-4a10-94bc-38ab6d211415" TypeId="27d70fdc-4c4e-4774-bfac-7efbb48cde47" RevisionId="213f7ab1-e5f1-4f0d-a19c-886f418396cf" RevisionDate="2021-03-16T04:34:50.4370739Z">
			<Property Name="Constructions" Type="String">2_layer_PI_laminate</Property>
			<Property Name="Resin" Type="DimValue" Dimension="Relative">0</Property>
			<Property Name="Frequency" Type="DimValue" Dimension="Frequency">1KHz</Property>
			<Property Name="DielectricConstant" Type="DimValue" Dimension="Dimensionless">3.2</Property>
			<Property Name="LossTangent" Type="DimValue" Dimension="Dimensionless">0.0021</Property>
			<Property Name="GlassTransTemp" Type="DimValue" Dimension="Temperature">0</Property>
			<Property Name="Manufacturer" Type="String">Krempel</Property>
			<Property Name="Name" Type="String">AkaFlex_KCL_2-70/25_HT</Property>
			<Property Name="Thickness" Type="DimValue" Dimension="Length">0.984251969 mil</Property>
			<Property Name="Description" Type="String">AkaFlex_KCL_2-70/25_HT;_(1KHz)</Property>
			<Property Name="Note" Type="String">Df=0.0021</Property>
		</Entity>
		<Entity Id="6bd74f66-498b-4a10-94bc-38ab6d211416" TypeId="27d70fdc-4c4e-4774-bfac-7efbb48cde47" RevisionId="213f7ab1-e5f1-4f0d-a19c-886f418396cf" RevisionDate="2021-03-16T04:34:50.4370739Z">
			<Property Name="Constructions" Type="String">2_layer_PI_laminate</Property>
			<Property Name="Resin" Type="DimValue" Dimension="Relative">0</Property>
			<Property Name="Frequency" Type="DimValue" Dimension="Frequency">1KHz</Property>
			<Property Name="DielectricConstant" Type="DimValue" Dimension="Dimensionless">3.2</Property>
			<Property Name="LossTangent" Type="DimValue" Dimension="Dimensionless">0.0021</Property>
			<Property Name="GlassTransTemp" Type="DimValue" Dimension="Temperature">0</Property>
			<Property Name="Manufacturer" Type="String">Krempel</Property>
			<Property Name="Name" Type="String">AkaFlex_KCL_2-70/50_HT</Property>
			<Property Name="Thickness" Type="DimValue" Dimension="Length">1.968503937 mil</Property>
			<Property Name="Description" Type="String">AkaFlex_KCL_2-70/50_HT;_(1KHz)</Property>
			<Property Name="Note" Type="String">Df=0.0021</Property>
		</Entity>
		<Entity Id="6bd74f66-498b-4a10-94bc-38ab6d211417" TypeId="27d70fdc-4c4e-4774-bfac-7efbb48cde47" RevisionId="213f7ab1-e5f1-4f0d-a19c-886f418396cf" RevisionDate="2021-03-16T04:34:50.4370739Z">
			<Property Name="Constructions" Type="String">3_layer_PI_laminate</Property>
			<Property Name="Resin" Type="DimValue" Dimension="Relative">0</Property>
			<Property Name="Frequency" Type="DimValue" Dimension="Frequency">1KHz</Property>
			<Property Name="DielectricConstant" Type="DimValue" Dimension="Dimensionless">3.2</Property>
			<Property Name="LossTangent" Type="DimValue" Dimension="Dimensionless">0.0021</Property>
			<Property Name="GlassTransTemp" Type="DimValue" Dimension="Temperature">0</Property>
			<Property Name="Manufacturer" Type="String">Krempel</Property>
			<Property Name="Name" Type="String">AkaFlex_KCL_3-17/25_HT</Property>
			<Property Name="Thickness" Type="DimValue" Dimension="Length">1.968503937 mil</Property>
			<Property Name="Description" Type="String">AkaFlex_KCL_3-17/25_HT;_(1KHz)</Property>
			<Property Name="Note" Type="String">Df=0.0021</Property>
		</Entity>
		<Entity Id="6bd74f66-498b-4a10-94bc-38ab6d211418" TypeId="27d70fdc-4c4e-4774-bfac-7efbb48cde47" RevisionId="213f7ab1-e5f1-4f0d-a19c-886f418396cf" RevisionDate="2021-03-16T04:34:50.4370739Z">
			<Property Name="Constructions" Type="String">3_layer_PI_laminate</Property>
			<Property Name="Resin" Type="DimValue" Dimension="Relative">0</Property>
			<Property Name="Frequency" Type="DimValue" Dimension="Frequency">1KHz</Property>
			<Property Name="DielectricConstant" Type="DimValue" Dimension="Dimensionless">3.2</Property>
			<Property Name="LossTangent" Type="DimValue" Dimension="Dimensionless">0.0021</Property>
			<Property Name="GlassTransTemp" Type="DimValue" Dimension="Temperature">0</Property>
			<Property Name="Manufacturer" Type="String">Krempel</Property>
			<Property Name="Name" Type="String">AkaFlex_KCL_3-17/50_HT</Property>
			<Property Name="Thickness" Type="DimValue" Dimension="Length">3.937007874 mil</Property>
			<Property Name="Description" Type="String">AkaFlex_KCL_3-17/50_HT;_(1KHz)</Property>
			<Property Name="Note" Type="String">Df=0.0021</Property>
		</Entity>
		<Entity Id="6bd74f66-498b-4a10-94bc-38ab6d211419" TypeId="27d70fdc-4c4e-4774-bfac-7efbb48cde47" RevisionId="213f7ab1-e5f1-4f0d-a19c-886f418396cf" RevisionDate="2021-03-16T04:34:50.4370739Z">
			<Property Name="Constructions" Type="String">3_layer_PI_laminate</Property>
			<Property Name="Resin" Type="DimValue" Dimension="Relative">0</Property>
			<Property Name="Frequency" Type="DimValue" Dimension="Frequency">1KHz</Property>
			<Property Name="DielectricConstant" Type="DimValue" Dimension="Dimensionless">3.2</Property>
			<Property Name="LossTangent" Type="DimValue" Dimension="Dimensionless">0.0021</Property>
			<Property Name="GlassTransTemp" Type="DimValue" Dimension="Temperature">0</Property>
			<Property Name="Manufacturer" Type="String">Krempel</Property>
			<Property Name="Name" Type="String">AkaFlex_KCL_3-35/25_HT</Property>
			<Property Name="Thickness" Type="DimValue" Dimension="Length">1.968503937 mil</Property>
			<Property Name="Description" Type="String">AkaFlex_KCL_3-35/25_HT;_(1KHz)</Property>
			<Property Name="Note" Type="String">Df=0.0021</Property>
		</Entity>
		<Entity Id="6bd74f66-498b-4a10-94bc-38ab6d211420" TypeId="27d70fdc-4c4e-4774-bfac-7efbb48cde47" RevisionId="213f7ab1-e5f1-4f0d-a19c-886f418396cf" RevisionDate="2021-03-16T04:34:50.4370739Z">
			<Property Name="Constructions" Type="String">3_layer_PI_laminate</Property>
			<Property Name="Resin" Type="DimValue" Dimension="Relative">0</Property>
			<Property Name="Frequency" Type="DimValue" Dimension="Frequency">1KHz</Property>
			<Property Name="DielectricConstant" Type="DimValue" Dimension="Dimensionless">3.2</Property>
			<Property Name="LossTangent" Type="DimValue" Dimension="Dimensionless">0.0021</Property>
			<Property Name="GlassTransTemp" Type="DimValue" Dimension="Temperature">0</Property>
			<Property Name="Manufacturer" Type="String">Krempel</Property>
			<Property Name="Name" Type="String">AkaFlex_KCL_3-35/50_HT</Property>
			<Property Name="Thickness" Type="DimValue" Dimension="Length">3.937007874 mil</Property>
			<Property Name="Description" Type="String">AkaFlex_KCL_3-35/50_HT;_(1KHz)</Property>
			<Property Name="Note" Type="String">Df=0.0021</Property>
		</Entity>
		<Entity Id="6bd74f66-498b-4a10-94bc-38ab6d211421" TypeId="27d70fdc-4c4e-4774-bfac-7efbb48cde47" RevisionId="213f7ab1-e5f1-4f0d-a19c-886f418396cf" RevisionDate="2021-03-16T04:34:50.4370739Z">
			<Property Name="Constructions" Type="String">2_layer_PI_laminate</Property>
			<Property Name="Resin" Type="DimValue" Dimension="Relative">0</Property>
			<Property Name="Frequency" Type="DimValue" Dimension="Frequency">1KHz</Property>
			<Property Name="DielectricConstant" Type="DimValue" Dimension="Dimensionless">3.2</Property>
			<Property Name="LossTangent" Type="DimValue" Dimension="Dimensionless">0.0021</Property>
			<Property Name="GlassTransTemp" Type="DimValue" Dimension="Temperature">0</Property>
			<Property Name="Manufacturer" Type="String">Krempel</Property>
			<Property Name="Name" Type="String">AkaFlex_KCL_2-17/25_RA_HT</Property>
			<Property Name="Thickness" Type="DimValue" Dimension="Length">0.984251969 mil</Property>
			<Property Name="Description" Type="String">AkaFlex_KCL_2-17/25_RA_HT;_(1KHz)</Property>
			<Property Name="Note" Type="String">Df=0.0021</Property>
		</Entity>
		<Entity Id="6bd74f66-498b-4a10-94bc-38ab6d211422" TypeId="27d70fdc-4c4e-4774-bfac-7efbb48cde47" RevisionId="213f7ab1-e5f1-4f0d-a19c-886f418396cf" RevisionDate="2021-03-16T04:34:50.4370739Z">
			<Property Name="Constructions" Type="String">2_layer_PI_laminate</Property>
			<Property Name="Resin" Type="DimValue" Dimension="Relative">0</Property>
			<Property Name="Frequency" Type="DimValue" Dimension="Frequency">1KHz</Property>
			<Property Name="DielectricConstant" Type="DimValue" Dimension="Dimensionless">3.2</Property>
			<Property Name="LossTangent" Type="DimValue" Dimension="Dimensionless">0.0021</Property>
			<Property Name="GlassTransTemp" Type="DimValue" Dimension="Temperature">0</Property>
			<Property Name="Manufacturer" Type="String">Krempel</Property>
			<Property Name="Name" Type="String">AkaFlex_KCL_2-35/25_RA_HT</Property>
			<Property Name="Thickness" Type="DimValue" Dimension="Length">0.984251969 mil</Property>
			<Property Name="Description" Type="String">AkaFlex_KCL_2-35/25_RA_HT;_(1KHz)</Property>
			<Property Name="Note" Type="String">Df=0.0021</Property>
		</Entity>
		<Entity Id="6bd74f66-498b-4a10-94bc-38ab6d211423" TypeId="27d70fdc-4c4e-4774-bfac-7efbb48cde47" RevisionId="213f7ab1-e5f1-4f0d-a19c-886f418396cf" RevisionDate="2021-03-16T04:34:50.4370739Z">
			<Property Name="Constructions" Type="String">2_layer_PI_laminate</Property>
			<Property Name="Resin" Type="DimValue" Dimension="Relative">0</Property>
			<Property Name="Frequency" Type="DimValue" Dimension="Frequency">1KHz</Property>
			<Property Name="DielectricConstant" Type="DimValue" Dimension="Dimensionless">3.2</Property>
			<Property Name="LossTangent" Type="DimValue" Dimension="Dimensionless">0.0021</Property>
			<Property Name="GlassTransTemp" Type="DimValue" Dimension="Temperature">0</Property>
			<Property Name="Manufacturer" Type="String">Krempel</Property>
			<Property Name="Name" Type="String">AkaFlex_KCL_2-50/50_RA_HT</Property>
			<Property Name="Thickness" Type="DimValue" Dimension="Length">1.968503937 mil</Property>
			<Property Name="Description" Type="String">AkaFlex_KCL_2-50/50_RA_HT;_(1KHz)</Property>
			<Property Name="Note" Type="String">Df=0.0021</Property>
		</Entity>
		<Entity Id="6bd74f66-498b-4a10-94bc-38ab6d211424" TypeId="27d70fdc-4c4e-4774-bfac-7efbb48cde47" RevisionId="213f7ab1-e5f1-4f0d-a19c-886f418396cf" RevisionDate="2021-03-16T04:34:50.4370739Z">
			<Property Name="Constructions" Type="String">3_layer_PI_laminate</Property>
			<Property Name="Resin" Type="DimValue" Dimension="Relative">0</Property>
			<Property Name="Frequency" Type="DimValue" Dimension="Frequency">1KHz</Property>
			<Property Name="DielectricConstant" Type="DimValue" Dimension="Dimensionless">3.2</Property>
			<Property Name="LossTangent" Type="DimValue" Dimension="Dimensionless">0.0021</Property>
			<Property Name="GlassTransTemp" Type="DimValue" Dimension="Temperature">0</Property>
			<Property Name="Manufacturer" Type="String">Krempel</Property>
			<Property Name="Name" Type="String">AkaFlex_KCL_3-17/12_RA_HT</Property>
			<Property Name="Thickness" Type="DimValue" Dimension="Length">0.94488189 mil</Property>
			<Property Name="Description" Type="String">AkaFlex_KCL_3-17/12_RA_HT;_(1KHz)</Property>
			<Property Name="Note" Type="String">Df=0.0021</Property>
		</Entity>
		<Entity Id="6bd74f66-498b-4a10-94bc-38ab6d211425" TypeId="27d70fdc-4c4e-4774-bfac-7efbb48cde47" RevisionId="213f7ab1-e5f1-4f0d-a19c-886f418396cf" RevisionDate="2021-03-16T04:34:50.4370739Z">
			<Property Name="Constructions" Type="String">3_layer_PI_laminate</Property>
			<Property Name="Resin" Type="DimValue" Dimension="Relative">0</Property>
			<Property Name="Frequency" Type="DimValue" Dimension="Frequency">1KHz</Property>
			<Property Name="DielectricConstant" Type="DimValue" Dimension="Dimensionless">3.2</Property>
			<Property Name="LossTangent" Type="DimValue" Dimension="Dimensionless">0.0021</Property>
			<Property Name="GlassTransTemp" Type="DimValue" Dimension="Temperature">0</Property>
			<Property Name="Manufacturer" Type="String">Krempel</Property>
			<Property Name="Name" Type="String">AkaFlex_KCL_3-17/25_RA_HT</Property>
			<Property Name="Thickness" Type="DimValue" Dimension="Length">1.968503937 mil</Property>
			<Property Name="Description" Type="String">AkaFlex_KCL_3-17/25_RA_HT;_(1KHz)</Property>
			<Property Name="Note" Type="String">Df=0.0021</Property>
		</Entity>
		<Entity Id="6bd74f66-498b-4a10-94bc-38ab6d211426" TypeId="27d70fdc-4c4e-4774-bfac-7efbb48cde47" RevisionId="213f7ab1-e5f1-4f0d-a19c-886f418396cf" RevisionDate="2021-03-16T04:34:50.4370739Z">
			<Property Name="Constructions" Type="String">3_layer_PI_laminate</Property>
			<Property Name="Resin" Type="DimValue" Dimension="Relative">0</Property>
			<Property Name="Frequency" Type="DimValue" Dimension="Frequency">1KHz</Property>
			<Property Name="DielectricConstant" Type="DimValue" Dimension="Dimensionless">3.2</Property>
			<Property Name="LossTangent" Type="DimValue" Dimension="Dimensionless">0.0021</Property>
			<Property Name="GlassTransTemp" Type="DimValue" Dimension="Temperature">0</Property>
			<Property Name="Manufacturer" Type="String">Krempel</Property>
			<Property Name="Name" Type="String">AkaFlex_KCL_3-35/25_RA_HT</Property>
			<Property Name="Thickness" Type="DimValue" Dimension="Length">1.968503937 mil</Property>
			<Property Name="Description" Type="String">AkaFlex_KCL_3-17/12_RA_HT;_(1KHz)</Property>
			<Property Name="Note" Type="String">Df=0.0021</Property>
		</Entity>
		<Entity Id="6bd74f66-498b-4a10-94bc-38ab6d211427" TypeId="27d70fdc-4c4e-4774-bfac-7efbb48cde47" RevisionId="213f7ab1-e5f1-4f0d-a19c-886f418396cf" RevisionDate="2021-03-16T04:34:50.4370739Z">
			<Property Name="Constructions" Type="String">2_layer_PET_laminate</Property>
			<Property Name="Resin" Type="DimValue" Dimension="Relative">0</Property>
			<Property Name="Frequency" Type="DimValue" Dimension="Frequency">0MHz</Property>
			<Property Name="DielectricConstant" Type="DimValue" Dimension="Dimensionless">3.3</Property>
			<Property Name="LossTangent" Type="DimValue" Dimension="Dimensionless">0.002</Property>
			<Property Name="GlassTransTemp" Type="DimValue" Dimension="Temperature">0</Property>
			<Property Name="Manufacturer" Type="String">Krempel</Property>
			<Property Name="Name" Type="String">AkaFlex_PCL_2-35/75_FW_1</Property>
			<Property Name="Thickness" Type="DimValue" Dimension="Length">2.952755906 mil</Property>
			<Property Name="Description" Type="String">AkaFlex_PCL_2-35/75_FW_1</Property>
			<Property Name="Note" Type="String">Df=0.002</Property>
		</Entity>
		<Entity Id="6bd74f66-498b-4a10-94bc-38ab6d211428" TypeId="27d70fdc-4c4e-4774-bfac-7efbb48cde47" RevisionId="213f7ab1-e5f1-4f0d-a19c-886f418396cf" RevisionDate="2021-03-16T04:34:50.4370739Z">
			<Property Name="Constructions" Type="String">2_layer_PET_laminate</Property>
			<Property Name="Resin" Type="DimValue" Dimension="Relative">0</Property>
			<Property Name="Frequency" Type="DimValue" Dimension="Frequency">0MHz</Property>
			<Property Name="DielectricConstant" Type="DimValue" Dimension="Dimensionless">3.3</Property>
			<Property Name="LossTangent" Type="DimValue" Dimension="Dimensionless">0.002</Property>
			<Property Name="GlassTransTemp" Type="DimValue" Dimension="Temperature">0</Property>
			<Property Name="Manufacturer" Type="String">Krempel</Property>
			<Property Name="Name" Type="String">AkaFlex_PCL_2-70/50_FW_1</Property>
			<Property Name="Thickness" Type="DimValue" Dimension="Length">1.968503937 mil</Property>
			<Property Name="Description" Type="String">AkaFlex_PCL_2-70/50_FW_1</Property>
			<Property Name="Note" Type="String">Df=0.002</Property>
		</Entity>
		<Entity Id="6bd74f66-498b-4a10-94bc-38ab6d211429" TypeId="27d70fdc-4c4e-4774-bfac-7efbb48cde47" RevisionId="213f7ab1-e5f1-4f0d-a19c-886f418396cf" RevisionDate="2021-03-16T04:34:50.4370739Z">
			<Property Name="Constructions" Type="String">2_layer_PET_laminate</Property>
			<Property Name="Resin" Type="DimValue" Dimension="Relative">0</Property>
			<Property Name="Frequency" Type="DimValue" Dimension="Frequency">0MHz</Property>
			<Property Name="DielectricConstant" Type="DimValue" Dimension="Dimensionless">3.3</Property>
			<Property Name="LossTangent" Type="DimValue" Dimension="Dimensionless">0.002</Property>
			<Property Name="GlassTransTemp" Type="DimValue" Dimension="Temperature">0</Property>
			<Property Name="Manufacturer" Type="String">Krempel</Property>
			<Property Name="Name" Type="String">AkaFlex_PCL_2-35/50_FW_2</Property>
			<Property Name="Thickness" Type="DimValue" Dimension="Length">1.968503937 mil</Property>
			<Property Name="Description" Type="String">AkaFlex_PCL_2-35/50_FW_2</Property>
			<Property Name="Note" Type="String">Df=0.002</Property>
		</Entity>
		<Entity Id="6bd74f66-498b-4a10-94bc-38ab6d211430" TypeId="27d70fdc-4c4e-4774-bfac-7efbb48cde47" RevisionId="213f7ab1-e5f1-4f0d-a19c-886f418396cf" RevisionDate="2021-03-16T04:34:50.4370739Z">
			<Property Name="Constructions" Type="String">2_layer_PET_laminate</Property>
			<Property Name="Resin" Type="DimValue" Dimension="Relative">0</Property>
			<Property Name="Frequency" Type="DimValue" Dimension="Frequency">0MHz</Property>
			<Property Name="DielectricConstant" Type="DimValue" Dimension="Dimensionless">3.3</Property>
			<Property Name="LossTangent" Type="DimValue" Dimension="Dimensionless">0.002</Property>
			<Property Name="GlassTransTemp" Type="DimValue" Dimension="Temperature">0</Property>
			<Property Name="Manufacturer" Type="String">Krempel</Property>
			<Property Name="Name" Type="String">AkaFlex_PCL_2-35/75_FW_2</Property>
			<Property Name="Thickness" Type="DimValue" Dimension="Length">2.952755906 mil</Property>
			<Property Name="Description" Type="String">AkaFlex_PCL_2-35/75_FW_2</Property>
			<Property Name="Note" Type="String">Df=0.002</Property>
		</Entity>
		<Entity Id="6bd74f66-498b-4a10-94bc-38ab6d211431" TypeId="27d70fdc-4c4e-4774-bfac-7efbb48cde47" RevisionId="213f7ab1-e5f1-4f0d-a19c-886f418396cf" RevisionDate="2021-03-16T04:34:50.4370739Z">
			<Property Name="Constructions" Type="String">2_layer_PET_laminate</Property>
			<Property Name="Resin" Type="DimValue" Dimension="Relative">0</Property>
			<Property Name="Frequency" Type="DimValue" Dimension="Frequency">0MHz</Property>
			<Property Name="DielectricConstant" Type="DimValue" Dimension="Dimensionless">3.3</Property>
			<Property Name="LossTangent" Type="DimValue" Dimension="Dimensionless">0.002</Property>
			<Property Name="GlassTransTemp" Type="DimValue" Dimension="Temperature">0</Property>
			<Property Name="Manufacturer" Type="String">Krempel</Property>
			<Property Name="Name" Type="String">AkaFlex_PCL_2-35/100_FW_3</Property>
			<Property Name="Thickness" Type="DimValue" Dimension="Length">3.937007874 mil</Property>
			<Property Name="Description" Type="String">AkaFlex_PCL_2-35/100_FW_3</Property>
			<Property Name="Note" Type="String">Df=0.002</Property>
		</Entity>
		<Entity Id="6bd74f66-498b-4a10-94bc-38ab6d211432" TypeId="27d70fdc-4c4e-4774-bfac-7efbb48cde47" RevisionId="213f7ab1-e5f1-4f0d-a19c-886f418396cf" RevisionDate="2021-03-16T04:34:50.4370739Z">
			<Property Name="Constructions" Type="String">2_layer_PET_laminate</Property>
			<Property Name="Resin" Type="DimValue" Dimension="Relative">0</Property>
			<Property Name="Frequency" Type="DimValue" Dimension="Frequency">0MHz</Property>
			<Property Name="DielectricConstant" Type="DimValue" Dimension="Dimensionless">3.3</Property>
			<Property Name="LossTangent" Type="DimValue" Dimension="Dimensionless">0.002</Property>
			<Property Name="GlassTransTemp" Type="DimValue" Dimension="Temperature">0</Property>
			<Property Name="Manufacturer" Type="String">Krempel</Property>
			<Property Name="Name" Type="String">AkaFlex_PCL_2-35/75</Property>
			<Property Name="Thickness" Type="DimValue" Dimension="Length">2.952755906 mil</Property>
			<Property Name="Description" Type="String">AkaFlex_PCL_2-35/75</Property>
			<Property Name="Note" Type="String">Df=0.002</Property>
		</Entity>
		<Entity Id="6bd74f66-498b-4a10-94bc-38ab6d211433" TypeId="27d70fdc-4c4e-4774-bfac-7efbb48cde47" RevisionId="213f7ab1-e5f1-4f0d-a19c-886f418396cf" RevisionDate="2021-03-16T04:34:50.4370739Z">
			<Property Name="Constructions" Type="String">2_layer_PET_laminate</Property>
			<Property Name="Resin" Type="DimValue" Dimension="Relative">0</Property>
			<Property Name="Frequency" Type="DimValue" Dimension="Frequency">0MHz</Property>
			<Property Name="DielectricConstant" Type="DimValue" Dimension="Dimensionless">3.3</Property>
			<Property Name="LossTangent" Type="DimValue" Dimension="Dimensionless">0.002</Property>
			<Property Name="GlassTransTemp" Type="DimValue" Dimension="Temperature">0</Property>
			<Property Name="Manufacturer" Type="String">Krempel</Property>
			<Property Name="Name" Type="String">AkaFlex_PCL_2-35/100</Property>
			<Property Name="Thickness" Type="DimValue" Dimension="Length">3.937007874 mil</Property>
			<Property Name="Description" Type="String">AkaFlex_PCL_2-35/100</Property>
			<Property Name="Note" Type="String">Df=0.002</Property>
		</Entity>
		<Entity Id="6bd74f66-498b-4a10-94bc-38ab6d211434" TypeId="27d70fdc-4c4e-4774-bfac-7efbb48cde47" RevisionId="213f7ab1-e5f1-4f0d-a19c-886f418396cf" RevisionDate="2021-03-16T04:34:50.4370739Z">
			<Property Name="Constructions" Type="String">2_layer_PET_laminate</Property>
			<Property Name="Resin" Type="DimValue" Dimension="Relative">0</Property>
			<Property Name="Frequency" Type="DimValue" Dimension="Frequency">0MHz</Property>
			<Property Name="DielectricConstant" Type="DimValue" Dimension="Dimensionless">3.3</Property>
			<Property Name="LossTangent" Type="DimValue" Dimension="Dimensionless">0.002</Property>
			<Property Name="GlassTransTemp" Type="DimValue" Dimension="Temperature">0</Property>
			<Property Name="Manufacturer" Type="String">Krempel</Property>
			<Property Name="Name" Type="String">AkaFlex_PCL_2-35/125</Property>
			<Property Name="Thickness" Type="DimValue" Dimension="Length">4.921259843 mil</Property>
			<Property Name="Description" Type="String">AkaFlex_PCL_2-35/125</Property>
			<Property Name="Note" Type="String">Df=0.002</Property>
		</Entity>
		<Entity Id="6bd74f66-498b-4a10-94bc-38ab6d211435" TypeId="27d70fdc-4c4e-4774-bfac-7efbb48cde47" RevisionId="213f7ab1-e5f1-4f0d-a19c-886f418396cf" RevisionDate="2021-03-16T04:34:50.4370739Z">
			<Property Name="Constructions" Type="String">2_layer_PET_laminate</Property>
			<Property Name="Resin" Type="DimValue" Dimension="Relative">0</Property>
			<Property Name="Frequency" Type="DimValue" Dimension="Frequency">0MHz</Property>
			<Property Name="DielectricConstant" Type="DimValue" Dimension="Dimensionless">3.3</Property>
			<Property Name="LossTangent" Type="DimValue" Dimension="Dimensionless">0.002</Property>
			<Property Name="GlassTransTemp" Type="DimValue" Dimension="Temperature">0</Property>
			<Property Name="Manufacturer" Type="String">Krempel</Property>
			<Property Name="Name" Type="String">AkaFlex_PCL_2-17/75_psa</Property>
			<Property Name="Thickness" Type="DimValue" Dimension="Length">6.88976378 mil</Property>
			<Property Name="Description" Type="String">AkaFlex_PCL_2-17/75_psa</Property>
			<Property Name="Note" Type="String">Df=0.002</Property>
		</Entity>
		<Entity Id="6bd74f66-498b-4a10-94bc-38ab6d211436" TypeId="27d70fdc-4c4e-4774-bfac-7efbb48cde47" RevisionId="213f7ab1-e5f1-4f0d-a19c-886f418396cf" RevisionDate="2021-03-16T04:34:50.4370739Z">
			<Property Name="Constructions" Type="String">3_layer_PET_laminate</Property>
			<Property Name="Resin" Type="DimValue" Dimension="Relative">0</Property>
			<Property Name="Frequency" Type="DimValue" Dimension="Frequency">0MHz</Property>
			<Property Name="DielectricConstant" Type="DimValue" Dimension="Dimensionless">3.3</Property>
			<Property Name="LossTangent" Type="DimValue" Dimension="Dimensionless">0.002</Property>
			<Property Name="GlassTransTemp" Type="DimValue" Dimension="Temperature">0</Property>
			<Property Name="Manufacturer" Type="String">Krempel</Property>
			<Property Name="Name" Type="String">AkaFlex_PCL_3-35/75</Property>
			<Property Name="Thickness" Type="DimValue" Dimension="Length">5.905511811 mil</Property>
			<Property Name="Description" Type="String">AkaFlex_PCL_3-35/75</Property>
			<Property Name="Note" Type="String">Df=0.002</Property>
		</Entity>
		<Entity Id="6bd74f66-498b-4a10-94bc-38ab6d211437" TypeId="27d70fdc-4c4e-4774-bfac-7efbb48cde47" RevisionId="213f7ab1-e5f1-4f0d-a19c-886f418396cf" RevisionDate="2021-03-16T04:34:50.4370739Z">
			<Property Name="Constructions" Type="String">2_layer_PEN_laminate</Property>
			<Property Name="Resin" Type="DimValue" Dimension="Relative">0</Property>
			<Property Name="Frequency" Type="DimValue" Dimension="Frequency">0MHz</Property>
			<Property Name="DielectricConstant" Type="DimValue" Dimension="Dimensionless">3</Property>
			<Property Name="LossTangent" Type="DimValue" Dimension="Dimensionless">0.003</Property>
			<Property Name="GlassTransTemp" Type="DimValue" Dimension="Temperature">0</Property>
			<Property Name="Manufacturer" Type="String">Krempel</Property>
			<Property Name="Name" Type="String">AkaFlex_PENCL_2-17/50_HT_2</Property>
			<Property Name="Thickness" Type="DimValue" Dimension="Length">1.968503937 mil</Property>
			<Property Name="Description" Type="String">AkaFlex_PENCL_2-17/50_HT_2</Property>
			<Property Name="Note" Type="String">Df=0.003</Property>
		</Entity>
		<Entity Id="6bd74f66-498b-4a10-94bc-38ab6d211438" TypeId="27d70fdc-4c4e-4774-bfac-7efbb48cde47" RevisionId="213f7ab1-e5f1-4f0d-a19c-886f418396cf" RevisionDate="2021-03-16T04:34:50.4370739Z">
			<Property Name="Constructions" Type="String">2_layer_PEN_laminate</Property>
			<Property Name="Resin" Type="DimValue" Dimension="Relative">0</Property>
			<Property Name="Frequency" Type="DimValue" Dimension="Frequency">0MHz</Property>
			<Property Name="DielectricConstant" Type="DimValue" Dimension="Dimensionless">3</Property>
			<Property Name="LossTangent" Type="DimValue" Dimension="Dimensionless">0.003</Property>
			<Property Name="GlassTransTemp" Type="DimValue" Dimension="Temperature">0</Property>
			<Property Name="Manufacturer" Type="String">Krempel</Property>
			<Property Name="Name" Type="String">AkaFlex_PENCL_2-35/50_HT_2</Property>
			<Property Name="Thickness" Type="DimValue" Dimension="Length">1.968503937 mil</Property>
			<Property Name="Description" Type="String">AkaFlex_PENCL_2-35/50_HT_2</Property>
			<Property Name="Note" Type="String">Df=0.003</Property>
		</Entity>
		<Entity Id="6bd74f66-498b-4a10-94bc-38ab6d211439" TypeId="27d70fdc-4c4e-4774-bfac-7efbb48cde47" RevisionId="213f7ab1-e5f1-4f0d-a19c-886f418396cf" RevisionDate="2021-03-16T04:34:50.4370739Z">
			<Property Name="Constructions" Type="String">2_layer_PEN_laminate</Property>
			<Property Name="Resin" Type="DimValue" Dimension="Relative">0</Property>
			<Property Name="Frequency" Type="DimValue" Dimension="Frequency">0MHz</Property>
			<Property Name="DielectricConstant" Type="DimValue" Dimension="Dimensionless">3</Property>
			<Property Name="LossTangent" Type="DimValue" Dimension="Dimensionless">0.003</Property>
			<Property Name="GlassTransTemp" Type="DimValue" Dimension="Temperature">0</Property>
			<Property Name="Manufacturer" Type="String">Krempel</Property>
			<Property Name="Name" Type="String">AkaFlex_PENCL_2-35/75_HT_2</Property>
			<Property Name="Thickness" Type="DimValue" Dimension="Length">2.952755906 mil</Property>
			<Property Name="Description" Type="String">AkaFlex_PENCL_2-35/75_HT_2</Property>
			<Property Name="Note" Type="String">Df=0.003</Property>
		</Entity>
		<Entity Id="6bd74f66-498b-4a10-94bc-38ab6d211440" TypeId="27d70fdc-4c4e-4774-bfac-7efbb48cde47" RevisionId="213f7ab1-e5f1-4f0d-a19c-886f418396cf" RevisionDate="2021-03-16T04:34:50.4370739Z">
			<Property Name="Constructions" Type="String">3_layer_PEN_laminate</Property>
			<Property Name="Resin" Type="DimValue" Dimension="Relative">0</Property>
			<Property Name="Frequency" Type="DimValue" Dimension="Frequency">0MHz</Property>
			<Property Name="DielectricConstant" Type="DimValue" Dimension="Dimensionless">3</Property>
			<Property Name="LossTangent" Type="DimValue" Dimension="Dimensionless">0.003</Property>
			<Property Name="GlassTransTemp" Type="DimValue" Dimension="Temperature">0</Property>
			<Property Name="Manufacturer" Type="String">Krempel</Property>
			<Property Name="Name" Type="String">AkaFlex_PENCL_2-17/50_HT_3</Property>
			<Property Name="Thickness" Type="DimValue" Dimension="Length">3.937007874 mil</Property>
			<Property Name="Description" Type="String">AkaFlex_PENCL_2-17/50_HT_3</Property>
			<Property Name="Note" Type="String">Df=0.003</Property>
		</Entity>
		<Entity Id="6bd74f66-498b-4a10-94bc-38ab6d211441" TypeId="27d70fdc-4c4e-4774-bfac-7efbb48cde47" RevisionId="213f7ab1-e5f1-4f0d-a19c-886f418396cf" RevisionDate="2021-03-16T04:34:50.4370739Z">
			<Property Name="Constructions" Type="String">3_layer_PEN_laminate</Property>
			<Property Name="Resin" Type="DimValue" Dimension="Relative">0</Property>
			<Property Name="Frequency" Type="DimValue" Dimension="Frequency">0MHz</Property>
			<Property Name="DielectricConstant" Type="DimValue" Dimension="Dimensionless">3</Property>
			<Property Name="LossTangent" Type="DimValue" Dimension="Dimensionless">0.003</Property>
			<Property Name="GlassTransTemp" Type="DimValue" Dimension="Temperature">0</Property>
			<Property Name="Manufacturer" Type="String">Krempel</Property>
			<Property Name="Name" Type="String">AkaFlex_PENCL_2-35/50_HT_3</Property>
			<Property Name="Thickness" Type="DimValue" Dimension="Length">3.937007874 mil</Property>
			<Property Name="Description" Type="String">AkaFlex_PENCL_2-35/50_HT_3</Property>
			<Property Name="Note" Type="String">Df=0.003</Property>
		</Entity>
		<Entity Id="6bd74f66-498b-4a10-94bc-38ab6d211442" TypeId="27d70fdc-4c4e-4774-bfac-7efbb48cde47" RevisionId="213f7ab1-e5f1-4f0d-a19c-886f418396cf" RevisionDate="2021-03-16T04:34:50.4370739Z">
			<Property Name="Constructions" Type="String">3_layer_PEN_laminate</Property>
			<Property Name="Resin" Type="DimValue" Dimension="Relative">0</Property>
			<Property Name="Frequency" Type="DimValue" Dimension="Frequency">0MHz</Property>
			<Property Name="DielectricConstant" Type="DimValue" Dimension="Dimensionless">3</Property>
			<Property Name="LossTangent" Type="DimValue" Dimension="Dimensionless">0.003</Property>
			<Property Name="GlassTransTemp" Type="DimValue" Dimension="Temperature">0</Property>
			<Property Name="Manufacturer" Type="String">Krempel</Property>
			<Property Name="Name" Type="String">AkaFlex_PENCL_2-35/75_HT_3</Property>
			<Property Name="Thickness" Type="DimValue" Dimension="Length">5.905511811 mil</Property>
			<Property Name="Description" Type="String">AkaFlex_PENCL_2-35/75_HT_3</Property>
			<Property Name="Note" Type="String">Df=0.003</Property>
		</Entity>
		<Entity Id="6bd74f66-498b-4a10-94bc-38ab6d211443" TypeId="27d70fdc-4c4e-4774-bfac-7efbb48cde47" RevisionId="213f7ab1-e5f1-4f0d-a19c-886f418396cf" RevisionDate="2021-03-16T04:34:50.4370739Z">
			<Property Name="Constructions" Type="String">Epoxy_resin_film</Property>
			<Property Name="Resin" Type="DimValue" Dimension="Relative">0</Property>
			<Property Name="Frequency" Type="DimValue" Dimension="Frequency">1MHz</Property>
			<Property Name="DielectricConstant" Type="DimValue" Dimension="Dimensionless">4</Property>
			<Property Name="LossTangent" Type="DimValue" Dimension="Dimensionless">0.03</Property>
			<Property Name="GlassTransTemp" Type="DimValue" Dimension="Temperature">140</Property>
			<Property Name="Manufacturer" Type="String">Krempel</Property>
			<Property Name="Name" Type="String">AkaSmart_HP-EG_0/70/15</Property>
			<Property Name="Thickness" Type="DimValue" Dimension="Length">3.35 mil</Property>
			<Property Name="Description" Type="String">AkaSmart_HP-EG_0/70/15;_(1MHz)</Property>
			<Property Name="Note" Type="String">Tg=140C;_Df=0.03</Property>
		</Entity>
		<Entity Id="6bd74f66-498b-4a10-94bc-38ab6d211444" TypeId="27d70fdc-4c4e-4774-bfac-7efbb48cde47" RevisionId="213f7ab1-e5f1-4f0d-a19c-886f418396cf" RevisionDate="2021-03-16T04:34:50.4370739Z">
			<Property Name="Constructions" Type="String">Epoxy_resin_film</Property>
			<Property Name="Resin" Type="DimValue" Dimension="Relative">0</Property>
			<Property Name="Frequency" Type="DimValue" Dimension="Frequency">1MHz</Property>
			<Property Name="DielectricConstant" Type="DimValue" Dimension="Dimensionless">4</Property>
			<Property Name="LossTangent" Type="DimValue" Dimension="Dimensionless">0.03</Property>
			<Property Name="GlassTransTemp" Type="DimValue" Dimension="Temperature">140</Property>
			<Property Name="Manufacturer" Type="String">Krempel</Property>
			<Property Name="Name" Type="String">AkaSmart_HP-EGB_0/100/18</Property>
			<Property Name="Thickness" Type="DimValue" Dimension="Length">4.65 mil</Property>
			<Property Name="Description" Type="String">AkaSmart_HP-EGB_0/100/18;_(1MHz)</Property>
			<Property Name="Note" Type="String">Tg=140C;_Df=0.03</Property>
		</Entity>
	</Entities>
	<EntityExtensions />
</ExtensibleLibrary>
