﻿<?xml version="1.0" encoding="UTF-8"?>
<ExtensibleLibrary SerializerVersion="1.1.0.0" LibraryId="304daab4-9f31-485c-9cc0-983beabff0b4" Version="1.1.0.0" xmlns="http://altium.com/ns/Data/ExtensibleLibraries">
	<Types />
	<TypeExtensions />
	<Entities>
		<Entity Id="6bd74f66-498b-4a10-94bc-38ab6d220505" TypeId="27d70fdc-4c4e-4774-bfac-7efbb48cde47" RevisionId="213f7ab1-e5f1-4f0d-a19c-886f418396cf" RevisionDate="2021-03-16T04:34:50.4370739Z">
			<Property Name="Constructions" Type="String">Al_base_CCL</Property>
			<Property Name="Resin" Type="DimValue" Dimension="Relative">0</Property>
			<Property Name="Frequency" Type="DimValue" Dimension="Frequency">0MHz</Property>
			<Property Name="DielectricConstant" Type="DimValue" Dimension="Dimensionless">3.9</Property>
			<Property Name="LossTangent" Type="DimValue" Dimension="Dimensionless">0</Property>
			<Property Name="GlassTransTemp" Type="DimValue" Dimension="Temperature">0</Property>
			<Property Name="Manufacturer" Type="String">Totking</Property>
			<Property Name="Name" Type="String">T-114</Property>
			<Property Name="Thickness" Type="DimValue" Dimension="Length">1.968503937 mil</Property>
			<Property Name="Description" Type="String">Totking_T-114;_Al_base_CCL</Property>
			<Property Name="Note" Type="String">-</Property>
		</Entity>
		<Entity Id="6bd74f66-498b-4a10-94bc-38ab6d220506" TypeId="27d70fdc-4c4e-4774-bfac-7efbb48cde47" RevisionId="213f7ab1-e5f1-4f0d-a19c-886f418396cf" RevisionDate="2021-03-16T04:34:50.4370739Z">
			<Property Name="Constructions" Type="String">Al_base_CCL</Property>
			<Property Name="Resin" Type="DimValue" Dimension="Relative">0</Property>
			<Property Name="Frequency" Type="DimValue" Dimension="Frequency">0MHz</Property>
			<Property Name="DielectricConstant" Type="DimValue" Dimension="Dimensionless">3.9</Property>
			<Property Name="LossTangent" Type="DimValue" Dimension="Dimensionless">0</Property>
			<Property Name="GlassTransTemp" Type="DimValue" Dimension="Temperature">0</Property>
			<Property Name="Manufacturer" Type="String">Totking</Property>
			<Property Name="Name" Type="String">T-114</Property>
			<Property Name="Thickness" Type="DimValue" Dimension="Length">2.952755906 mil</Property>
			<Property Name="Description" Type="String">Totking_T-114;_Al_base_CCL</Property>
			<Property Name="Note" Type="String">-</Property>
		</Entity>
		<Entity Id="6bd74f66-498b-4a10-94bc-38ab6d220507" TypeId="27d70fdc-4c4e-4774-bfac-7efbb48cde47" RevisionId="213f7ab1-e5f1-4f0d-a19c-886f418396cf" RevisionDate="2021-03-16T04:34:50.4370739Z">
			<Property Name="Constructions" Type="String">Al_base_CCL</Property>
			<Property Name="Resin" Type="DimValue" Dimension="Relative">0</Property>
			<Property Name="Frequency" Type="DimValue" Dimension="Frequency">0MHz</Property>
			<Property Name="DielectricConstant" Type="DimValue" Dimension="Dimensionless">3.9</Property>
			<Property Name="LossTangent" Type="DimValue" Dimension="Dimensionless">0</Property>
			<Property Name="GlassTransTemp" Type="DimValue" Dimension="Temperature">0</Property>
			<Property Name="Manufacturer" Type="String">Totking</Property>
			<Property Name="Name" Type="String">T-114</Property>
			<Property Name="Thickness" Type="DimValue" Dimension="Length">3.937007874 mil</Property>
			<Property Name="Description" Type="String">Totking_T-114;_Al_base_CCL</Property>
			<Property Name="Note" Type="String">-</Property>
		</Entity>
		<Entity Id="6bd74f66-498b-4a10-94bc-38ab6d220508" TypeId="27d70fdc-4c4e-4774-bfac-7efbb48cde47" RevisionId="213f7ab1-e5f1-4f0d-a19c-886f418396cf" RevisionDate="2021-03-16T04:34:50.4370739Z">
			<Property Name="Constructions" Type="String">Al_base_CCL</Property>
			<Property Name="Resin" Type="DimValue" Dimension="Relative">0</Property>
			<Property Name="Frequency" Type="DimValue" Dimension="Frequency">0MHz</Property>
			<Property Name="DielectricConstant" Type="DimValue" Dimension="Dimensionless">3.9</Property>
			<Property Name="LossTangent" Type="DimValue" Dimension="Dimensionless">0</Property>
			<Property Name="GlassTransTemp" Type="DimValue" Dimension="Temperature">0</Property>
			<Property Name="Manufacturer" Type="String">Totking</Property>
			<Property Name="Name" Type="String">T-114</Property>
			<Property Name="Thickness" Type="DimValue" Dimension="Length">4.921259843 mil</Property>
			<Property Name="Description" Type="String">Totking_T-114;_Al_base_CCL</Property>
			<Property Name="Note" Type="String">-</Property>
		</Entity>
		<Entity Id="6bd74f66-498b-4a10-94bc-38ab6d220509" TypeId="27d70fdc-4c4e-4774-bfac-7efbb48cde47" RevisionId="213f7ab1-e5f1-4f0d-a19c-886f418396cf" RevisionDate="2021-03-16T04:34:50.4370739Z">
			<Property Name="Constructions" Type="String">Al_base_CCL</Property>
			<Property Name="Resin" Type="DimValue" Dimension="Relative">0</Property>
			<Property Name="Frequency" Type="DimValue" Dimension="Frequency">0MHz</Property>
			<Property Name="DielectricConstant" Type="DimValue" Dimension="Dimensionless">3.9</Property>
			<Property Name="LossTangent" Type="DimValue" Dimension="Dimensionless">0</Property>
			<Property Name="GlassTransTemp" Type="DimValue" Dimension="Temperature">0</Property>
			<Property Name="Manufacturer" Type="String">Totking</Property>
			<Property Name="Name" Type="String">T-114</Property>
			<Property Name="Thickness" Type="DimValue" Dimension="Length">5.905511811 mil</Property>
			<Property Name="Description" Type="String">Totking_T-114;_Al_base_CCL</Property>
			<Property Name="Note" Type="String">-</Property>
		</Entity>
	</Entities>
	<EntityExtensions />
</ExtensibleLibrary>
