﻿<?xml version="1.0" encoding="UTF-8"?>
<ExtensibleLibrary SerializerVersion="1.1.0.0" LibraryId="304daab4-9f31-485c-9cc0-983beabff0b4" Version="1.1.0.0" xmlns="http://altium.com/ns/Data/ExtensibleLibraries">
	<Types />
	<TypeExtensions />
	<Entities>
		<Entity Id="6bd74f66-498b-4a10-94bc-38ab6d220486" TypeId="27d70fdc-4c4e-4774-bfac-7efbb48cde47" RevisionId="213f7ab1-e5f1-4f0d-a19c-886f418396cf" RevisionDate="2021-03-16T04:34:50.4370739Z">
			<Property Name="Constructions" Type="String">TPI_Adhesiveless_DS_CCL_1/4_oz_Cu</Property>
			<Property Name="Resin" Type="DimValue" Dimension="Relative">0</Property>
			<Property Name="Frequency" Type="DimValue" Dimension="Frequency">0MHz</Property>
			<Property Name="DielectricConstant" Type="DimValue" Dimension="Dimensionless">3.3</Property>
			<Property Name="LossTangent" Type="DimValue" Dimension="Dimensionless">0.002</Property>
			<Property Name="GlassTransTemp" Type="DimValue" Dimension="Temperature">350</Property>
			<Property Name="Manufacturer" Type="String">ThinFlex_Corporation</Property>
			<Property Name="Name" Type="String">ThinFlex_A-1002ED</Property>
			<Property Name="Thickness" Type="DimValue" Dimension="Length">1 mil</Property>
			<Property Name="Description" Type="String">ThinFlex_A-1002ED</Property>
			<Property Name="Note" Type="String">TG=350C;_Df=0.002</Property>
		</Entity>
		<Entity Id="6bd74f66-498b-4a10-94bc-38ab6d220487" TypeId="27d70fdc-4c4e-4774-bfac-7efbb48cde47" RevisionId="213f7ab1-e5f1-4f0d-a19c-886f418396cf" RevisionDate="2021-03-16T04:34:50.4370739Z">
			<Property Name="Constructions" Type="String">TPI_Adhesiveless_DS_CCL_1/3_oz_Cu</Property>
			<Property Name="Resin" Type="DimValue" Dimension="Relative">0</Property>
			<Property Name="Frequency" Type="DimValue" Dimension="Frequency">0MHz</Property>
			<Property Name="DielectricConstant" Type="DimValue" Dimension="Dimensionless">3.3</Property>
			<Property Name="LossTangent" Type="DimValue" Dimension="Dimensionless">0.002</Property>
			<Property Name="GlassTransTemp" Type="DimValue" Dimension="Temperature">350</Property>
			<Property Name="Manufacturer" Type="String">ThinFlex_Corporation</Property>
			<Property Name="Name" Type="String">ThinFlex_A-1003ED</Property>
			<Property Name="Thickness" Type="DimValue" Dimension="Length">1 mil</Property>
			<Property Name="Description" Type="String">ThinFlex_A-1003ED</Property>
			<Property Name="Note" Type="String">TG=350C;_Df=0.002</Property>
		</Entity>
		<Entity Id="6bd74f66-498b-4a10-94bc-38ab6d220488" TypeId="27d70fdc-4c4e-4774-bfac-7efbb48cde47" RevisionId="213f7ab1-e5f1-4f0d-a19c-886f418396cf" RevisionDate="2021-03-16T04:34:50.4370739Z">
			<Property Name="Constructions" Type="String">TPI_Adhesiveless_DS_CCL_1/3_oz_Cu</Property>
			<Property Name="Resin" Type="DimValue" Dimension="Relative">0</Property>
			<Property Name="Frequency" Type="DimValue" Dimension="Frequency">0MHz</Property>
			<Property Name="DielectricConstant" Type="DimValue" Dimension="Dimensionless">3.3</Property>
			<Property Name="LossTangent" Type="DimValue" Dimension="Dimensionless">0.002</Property>
			<Property Name="GlassTransTemp" Type="DimValue" Dimension="Temperature">350</Property>
			<Property Name="Manufacturer" Type="String">ThinFlex_Corporation</Property>
			<Property Name="Name" Type="String">ThinFlex_A-1003RD</Property>
			<Property Name="Thickness" Type="DimValue" Dimension="Length">1 mil</Property>
			<Property Name="Description" Type="String">ThinFlex_A-1003RD</Property>
			<Property Name="Note" Type="String">TG=350C;_Df=0.002</Property>
		</Entity>
		<Entity Id="6bd74f66-498b-4a10-94bc-38ab6d220489" TypeId="27d70fdc-4c4e-4774-bfac-7efbb48cde47" RevisionId="213f7ab1-e5f1-4f0d-a19c-886f418396cf" RevisionDate="2021-03-16T04:34:50.4370739Z">
			<Property Name="Constructions" Type="String">TPI_Adhesiveless_DS_CCL_1/2_ox_Cu</Property>
			<Property Name="Resin" Type="DimValue" Dimension="Relative">0</Property>
			<Property Name="Frequency" Type="DimValue" Dimension="Frequency">0MHz</Property>
			<Property Name="DielectricConstant" Type="DimValue" Dimension="Dimensionless">3.3</Property>
			<Property Name="LossTangent" Type="DimValue" Dimension="Dimensionless">0.002</Property>
			<Property Name="GlassTransTemp" Type="DimValue" Dimension="Temperature">350</Property>
			<Property Name="Manufacturer" Type="String">ThinFlex_Corporation</Property>
			<Property Name="Name" Type="String">ThinFlex_A-1005ED</Property>
			<Property Name="Thickness" Type="DimValue" Dimension="Length">1 mil</Property>
			<Property Name="Description" Type="String">ThinFlex_A-1005ED</Property>
			<Property Name="Note" Type="String">TG=350C;_Df=0.002</Property>
		</Entity>
		<Entity Id="6bd74f66-498b-4a10-94bc-38ab6d220490" TypeId="27d70fdc-4c4e-4774-bfac-7efbb48cde47" RevisionId="213f7ab1-e5f1-4f0d-a19c-886f418396cf" RevisionDate="2021-03-16T04:34:50.4370739Z">
			<Property Name="Constructions" Type="String">TPI_Adhesiveless_DS_CCL_1/2_ox_Cu</Property>
			<Property Name="Resin" Type="DimValue" Dimension="Relative">0</Property>
			<Property Name="Frequency" Type="DimValue" Dimension="Frequency">0MHz</Property>
			<Property Name="DielectricConstant" Type="DimValue" Dimension="Dimensionless">3.3</Property>
			<Property Name="LossTangent" Type="DimValue" Dimension="Dimensionless">0.002</Property>
			<Property Name="GlassTransTemp" Type="DimValue" Dimension="Temperature">350</Property>
			<Property Name="Manufacturer" Type="String">ThinFlex_Corporation</Property>
			<Property Name="Name" Type="String">ThinFlex_A-1005RD</Property>
			<Property Name="Thickness" Type="DimValue" Dimension="Length">1 mil</Property>
			<Property Name="Description" Type="String">ThinFlex_A-1005RD</Property>
			<Property Name="Note" Type="String">TG=350C;_Df=0.002</Property>
		</Entity>
		<Entity Id="6bd74f66-498b-4a10-94bc-38ab6d220491" TypeId="27d70fdc-4c4e-4774-bfac-7efbb48cde47" RevisionId="213f7ab1-e5f1-4f0d-a19c-886f418396cf" RevisionDate="2021-03-16T04:34:50.4370739Z">
			<Property Name="Constructions" Type="String">TPI_Adhesiveless_DS_CCL_1_oz_Cu</Property>
			<Property Name="Resin" Type="DimValue" Dimension="Relative">0</Property>
			<Property Name="Frequency" Type="DimValue" Dimension="Frequency">0MHz</Property>
			<Property Name="DielectricConstant" Type="DimValue" Dimension="Dimensionless">3.3</Property>
			<Property Name="LossTangent" Type="DimValue" Dimension="Dimensionless">0.002</Property>
			<Property Name="GlassTransTemp" Type="DimValue" Dimension="Temperature">350</Property>
			<Property Name="Manufacturer" Type="String">ThinFlex_Corporation</Property>
			<Property Name="Name" Type="String">ThinFlex_A-1010ED</Property>
			<Property Name="Thickness" Type="DimValue" Dimension="Length">1 mil</Property>
			<Property Name="Description" Type="String">ThinFlex_A-1010ED</Property>
			<Property Name="Note" Type="String">TG=350C;_Df=0.002</Property>
		</Entity>
		<Entity Id="6bd74f66-498b-4a10-94bc-38ab6d220492" TypeId="27d70fdc-4c4e-4774-bfac-7efbb48cde47" RevisionId="213f7ab1-e5f1-4f0d-a19c-886f418396cf" RevisionDate="2021-03-16T04:34:50.4370739Z">
			<Property Name="Constructions" Type="String">TPI_Adhesiveless_DS_CCL_1_oz_Cu</Property>
			<Property Name="Resin" Type="DimValue" Dimension="Relative">0</Property>
			<Property Name="Frequency" Type="DimValue" Dimension="Frequency">0MHz</Property>
			<Property Name="DielectricConstant" Type="DimValue" Dimension="Dimensionless">3.3</Property>
			<Property Name="LossTangent" Type="DimValue" Dimension="Dimensionless">0.002</Property>
			<Property Name="GlassTransTemp" Type="DimValue" Dimension="Temperature">350</Property>
			<Property Name="Manufacturer" Type="String">ThinFlex_Corporation</Property>
			<Property Name="Name" Type="String">ThinFlex_A-1010RD</Property>
			<Property Name="Thickness" Type="DimValue" Dimension="Length">1 mil</Property>
			<Property Name="Description" Type="String">ThinFlex_A-1010RD</Property>
			<Property Name="Note" Type="String">TG=350C;_Df=0.002</Property>
		</Entity>
		<Entity Id="6bd74f66-498b-4a10-94bc-38ab6d220493" TypeId="27d70fdc-4c4e-4774-bfac-7efbb48cde47" RevisionId="213f7ab1-e5f1-4f0d-a19c-886f418396cf" RevisionDate="2021-03-16T04:34:50.4370739Z">
			<Property Name="Constructions" Type="String">TPI_Adhesiveless_DS_CCL_1/4_oz_Cu</Property>
			<Property Name="Resin" Type="DimValue" Dimension="Relative">0</Property>
			<Property Name="Frequency" Type="DimValue" Dimension="Frequency">0MHz</Property>
			<Property Name="DielectricConstant" Type="DimValue" Dimension="Dimensionless">3.3</Property>
			<Property Name="LossTangent" Type="DimValue" Dimension="Dimensionless">0.002</Property>
			<Property Name="GlassTransTemp" Type="DimValue" Dimension="Temperature">350</Property>
			<Property Name="Manufacturer" Type="String">ThinFlex_Corporation</Property>
			<Property Name="Name" Type="String">ThinFlex_A-2002ED</Property>
			<Property Name="Thickness" Type="DimValue" Dimension="Length">2 mil</Property>
			<Property Name="Description" Type="String">ThinFlex_A-2002ED</Property>
			<Property Name="Note" Type="String">TG=350C;_Df=0.002</Property>
		</Entity>
		<Entity Id="6bd74f66-498b-4a10-94bc-38ab6d220494" TypeId="27d70fdc-4c4e-4774-bfac-7efbb48cde47" RevisionId="213f7ab1-e5f1-4f0d-a19c-886f418396cf" RevisionDate="2021-03-16T04:34:50.4370739Z">
			<Property Name="Constructions" Type="String">TPI_Adhesiveless_DS_CCL_1/2_ox_Cu</Property>
			<Property Name="Resin" Type="DimValue" Dimension="Relative">0</Property>
			<Property Name="Frequency" Type="DimValue" Dimension="Frequency">0MHz</Property>
			<Property Name="DielectricConstant" Type="DimValue" Dimension="Dimensionless">3.3</Property>
			<Property Name="LossTangent" Type="DimValue" Dimension="Dimensionless">0.002</Property>
			<Property Name="GlassTransTemp" Type="DimValue" Dimension="Temperature">350</Property>
			<Property Name="Manufacturer" Type="String">ThinFlex_Corporation</Property>
			<Property Name="Name" Type="String">ThinFlex_A-2005ED</Property>
			<Property Name="Thickness" Type="DimValue" Dimension="Length">2 mil</Property>
			<Property Name="Description" Type="String">ThinFlex_A-2005ED</Property>
			<Property Name="Note" Type="String">TG=350C;_Df=0.002</Property>
		</Entity>
		<Entity Id="6bd74f66-498b-4a10-94bc-38ab6d220495" TypeId="27d70fdc-4c4e-4774-bfac-7efbb48cde47" RevisionId="213f7ab1-e5f1-4f0d-a19c-886f418396cf" RevisionDate="2021-03-16T04:34:50.4370739Z">
			<Property Name="Constructions" Type="String">TPI_Adhesiveless_DS_CCL_1/2_ox_Cu</Property>
			<Property Name="Resin" Type="DimValue" Dimension="Relative">0</Property>
			<Property Name="Frequency" Type="DimValue" Dimension="Frequency">0MHz</Property>
			<Property Name="DielectricConstant" Type="DimValue" Dimension="Dimensionless">3.3</Property>
			<Property Name="LossTangent" Type="DimValue" Dimension="Dimensionless">0.002</Property>
			<Property Name="GlassTransTemp" Type="DimValue" Dimension="Temperature">350</Property>
			<Property Name="Manufacturer" Type="String">ThinFlex_Corporation</Property>
			<Property Name="Name" Type="String">ThinFlex_A-2005RD</Property>
			<Property Name="Thickness" Type="DimValue" Dimension="Length">2 mil</Property>
			<Property Name="Description" Type="String">ThinFlex_A-2005RD</Property>
			<Property Name="Note" Type="String">TG=350C;_Df=0.002</Property>
		</Entity>
		<Entity Id="6bd74f66-498b-4a10-94bc-38ab6d220496" TypeId="27d70fdc-4c4e-4774-bfac-7efbb48cde47" RevisionId="213f7ab1-e5f1-4f0d-a19c-886f418396cf" RevisionDate="2021-03-16T04:34:50.4370739Z">
			<Property Name="Constructions" Type="String">TPI_Adhesiveless_DS_CCL_1_oz_Cu</Property>
			<Property Name="Resin" Type="DimValue" Dimension="Relative">0</Property>
			<Property Name="Frequency" Type="DimValue" Dimension="Frequency">0MHz</Property>
			<Property Name="DielectricConstant" Type="DimValue" Dimension="Dimensionless">3.3</Property>
			<Property Name="LossTangent" Type="DimValue" Dimension="Dimensionless">0.002</Property>
			<Property Name="GlassTransTemp" Type="DimValue" Dimension="Temperature">350</Property>
			<Property Name="Manufacturer" Type="String">ThinFlex_Corporation</Property>
			<Property Name="Name" Type="String">ThinFlex_A-2010ED</Property>
			<Property Name="Thickness" Type="DimValue" Dimension="Length">2 mil</Property>
			<Property Name="Description" Type="String">ThinFlex_A-2010ED</Property>
			<Property Name="Note" Type="String">TG=350C;_Df=0.002</Property>
		</Entity>
		<Entity Id="6bd74f66-498b-4a10-94bc-38ab6d220497" TypeId="27d70fdc-4c4e-4774-bfac-7efbb48cde47" RevisionId="213f7ab1-e5f1-4f0d-a19c-886f418396cf" RevisionDate="2021-03-16T04:34:50.4370739Z">
			<Property Name="Constructions" Type="String">TPI_Adhesiveless_DS_CCL_1_oz_Cu</Property>
			<Property Name="Resin" Type="DimValue" Dimension="Relative">0</Property>
			<Property Name="Frequency" Type="DimValue" Dimension="Frequency">0MHz</Property>
			<Property Name="DielectricConstant" Type="DimValue" Dimension="Dimensionless">3.3</Property>
			<Property Name="LossTangent" Type="DimValue" Dimension="Dimensionless">0.002</Property>
			<Property Name="GlassTransTemp" Type="DimValue" Dimension="Temperature">350</Property>
			<Property Name="Manufacturer" Type="String">ThinFlex_Corporation</Property>
			<Property Name="Name" Type="String">ThinFlex_A-201_ORD</Property>
			<Property Name="Thickness" Type="DimValue" Dimension="Length">2 mil</Property>
			<Property Name="Description" Type="String">ThinFlex_A-201_ORD</Property>
			<Property Name="Note" Type="String">TG=350C;_Df=0.002</Property>
		</Entity>
		<Entity Id="6bd74f66-498b-4a10-94bc-38ab6d220498" TypeId="27d70fdc-4c4e-4774-bfac-7efbb48cde47" RevisionId="213f7ab1-e5f1-4f0d-a19c-886f418396cf" RevisionDate="2021-03-16T04:34:50.4370739Z">
			<Property Name="Constructions" Type="String">PI_Adhesiveless_SS_CCL_1/3_oz_Cu</Property>
			<Property Name="Resin" Type="DimValue" Dimension="Relative">0</Property>
			<Property Name="Frequency" Type="DimValue" Dimension="Frequency">0MHz</Property>
			<Property Name="DielectricConstant" Type="DimValue" Dimension="Dimensionless">3.6</Property>
			<Property Name="LossTangent" Type="DimValue" Dimension="Dimensionless">0.01</Property>
			<Property Name="GlassTransTemp" Type="DimValue" Dimension="Temperature">327</Property>
			<Property Name="Manufacturer" Type="String">ThinFlex_Corporation</Property>
			<Property Name="Name" Type="String">ThinFlex_H-0503ES</Property>
			<Property Name="Thickness" Type="DimValue" Dimension="Length">0.5 mil</Property>
			<Property Name="Description" Type="String">ThinFlex_H-0503ES</Property>
			<Property Name="Note" Type="String">TG=327C;_Df=0.01</Property>
		</Entity>
		<Entity Id="6bd74f66-498b-4a10-94bc-38ab6d220499" TypeId="27d70fdc-4c4e-4774-bfac-7efbb48cde47" RevisionId="213f7ab1-e5f1-4f0d-a19c-886f418396cf" RevisionDate="2021-03-16T04:34:50.4370739Z">
			<Property Name="Constructions" Type="String">PI_Adhesiveless_SS_CCL_1/2_oz_Cu</Property>
			<Property Name="Resin" Type="DimValue" Dimension="Relative">0</Property>
			<Property Name="Frequency" Type="DimValue" Dimension="Frequency">0MHz</Property>
			<Property Name="DielectricConstant" Type="DimValue" Dimension="Dimensionless">3.3</Property>
			<Property Name="LossTangent" Type="DimValue" Dimension="Dimensionless">0.01</Property>
			<Property Name="GlassTransTemp" Type="DimValue" Dimension="Temperature">350</Property>
			<Property Name="Manufacturer" Type="String">ThinFlex_Corporation</Property>
			<Property Name="Name" Type="String">ThinFlex_H-1005RS</Property>
			<Property Name="Thickness" Type="DimValue" Dimension="Length">1 mil</Property>
			<Property Name="Description" Type="String">ThinFlex_H-1005RS</Property>
			<Property Name="Note" Type="String">TG=327C;_Df=0.01</Property>
		</Entity>
		<Entity Id="6bd74f66-498b-4a10-94bc-38ab6d220500" TypeId="27d70fdc-4c4e-4774-bfac-7efbb48cde47" RevisionId="213f7ab1-e5f1-4f0d-a19c-886f418396cf" RevisionDate="2021-03-16T04:34:50.4370739Z">
			<Property Name="Constructions" Type="String">PI_Adhesiveless_SS_CCL_1_oz_Cu</Property>
			<Property Name="Resin" Type="DimValue" Dimension="Relative">0</Property>
			<Property Name="Frequency" Type="DimValue" Dimension="Frequency">0MHz</Property>
			<Property Name="DielectricConstant" Type="DimValue" Dimension="Dimensionless">3.3</Property>
			<Property Name="LossTangent" Type="DimValue" Dimension="Dimensionless">0.01</Property>
			<Property Name="GlassTransTemp" Type="DimValue" Dimension="Temperature">350</Property>
			<Property Name="Manufacturer" Type="String">ThinFlex_Corporation</Property>
			<Property Name="Name" Type="String">ThinFlex_H-1010ES</Property>
			<Property Name="Thickness" Type="DimValue" Dimension="Length">1 mil</Property>
			<Property Name="Description" Type="String">ThinFlex_H-1010ES</Property>
			<Property Name="Note" Type="String">TG=327C;_Df=0.01</Property>
		</Entity>
		<Entity Id="6bd74f66-498b-4a10-94bc-38ab6d220501" TypeId="27d70fdc-4c4e-4774-bfac-7efbb48cde47" RevisionId="213f7ab1-e5f1-4f0d-a19c-886f418396cf" RevisionDate="2021-03-16T04:34:50.4370739Z">
			<Property Name="Constructions" Type="String">PI_Adhesiveless_SS_CCL_1_oz_Cu</Property>
			<Property Name="Resin" Type="DimValue" Dimension="Relative">0</Property>
			<Property Name="Frequency" Type="DimValue" Dimension="Frequency">0MHz</Property>
			<Property Name="DielectricConstant" Type="DimValue" Dimension="Dimensionless">3.3</Property>
			<Property Name="LossTangent" Type="DimValue" Dimension="Dimensionless">0.01</Property>
			<Property Name="GlassTransTemp" Type="DimValue" Dimension="Temperature">350</Property>
			<Property Name="Manufacturer" Type="String">ThinFlex_Corporation</Property>
			<Property Name="Name" Type="String">ThinFlex_H-1010RS</Property>
			<Property Name="Thickness" Type="DimValue" Dimension="Length">1 mil</Property>
			<Property Name="Description" Type="String">ThinFlex_H-1010RS</Property>
			<Property Name="Note" Type="String">TG=327C;_Df=0.01</Property>
		</Entity>
		<Entity Id="6bd74f66-498b-4a10-94bc-38ab6d220502" TypeId="27d70fdc-4c4e-4774-bfac-7efbb48cde47" RevisionId="213f7ab1-e5f1-4f0d-a19c-886f418396cf" RevisionDate="2021-03-16T04:34:50.4370739Z">
			<Property Name="Constructions" Type="String">PI_Adhesiveless_SS_CCL_1/3_oz_Cu</Property>
			<Property Name="Resin" Type="DimValue" Dimension="Relative">0</Property>
			<Property Name="Frequency" Type="DimValue" Dimension="Frequency">0MHz</Property>
			<Property Name="DielectricConstant" Type="DimValue" Dimension="Dimensionless">3.3</Property>
			<Property Name="LossTangent" Type="DimValue" Dimension="Dimensionless">0.01</Property>
			<Property Name="GlassTransTemp" Type="DimValue" Dimension="Temperature">327</Property>
			<Property Name="Manufacturer" Type="String">ThinFlex_Corporation</Property>
			<Property Name="Name" Type="String">ThinFlex_X-0503ES</Property>
			<Property Name="Thickness" Type="DimValue" Dimension="Length">0.5 mil</Property>
			<Property Name="Description" Type="String">ThinFlex_X-0503ES</Property>
			<Property Name="Note" Type="String">TG=320C;_Df=0.01</Property>
		</Entity>
		<Entity Id="6bd74f66-498b-4a10-94bc-38ab6d220503" TypeId="27d70fdc-4c4e-4774-bfac-7efbb48cde47" RevisionId="213f7ab1-e5f1-4f0d-a19c-886f418396cf" RevisionDate="2021-03-16T04:34:50.4370739Z">
			<Property Name="Constructions" Type="String">PI_Adhesiveless_SS_CCL_1/3_oz_Cu</Property>
			<Property Name="Resin" Type="DimValue" Dimension="Relative">0</Property>
			<Property Name="Frequency" Type="DimValue" Dimension="Frequency">0MHz</Property>
			<Property Name="DielectricConstant" Type="DimValue" Dimension="Dimensionless">3.3</Property>
			<Property Name="LossTangent" Type="DimValue" Dimension="Dimensionless">0.01</Property>
			<Property Name="GlassTransTemp" Type="DimValue" Dimension="Temperature">327</Property>
			<Property Name="Manufacturer" Type="String">ThinFlex_Corporation</Property>
			<Property Name="Name" Type="String">ThinFlex_X-0503RS</Property>
			<Property Name="Thickness" Type="DimValue" Dimension="Length">0.5 mil</Property>
			<Property Name="Description" Type="String">ThinFlex_X-0503RS</Property>
			<Property Name="Note" Type="String">TG=320C;_Df=0.01</Property>
		</Entity>
		<Entity Id="6bd74f66-498b-4a10-94bc-38ab6d220504" TypeId="27d70fdc-4c4e-4774-bfac-7efbb48cde47" RevisionId="213f7ab1-e5f1-4f0d-a19c-886f418396cf" RevisionDate="2021-03-16T04:34:50.4370739Z">
			<Property Name="Constructions" Type="String">PI_Adhesiveless_SS_CCL_1/3_oz_Cu</Property>
			<Property Name="Resin" Type="DimValue" Dimension="Relative">0</Property>
			<Property Name="Frequency" Type="DimValue" Dimension="Frequency">0MHz</Property>
			<Property Name="DielectricConstant" Type="DimValue" Dimension="Dimensionless">3.3</Property>
			<Property Name="LossTangent" Type="DimValue" Dimension="Dimensionless">0.01</Property>
			<Property Name="GlassTransTemp" Type="DimValue" Dimension="Temperature">327</Property>
			<Property Name="Manufacturer" Type="String">ThinFlex_Corporation</Property>
			<Property Name="Name" Type="String">ThinFlex_X-1003ES</Property>
			<Property Name="Thickness" Type="DimValue" Dimension="Length">1 mil</Property>
			<Property Name="Description" Type="String">ThinFlex_X-1003ES</Property>
			<Property Name="Note" Type="String">TG=320C;_Df=0.01</Property>
		</Entity>
	</Entities>
	<EntityExtensions />
</ExtensibleLibrary>
