﻿<?xml version="1.0" encoding="UTF-8"?>
<ExtensibleLibrary SerializerVersion="1.1.0.0" LibraryId="304daab4-9f31-485c-9cc0-983beabff0b4" Version="1.1.0.0" xmlns="http://altium.com/ns/Data/ExtensibleLibraries">
	<Types />
	<TypeExtensions />
	<Entities>
		<Entity Id="6bd74f66-498b-4a10-94bc-38ab6d218661" TypeId="27d70fdc-4c4e-4774-bfac-7efbb48cde47" RevisionId="213f7ab1-e5f1-4f0d-a19c-886f418396cf" RevisionDate="2021-03-16T04:34:50.4370739Z">
			<Property Name="Constructions" Type="String">Thermal_Conductive_Board</Property>
			<Property Name="Resin" Type="DimValue" Dimension="Relative">0</Property>
			<Property Name="Frequency" Type="DimValue" Dimension="Frequency">0MHz</Property>
			<Property Name="DielectricConstant" Type="DimValue" Dimension="Dimensionless">4.8</Property>
			<Property Name="LossTangent" Type="DimValue" Dimension="Dimensionless">0.021</Property>
			<Property Name="GlassTransTemp" Type="DimValue" Dimension="Temperature">130</Property>
			<Property Name="Manufacturer" Type="String">Polytronics</Property>
			<Property Name="Name" Type="String">TCB-2</Property>
			<Property Name="Thickness" Type="DimValue" Dimension="Length">3.149606299 mil</Property>
			<Property Name="Description" Type="String">TCB-2;_Thermal_Conductive_Board</Property>
			<Property Name="Note" Type="String">Tg=130;_Df=0.021</Property>
		</Entity>
		<Entity Id="6bd74f66-498b-4a10-94bc-38ab6d218662" TypeId="27d70fdc-4c4e-4774-bfac-7efbb48cde47" RevisionId="213f7ab1-e5f1-4f0d-a19c-886f418396cf" RevisionDate="2021-03-16T04:34:50.4370739Z">
			<Property Name="Constructions" Type="String">Thermal_Conductive_Board</Property>
			<Property Name="Resin" Type="DimValue" Dimension="Relative">0</Property>
			<Property Name="Frequency" Type="DimValue" Dimension="Frequency">0MHz</Property>
			<Property Name="DielectricConstant" Type="DimValue" Dimension="Dimensionless">4.8</Property>
			<Property Name="LossTangent" Type="DimValue" Dimension="Dimensionless">0.021</Property>
			<Property Name="GlassTransTemp" Type="DimValue" Dimension="Temperature">130</Property>
			<Property Name="Manufacturer" Type="String">Polytronics</Property>
			<Property Name="Name" Type="String">TCB-2</Property>
			<Property Name="Thickness" Type="DimValue" Dimension="Length">3.937007874 mil</Property>
			<Property Name="Description" Type="String">TCB-2;_Thermal_Conductive_Board</Property>
			<Property Name="Note" Type="String">Tg=130;_Df=0.021</Property>
		</Entity>
		<Entity Id="6bd74f66-498b-4a10-94bc-38ab6d218663" TypeId="27d70fdc-4c4e-4774-bfac-7efbb48cde47" RevisionId="213f7ab1-e5f1-4f0d-a19c-886f418396cf" RevisionDate="2021-03-16T04:34:50.4370739Z">
			<Property Name="Constructions" Type="String">Thermal_Conductive_Board</Property>
			<Property Name="Resin" Type="DimValue" Dimension="Relative">0</Property>
			<Property Name="Frequency" Type="DimValue" Dimension="Frequency">0MHz</Property>
			<Property Name="DielectricConstant" Type="DimValue" Dimension="Dimensionless">4.8</Property>
			<Property Name="LossTangent" Type="DimValue" Dimension="Dimensionless">0.021</Property>
			<Property Name="GlassTransTemp" Type="DimValue" Dimension="Temperature">130</Property>
			<Property Name="Manufacturer" Type="String">Polytronics</Property>
			<Property Name="Name" Type="String">TCB-2</Property>
			<Property Name="Thickness" Type="DimValue" Dimension="Length">5.905511811 mil</Property>
			<Property Name="Description" Type="String">TCB-2;_Thermal_Conductive_Board</Property>
			<Property Name="Note" Type="String">Tg=130;_Df=0.021</Property>
		</Entity>
		<Entity Id="6bd74f66-498b-4a10-94bc-38ab6d218664" TypeId="27d70fdc-4c4e-4774-bfac-7efbb48cde47" RevisionId="213f7ab1-e5f1-4f0d-a19c-886f418396cf" RevisionDate="2021-03-16T04:34:50.4370739Z">
			<Property Name="Constructions" Type="String">Thermal_Conductive_Board</Property>
			<Property Name="Resin" Type="DimValue" Dimension="Relative">0</Property>
			<Property Name="Frequency" Type="DimValue" Dimension="Frequency">0MHz</Property>
			<Property Name="DielectricConstant" Type="DimValue" Dimension="Dimensionless">4.8</Property>
			<Property Name="LossTangent" Type="DimValue" Dimension="Dimensionless">0.021</Property>
			<Property Name="GlassTransTemp" Type="DimValue" Dimension="Temperature">130</Property>
			<Property Name="Manufacturer" Type="String">Polytronics</Property>
			<Property Name="Name" Type="String">TCB-2AL</Property>
			<Property Name="Thickness" Type="DimValue" Dimension="Length">3.149606299 mil</Property>
			<Property Name="Description" Type="String">TCB-2AL;_Thermal_Conductive_Board</Property>
			<Property Name="Note" Type="String">Tg=130;_Df=0.021</Property>
		</Entity>
		<Entity Id="6bd74f66-498b-4a10-94bc-38ab6d218665" TypeId="27d70fdc-4c4e-4774-bfac-7efbb48cde47" RevisionId="213f7ab1-e5f1-4f0d-a19c-886f418396cf" RevisionDate="2021-03-16T04:34:50.4370739Z">
			<Property Name="Constructions" Type="String">Thermal_Conductive_Board</Property>
			<Property Name="Resin" Type="DimValue" Dimension="Relative">0</Property>
			<Property Name="Frequency" Type="DimValue" Dimension="Frequency">0MHz</Property>
			<Property Name="DielectricConstant" Type="DimValue" Dimension="Dimensionless">4.8</Property>
			<Property Name="LossTangent" Type="DimValue" Dimension="Dimensionless">0.021</Property>
			<Property Name="GlassTransTemp" Type="DimValue" Dimension="Temperature">130</Property>
			<Property Name="Manufacturer" Type="String">Polytronics</Property>
			<Property Name="Name" Type="String">TCB-2AL</Property>
			<Property Name="Thickness" Type="DimValue" Dimension="Length">3.937007874 mil</Property>
			<Property Name="Description" Type="String">TCB-2AL;_Thermal_Conductive_Board</Property>
			<Property Name="Note" Type="String">Tg=130;_Df=0.021</Property>
		</Entity>
		<Entity Id="6bd74f66-498b-4a10-94bc-38ab6d218666" TypeId="27d70fdc-4c4e-4774-bfac-7efbb48cde47" RevisionId="213f7ab1-e5f1-4f0d-a19c-886f418396cf" RevisionDate="2021-03-16T04:34:50.4370739Z">
			<Property Name="Constructions" Type="String">Thermal_Conductive_Board</Property>
			<Property Name="Resin" Type="DimValue" Dimension="Relative">0</Property>
			<Property Name="Frequency" Type="DimValue" Dimension="Frequency">0MHz</Property>
			<Property Name="DielectricConstant" Type="DimValue" Dimension="Dimensionless">4.8</Property>
			<Property Name="LossTangent" Type="DimValue" Dimension="Dimensionless">0.021</Property>
			<Property Name="GlassTransTemp" Type="DimValue" Dimension="Temperature">130</Property>
			<Property Name="Manufacturer" Type="String">Polytronics</Property>
			<Property Name="Name" Type="String">TCB-2AL</Property>
			<Property Name="Thickness" Type="DimValue" Dimension="Length">5.905511811 mil</Property>
			<Property Name="Description" Type="String">TCB-2AL;_Thermal_Conductive_Board</Property>
			<Property Name="Note" Type="String">Tg=130;_Df=0.021</Property>
		</Entity>
		<Entity Id="6bd74f66-498b-4a10-94bc-38ab6d218667" TypeId="27d70fdc-4c4e-4774-bfac-7efbb48cde47" RevisionId="213f7ab1-e5f1-4f0d-a19c-886f418396cf" RevisionDate="2021-03-16T04:34:50.4370739Z">
			<Property Name="Constructions" Type="String">Thermal_Conductive_Board</Property>
			<Property Name="Resin" Type="DimValue" Dimension="Relative">0</Property>
			<Property Name="Frequency" Type="DimValue" Dimension="Frequency">0MHz</Property>
			<Property Name="DielectricConstant" Type="DimValue" Dimension="Dimensionless">4.6</Property>
			<Property Name="LossTangent" Type="DimValue" Dimension="Dimensionless">0.021</Property>
			<Property Name="GlassTransTemp" Type="DimValue" Dimension="Temperature">130</Property>
			<Property Name="Manufacturer" Type="String">Polytronics</Property>
			<Property Name="Name" Type="String">TCB-2L</Property>
			<Property Name="Thickness" Type="DimValue" Dimension="Length">3.149606299 mil</Property>
			<Property Name="Description" Type="String">TCB-2L;_Thermal_Conductive_Board</Property>
			<Property Name="Note" Type="String">Tg=130;_Df=0.021</Property>
		</Entity>
		<Entity Id="6bd74f66-498b-4a10-94bc-38ab6d218668" TypeId="27d70fdc-4c4e-4774-bfac-7efbb48cde47" RevisionId="213f7ab1-e5f1-4f0d-a19c-886f418396cf" RevisionDate="2021-03-16T04:34:50.4370739Z">
			<Property Name="Constructions" Type="String">Thermal_Conductive_Board</Property>
			<Property Name="Resin" Type="DimValue" Dimension="Relative">0</Property>
			<Property Name="Frequency" Type="DimValue" Dimension="Frequency">0MHz</Property>
			<Property Name="DielectricConstant" Type="DimValue" Dimension="Dimensionless">4.6</Property>
			<Property Name="LossTangent" Type="DimValue" Dimension="Dimensionless">0.021</Property>
			<Property Name="GlassTransTemp" Type="DimValue" Dimension="Temperature">130</Property>
			<Property Name="Manufacturer" Type="String">Polytronics</Property>
			<Property Name="Name" Type="String">TCB-2L</Property>
			<Property Name="Thickness" Type="DimValue" Dimension="Length">3.937007874 mil</Property>
			<Property Name="Description" Type="String">TCB-2L;_Thermal_Conductive_Board</Property>
			<Property Name="Note" Type="String">Tg=130;_Df=0.021</Property>
		</Entity>
		<Entity Id="6bd74f66-498b-4a10-94bc-38ab6d218669" TypeId="27d70fdc-4c4e-4774-bfac-7efbb48cde47" RevisionId="213f7ab1-e5f1-4f0d-a19c-886f418396cf" RevisionDate="2021-03-16T04:34:50.4370739Z">
			<Property Name="Constructions" Type="String">Thermal_Conductive_Board</Property>
			<Property Name="Resin" Type="DimValue" Dimension="Relative">0</Property>
			<Property Name="Frequency" Type="DimValue" Dimension="Frequency">0MHz</Property>
			<Property Name="DielectricConstant" Type="DimValue" Dimension="Dimensionless">4.6</Property>
			<Property Name="LossTangent" Type="DimValue" Dimension="Dimensionless">0.021</Property>
			<Property Name="GlassTransTemp" Type="DimValue" Dimension="Temperature">130</Property>
			<Property Name="Manufacturer" Type="String">Polytronics</Property>
			<Property Name="Name" Type="String">TCB-2L</Property>
			<Property Name="Thickness" Type="DimValue" Dimension="Length">5.905511811 mil</Property>
			<Property Name="Description" Type="String">TCB-2L;_Thermal_Conductive_Board</Property>
			<Property Name="Note" Type="String">Tg=130;_Df=0.021</Property>
		</Entity>
		<Entity Id="6bd74f66-498b-4a10-94bc-38ab6d218670" TypeId="27d70fdc-4c4e-4774-bfac-7efbb48cde47" RevisionId="213f7ab1-e5f1-4f0d-a19c-886f418396cf" RevisionDate="2021-03-16T04:34:50.4370739Z">
			<Property Name="Constructions" Type="String">Thermal_Conductive_Board</Property>
			<Property Name="Resin" Type="DimValue" Dimension="Relative">0</Property>
			<Property Name="Frequency" Type="DimValue" Dimension="Frequency">0MHz</Property>
			<Property Name="DielectricConstant" Type="DimValue" Dimension="Dimensionless">4.9</Property>
			<Property Name="LossTangent" Type="DimValue" Dimension="Dimensionless">0.022</Property>
			<Property Name="GlassTransTemp" Type="DimValue" Dimension="Temperature">140</Property>
			<Property Name="Manufacturer" Type="String">Polytronics</Property>
			<Property Name="Name" Type="String">TCB-4</Property>
			<Property Name="Thickness" Type="DimValue" Dimension="Length">3.149606299 mil</Property>
			<Property Name="Description" Type="String">TCB-4;_Thermal_Conductive_Board</Property>
			<Property Name="Note" Type="String">Tg=140;_Df=0.022</Property>
		</Entity>
		<Entity Id="6bd74f66-498b-4a10-94bc-38ab6d218671" TypeId="27d70fdc-4c4e-4774-bfac-7efbb48cde47" RevisionId="213f7ab1-e5f1-4f0d-a19c-886f418396cf" RevisionDate="2021-03-16T04:34:50.4370739Z">
			<Property Name="Constructions" Type="String">Thermal_Conductive_Board</Property>
			<Property Name="Resin" Type="DimValue" Dimension="Relative">0</Property>
			<Property Name="Frequency" Type="DimValue" Dimension="Frequency">0MHz</Property>
			<Property Name="DielectricConstant" Type="DimValue" Dimension="Dimensionless">4.9</Property>
			<Property Name="LossTangent" Type="DimValue" Dimension="Dimensionless">0.022</Property>
			<Property Name="GlassTransTemp" Type="DimValue" Dimension="Temperature">140</Property>
			<Property Name="Manufacturer" Type="String">Polytronics</Property>
			<Property Name="Name" Type="String">TCB-4</Property>
			<Property Name="Thickness" Type="DimValue" Dimension="Length">3.937007874 mil</Property>
			<Property Name="Description" Type="String">TCB-4;_Thermal_Conductive_Board</Property>
			<Property Name="Note" Type="String">Tg=140;_Df=0.022</Property>
		</Entity>
		<Entity Id="6bd74f66-498b-4a10-94bc-38ab6d218672" TypeId="27d70fdc-4c4e-4774-bfac-7efbb48cde47" RevisionId="213f7ab1-e5f1-4f0d-a19c-886f418396cf" RevisionDate="2021-03-16T04:34:50.4370739Z">
			<Property Name="Constructions" Type="String">Thermal_Conductive_Board</Property>
			<Property Name="Resin" Type="DimValue" Dimension="Relative">0</Property>
			<Property Name="Frequency" Type="DimValue" Dimension="Frequency">0MHz</Property>
			<Property Name="DielectricConstant" Type="DimValue" Dimension="Dimensionless">4.9</Property>
			<Property Name="LossTangent" Type="DimValue" Dimension="Dimensionless">0.022</Property>
			<Property Name="GlassTransTemp" Type="DimValue" Dimension="Temperature">140</Property>
			<Property Name="Manufacturer" Type="String">Polytronics</Property>
			<Property Name="Name" Type="String">TCB-4</Property>
			<Property Name="Thickness" Type="DimValue" Dimension="Length">5.905511811 mil</Property>
			<Property Name="Description" Type="String">TCB-4;_Thermal_Conductive_Board</Property>
			<Property Name="Note" Type="String">Tg=140;_Df=0.022</Property>
		</Entity>
		<Entity Id="6bd74f66-498b-4a10-94bc-38ab6d218673" TypeId="27d70fdc-4c4e-4774-bfac-7efbb48cde47" RevisionId="213f7ab1-e5f1-4f0d-a19c-886f418396cf" RevisionDate="2021-03-16T04:34:50.4370739Z">
			<Property Name="Constructions" Type="String">Thermal_Conductive_Board</Property>
			<Property Name="Resin" Type="DimValue" Dimension="Relative">0</Property>
			<Property Name="Frequency" Type="DimValue" Dimension="Frequency">0MHz</Property>
			<Property Name="DielectricConstant" Type="DimValue" Dimension="Dimensionless">5.2</Property>
			<Property Name="LossTangent" Type="DimValue" Dimension="Dimensionless">0.024</Property>
			<Property Name="GlassTransTemp" Type="DimValue" Dimension="Temperature">140</Property>
			<Property Name="Manufacturer" Type="String">Polytronics</Property>
			<Property Name="Name" Type="String">TCB-8</Property>
			<Property Name="Thickness" Type="DimValue" Dimension="Length">3.149606299 mil</Property>
			<Property Name="Description" Type="String">TCB-8;_Thermal_Conductive_Board</Property>
			<Property Name="Note" Type="String">Tg=140;_Df=0.024</Property>
		</Entity>
		<Entity Id="6bd74f66-498b-4a10-94bc-38ab6d218674" TypeId="27d70fdc-4c4e-4774-bfac-7efbb48cde47" RevisionId="213f7ab1-e5f1-4f0d-a19c-886f418396cf" RevisionDate="2021-03-16T04:34:50.4370739Z">
			<Property Name="Constructions" Type="String">Thermal_Conductive_Board</Property>
			<Property Name="Resin" Type="DimValue" Dimension="Relative">0</Property>
			<Property Name="Frequency" Type="DimValue" Dimension="Frequency">0MHz</Property>
			<Property Name="DielectricConstant" Type="DimValue" Dimension="Dimensionless">5.2</Property>
			<Property Name="LossTangent" Type="DimValue" Dimension="Dimensionless">0.024</Property>
			<Property Name="GlassTransTemp" Type="DimValue" Dimension="Temperature">140</Property>
			<Property Name="Manufacturer" Type="String">Polytronics</Property>
			<Property Name="Name" Type="String">TCB-8</Property>
			<Property Name="Thickness" Type="DimValue" Dimension="Length">3.937007874 mil</Property>
			<Property Name="Description" Type="String">TCB-8;_Thermal_Conductive_Board</Property>
			<Property Name="Note" Type="String">Tg=140;_Df=0.024</Property>
		</Entity>
		<Entity Id="6bd74f66-498b-4a10-94bc-38ab6d218675" TypeId="27d70fdc-4c4e-4774-bfac-7efbb48cde47" RevisionId="213f7ab1-e5f1-4f0d-a19c-886f418396cf" RevisionDate="2021-03-16T04:34:50.4370739Z">
			<Property Name="Constructions" Type="String">Thermal_Conductive_Board</Property>
			<Property Name="Resin" Type="DimValue" Dimension="Relative">0</Property>
			<Property Name="Frequency" Type="DimValue" Dimension="Frequency">0MHz</Property>
			<Property Name="DielectricConstant" Type="DimValue" Dimension="Dimensionless">5.2</Property>
			<Property Name="LossTangent" Type="DimValue" Dimension="Dimensionless">0.024</Property>
			<Property Name="GlassTransTemp" Type="DimValue" Dimension="Temperature">140</Property>
			<Property Name="Manufacturer" Type="String">Polytronics</Property>
			<Property Name="Name" Type="String">TCB-8</Property>
			<Property Name="Thickness" Type="DimValue" Dimension="Length">5.905511811 mil</Property>
			<Property Name="Description" Type="String">TCB-8;_Thermal_Conductive_Board</Property>
			<Property Name="Note" Type="String">Tg=140;_Df=0.024</Property>
		</Entity>
	</Entities>
	<EntityExtensions />
</ExtensibleLibrary>
