﻿<?xml version="1.0" encoding="UTF-8"?>
<ExtensibleLibrary SerializerVersion="1.1.0.0" LibraryId="304daab4-9f31-485c-9cc0-983beabff0b4" Version="1.1.0.0" xmlns="http://altium.com/ns/Data/ExtensibleLibraries">
	<Types />
	<TypeExtensions />
	<Entities>
		<Entity Id="6bd74f66-498b-4a10-94bc-38ab6d220035" TypeId="27d70fdc-4c4e-4774-bfac-7efbb48cde47" RevisionId="213f7ab1-e5f1-4f0d-a19c-886f418396cf" RevisionDate="2021-03-16T04:34:50.4370739Z">
			<Property Name="Constructions" Type="String">_</Property>
			<Property Name="Resin" Type="DimValue" Dimension="Relative">0</Property>
			<Property Name="Frequency" Type="DimValue" Dimension="Frequency">1MHz</Property>
			<Property Name="DielectricConstant" Type="DimValue" Dimension="Dimensionless">4.7</Property>
			<Property Name="LossTangent" Type="DimValue" Dimension="Dimensionless">0.018</Property>
			<Property Name="GlassTransTemp" Type="DimValue" Dimension="Temperature">145</Property>
			<Property Name="Manufacturer" Type="String">Sumitomo_Bakelite</Property>
			<Property Name="Name" Type="String">Sumilite_ELC-4765</Property>
			<Property Name="Thickness" Type="DimValue" Dimension="Length">7.874015748 mil</Property>
			<Property Name="Description" Type="String">Sumilite_ELC-4765_(1MHz)</Property>
			<Property Name="Note" Type="String">Tg=145;_Df=0.018</Property>
		</Entity>
		<Entity Id="6bd74f66-498b-4a10-94bc-38ab6d220036" TypeId="27d70fdc-4c4e-4774-bfac-7efbb48cde47" RevisionId="213f7ab1-e5f1-4f0d-a19c-886f418396cf" RevisionDate="2021-03-16T04:34:50.4370739Z">
			<Property Name="Constructions" Type="String">_</Property>
			<Property Name="Resin" Type="DimValue" Dimension="Relative">0</Property>
			<Property Name="Frequency" Type="DimValue" Dimension="Frequency">1MHz</Property>
			<Property Name="DielectricConstant" Type="DimValue" Dimension="Dimensionless">4.7</Property>
			<Property Name="LossTangent" Type="DimValue" Dimension="Dimensionless">0.018</Property>
			<Property Name="GlassTransTemp" Type="DimValue" Dimension="Temperature">145</Property>
			<Property Name="Manufacturer" Type="String">Sumitomo_Bakelite</Property>
			<Property Name="Name" Type="String">Sumilite_ELC-4765</Property>
			<Property Name="Thickness" Type="DimValue" Dimension="Length">15.7480315 mil</Property>
			<Property Name="Description" Type="String">Sumilite_ELC-4765_(1MHz)</Property>
			<Property Name="Note" Type="String">Tg=145;_Df=0.018</Property>
		</Entity>
		<Entity Id="6bd74f66-498b-4a10-94bc-38ab6d220037" TypeId="27d70fdc-4c4e-4774-bfac-7efbb48cde47" RevisionId="213f7ab1-e5f1-4f0d-a19c-886f418396cf" RevisionDate="2021-03-16T04:34:50.4370739Z">
			<Property Name="Constructions" Type="String">_</Property>
			<Property Name="Resin" Type="DimValue" Dimension="Relative">0</Property>
			<Property Name="Frequency" Type="DimValue" Dimension="Frequency">1MHz</Property>
			<Property Name="DielectricConstant" Type="DimValue" Dimension="Dimensionless">4.7</Property>
			<Property Name="LossTangent" Type="DimValue" Dimension="Dimensionless">0.018</Property>
			<Property Name="GlassTransTemp" Type="DimValue" Dimension="Temperature">145</Property>
			<Property Name="Manufacturer" Type="String">Sumitomo_Bakelite</Property>
			<Property Name="Name" Type="String">Sumilite_ELC-4765</Property>
			<Property Name="Thickness" Type="DimValue" Dimension="Length">39.37007874 mil</Property>
			<Property Name="Description" Type="String">Sumilite_ELC-4765_(1MHz)</Property>
			<Property Name="Note" Type="String">Tg=145;_Df=0.018</Property>
		</Entity>
		<Entity Id="6bd74f66-498b-4a10-94bc-38ab6d220038" TypeId="27d70fdc-4c4e-4774-bfac-7efbb48cde47" RevisionId="213f7ab1-e5f1-4f0d-a19c-886f418396cf" RevisionDate="2021-03-16T04:34:50.4370739Z">
			<Property Name="Constructions" Type="String">_</Property>
			<Property Name="Resin" Type="DimValue" Dimension="Relative">0</Property>
			<Property Name="Frequency" Type="DimValue" Dimension="Frequency">1MHz</Property>
			<Property Name="DielectricConstant" Type="DimValue" Dimension="Dimensionless">4.7</Property>
			<Property Name="LossTangent" Type="DimValue" Dimension="Dimensionless">0.018</Property>
			<Property Name="GlassTransTemp" Type="DimValue" Dimension="Temperature">145</Property>
			<Property Name="Manufacturer" Type="String">Sumitomo_Bakelite</Property>
			<Property Name="Name" Type="String">Sumilite_ELC-4765</Property>
			<Property Name="Thickness" Type="DimValue" Dimension="Length">78.74015748 mil</Property>
			<Property Name="Description" Type="String">Sumilite_ELC-4765_(1MHz)</Property>
			<Property Name="Note" Type="String">Tg=145;_Df=0.018</Property>
		</Entity>
		<Entity Id="6bd74f66-498b-4a10-94bc-38ab6d220039" TypeId="27d70fdc-4c4e-4774-bfac-7efbb48cde47" RevisionId="213f7ab1-e5f1-4f0d-a19c-886f418396cf" RevisionDate="2021-03-16T04:34:50.4370739Z">
			<Property Name="Constructions" Type="String">_</Property>
			<Property Name="Resin" Type="DimValue" Dimension="Relative">0</Property>
			<Property Name="Frequency" Type="DimValue" Dimension="Frequency">1GHz</Property>
			<Property Name="DielectricConstant" Type="DimValue" Dimension="Dimensionless">4.5</Property>
			<Property Name="LossTangent" Type="DimValue" Dimension="Dimensionless">0.014</Property>
			<Property Name="GlassTransTemp" Type="DimValue" Dimension="Temperature">145</Property>
			<Property Name="Manufacturer" Type="String">Sumitomo_Bakelite</Property>
			<Property Name="Name" Type="String">Sumilite_ELC-4765</Property>
			<Property Name="Thickness" Type="DimValue" Dimension="Length">7.874015748 mil</Property>
			<Property Name="Description" Type="String">Sumilite_ELC-4765_(1GHz)</Property>
			<Property Name="Note" Type="String">Tg=145;_Df=0.014</Property>
		</Entity>
		<Entity Id="6bd74f66-498b-4a10-94bc-38ab6d220040" TypeId="27d70fdc-4c4e-4774-bfac-7efbb48cde47" RevisionId="213f7ab1-e5f1-4f0d-a19c-886f418396cf" RevisionDate="2021-03-16T04:34:50.4370739Z">
			<Property Name="Constructions" Type="String">_</Property>
			<Property Name="Resin" Type="DimValue" Dimension="Relative">0</Property>
			<Property Name="Frequency" Type="DimValue" Dimension="Frequency">1GHz</Property>
			<Property Name="DielectricConstant" Type="DimValue" Dimension="Dimensionless">4.5</Property>
			<Property Name="LossTangent" Type="DimValue" Dimension="Dimensionless">0.014</Property>
			<Property Name="GlassTransTemp" Type="DimValue" Dimension="Temperature">145</Property>
			<Property Name="Manufacturer" Type="String">Sumitomo_Bakelite</Property>
			<Property Name="Name" Type="String">Sumilite_ELC-4765</Property>
			<Property Name="Thickness" Type="DimValue" Dimension="Length">15.7480315 mil</Property>
			<Property Name="Description" Type="String">Sumilite_ELC-4765_(1GHz)</Property>
			<Property Name="Note" Type="String">Tg=145;_Df=0.014</Property>
		</Entity>
		<Entity Id="6bd74f66-498b-4a10-94bc-38ab6d220041" TypeId="27d70fdc-4c4e-4774-bfac-7efbb48cde47" RevisionId="213f7ab1-e5f1-4f0d-a19c-886f418396cf" RevisionDate="2021-03-16T04:34:50.4370739Z">
			<Property Name="Constructions" Type="String">_</Property>
			<Property Name="Resin" Type="DimValue" Dimension="Relative">0</Property>
			<Property Name="Frequency" Type="DimValue" Dimension="Frequency">1GHz</Property>
			<Property Name="DielectricConstant" Type="DimValue" Dimension="Dimensionless">4.5</Property>
			<Property Name="LossTangent" Type="DimValue" Dimension="Dimensionless">0.014</Property>
			<Property Name="GlassTransTemp" Type="DimValue" Dimension="Temperature">145</Property>
			<Property Name="Manufacturer" Type="String">Sumitomo_Bakelite</Property>
			<Property Name="Name" Type="String">Sumilite_ELC-4765</Property>
			<Property Name="Thickness" Type="DimValue" Dimension="Length">39.37007874 mil</Property>
			<Property Name="Description" Type="String">Sumilite_ELC-4765_(1GHz)</Property>
			<Property Name="Note" Type="String">Tg=145;_Df=0.014</Property>
		</Entity>
		<Entity Id="6bd74f66-498b-4a10-94bc-38ab6d220042" TypeId="27d70fdc-4c4e-4774-bfac-7efbb48cde47" RevisionId="213f7ab1-e5f1-4f0d-a19c-886f418396cf" RevisionDate="2021-03-16T04:34:50.4370739Z">
			<Property Name="Constructions" Type="String">_</Property>
			<Property Name="Resin" Type="DimValue" Dimension="Relative">0</Property>
			<Property Name="Frequency" Type="DimValue" Dimension="Frequency">1GHz</Property>
			<Property Name="DielectricConstant" Type="DimValue" Dimension="Dimensionless">4.5</Property>
			<Property Name="LossTangent" Type="DimValue" Dimension="Dimensionless">0.014</Property>
			<Property Name="GlassTransTemp" Type="DimValue" Dimension="Temperature">145</Property>
			<Property Name="Manufacturer" Type="String">Sumitomo_Bakelite</Property>
			<Property Name="Name" Type="String">Sumilite_ELC-4765</Property>
			<Property Name="Thickness" Type="DimValue" Dimension="Length">78.74015748 mil</Property>
			<Property Name="Description" Type="String">Sumilite_ELC-4765_(1GHz)</Property>
			<Property Name="Note" Type="String">Tg=145;_Df=0.014</Property>
		</Entity>
		<Entity Id="6bd74f66-498b-4a10-94bc-38ab6d220043" TypeId="27d70fdc-4c4e-4774-bfac-7efbb48cde47" RevisionId="213f7ab1-e5f1-4f0d-a19c-886f418396cf" RevisionDate="2021-03-16T04:34:50.4370739Z">
			<Property Name="Constructions" Type="String">_</Property>
			<Property Name="Resin" Type="DimValue" Dimension="Relative">0</Property>
			<Property Name="Frequency" Type="DimValue" Dimension="Frequency">1MHz</Property>
			<Property Name="DielectricConstant" Type="DimValue" Dimension="Dimensionless">5.5</Property>
			<Property Name="LossTangent" Type="DimValue" Dimension="Dimensionless">0.014</Property>
			<Property Name="GlassTransTemp" Type="DimValue" Dimension="Temperature">145</Property>
			<Property Name="Manufacturer" Type="String">Sumitomo_Bakelite</Property>
			<Property Name="Name" Type="String">Sumilite_ELC-4768</Property>
			<Property Name="Thickness" Type="DimValue" Dimension="Length">7.874015748 mil</Property>
			<Property Name="Description" Type="String">Sumilite_ELC-4768_(1MHz)</Property>
			<Property Name="Note" Type="String">Tg=145;_Df=0.014</Property>
		</Entity>
		<Entity Id="6bd74f66-498b-4a10-94bc-38ab6d220044" TypeId="27d70fdc-4c4e-4774-bfac-7efbb48cde47" RevisionId="213f7ab1-e5f1-4f0d-a19c-886f418396cf" RevisionDate="2021-03-16T04:34:50.4370739Z">
			<Property Name="Constructions" Type="String">_</Property>
			<Property Name="Resin" Type="DimValue" Dimension="Relative">0</Property>
			<Property Name="Frequency" Type="DimValue" Dimension="Frequency">1MHz</Property>
			<Property Name="DielectricConstant" Type="DimValue" Dimension="Dimensionless">5.5</Property>
			<Property Name="LossTangent" Type="DimValue" Dimension="Dimensionless">0.014</Property>
			<Property Name="GlassTransTemp" Type="DimValue" Dimension="Temperature">145</Property>
			<Property Name="Manufacturer" Type="String">Sumitomo_Bakelite</Property>
			<Property Name="Name" Type="String">Sumilite_ELC-4768</Property>
			<Property Name="Thickness" Type="DimValue" Dimension="Length">15.7480315 mil</Property>
			<Property Name="Description" Type="String">Sumilite_ELC-4768_(1MHz)</Property>
			<Property Name="Note" Type="String">Tg=145;_Df=0.014</Property>
		</Entity>
		<Entity Id="6bd74f66-498b-4a10-94bc-38ab6d220045" TypeId="27d70fdc-4c4e-4774-bfac-7efbb48cde47" RevisionId="213f7ab1-e5f1-4f0d-a19c-886f418396cf" RevisionDate="2021-03-16T04:34:50.4370739Z">
			<Property Name="Constructions" Type="String">_</Property>
			<Property Name="Resin" Type="DimValue" Dimension="Relative">0</Property>
			<Property Name="Frequency" Type="DimValue" Dimension="Frequency">1MHz</Property>
			<Property Name="DielectricConstant" Type="DimValue" Dimension="Dimensionless">5.5</Property>
			<Property Name="LossTangent" Type="DimValue" Dimension="Dimensionless">0.014</Property>
			<Property Name="GlassTransTemp" Type="DimValue" Dimension="Temperature">145</Property>
			<Property Name="Manufacturer" Type="String">Sumitomo_Bakelite</Property>
			<Property Name="Name" Type="String">Sumilite_ELC-4768</Property>
			<Property Name="Thickness" Type="DimValue" Dimension="Length">39.37007874 mil</Property>
			<Property Name="Description" Type="String">Sumilite_ELC-4768_(1MHz)</Property>
			<Property Name="Note" Type="String">Tg=145;_Df=0.014</Property>
		</Entity>
		<Entity Id="6bd74f66-498b-4a10-94bc-38ab6d220046" TypeId="27d70fdc-4c4e-4774-bfac-7efbb48cde47" RevisionId="213f7ab1-e5f1-4f0d-a19c-886f418396cf" RevisionDate="2021-03-16T04:34:50.4370739Z">
			<Property Name="Constructions" Type="String">_</Property>
			<Property Name="Resin" Type="DimValue" Dimension="Relative">0</Property>
			<Property Name="Frequency" Type="DimValue" Dimension="Frequency">1MHz</Property>
			<Property Name="DielectricConstant" Type="DimValue" Dimension="Dimensionless">5.5</Property>
			<Property Name="LossTangent" Type="DimValue" Dimension="Dimensionless">0.014</Property>
			<Property Name="GlassTransTemp" Type="DimValue" Dimension="Temperature">145</Property>
			<Property Name="Manufacturer" Type="String">Sumitomo_Bakelite</Property>
			<Property Name="Name" Type="String">Sumilite_ELC-4768</Property>
			<Property Name="Thickness" Type="DimValue" Dimension="Length">78.74015748 mil</Property>
			<Property Name="Description" Type="String">Sumilite_ELC-4768_(1MHz)</Property>
			<Property Name="Note" Type="String">Tg=145;_Df=0.014</Property>
		</Entity>
		<Entity Id="6bd74f66-498b-4a10-94bc-38ab6d220047" TypeId="27d70fdc-4c4e-4774-bfac-7efbb48cde47" RevisionId="213f7ab1-e5f1-4f0d-a19c-886f418396cf" RevisionDate="2021-03-16T04:34:50.4370739Z">
			<Property Name="Constructions" Type="String">_</Property>
			<Property Name="Resin" Type="DimValue" Dimension="Relative">0</Property>
			<Property Name="Frequency" Type="DimValue" Dimension="Frequency">1GHz</Property>
			<Property Name="DielectricConstant" Type="DimValue" Dimension="Dimensionless">4.8</Property>
			<Property Name="LossTangent" Type="DimValue" Dimension="Dimensionless">0.015</Property>
			<Property Name="GlassTransTemp" Type="DimValue" Dimension="Temperature">145</Property>
			<Property Name="Manufacturer" Type="String">Sumitomo_Bakelite</Property>
			<Property Name="Name" Type="String">Sumilite_ELC-4768</Property>
			<Property Name="Thickness" Type="DimValue" Dimension="Length">7.874015748 mil</Property>
			<Property Name="Description" Type="String">Sumilite_ELC-4768_(1GHz)</Property>
			<Property Name="Note" Type="String">Tg=145;_Df=0.015</Property>
		</Entity>
		<Entity Id="6bd74f66-498b-4a10-94bc-38ab6d220048" TypeId="27d70fdc-4c4e-4774-bfac-7efbb48cde47" RevisionId="213f7ab1-e5f1-4f0d-a19c-886f418396cf" RevisionDate="2021-03-16T04:34:50.4370739Z">
			<Property Name="Constructions" Type="String">_</Property>
			<Property Name="Resin" Type="DimValue" Dimension="Relative">0</Property>
			<Property Name="Frequency" Type="DimValue" Dimension="Frequency">1GHz</Property>
			<Property Name="DielectricConstant" Type="DimValue" Dimension="Dimensionless">4.8</Property>
			<Property Name="LossTangent" Type="DimValue" Dimension="Dimensionless">0.015</Property>
			<Property Name="GlassTransTemp" Type="DimValue" Dimension="Temperature">145</Property>
			<Property Name="Manufacturer" Type="String">Sumitomo_Bakelite</Property>
			<Property Name="Name" Type="String">Sumilite_ELC-4768</Property>
			<Property Name="Thickness" Type="DimValue" Dimension="Length">15.7480315 mil</Property>
			<Property Name="Description" Type="String">Sumilite_ELC-4768_(1GHz)</Property>
			<Property Name="Note" Type="String">Tg=145;_Df=0.015</Property>
		</Entity>
		<Entity Id="6bd74f66-498b-4a10-94bc-38ab6d220049" TypeId="27d70fdc-4c4e-4774-bfac-7efbb48cde47" RevisionId="213f7ab1-e5f1-4f0d-a19c-886f418396cf" RevisionDate="2021-03-16T04:34:50.4370739Z">
			<Property Name="Constructions" Type="String">_</Property>
			<Property Name="Resin" Type="DimValue" Dimension="Relative">0</Property>
			<Property Name="Frequency" Type="DimValue" Dimension="Frequency">1GHz</Property>
			<Property Name="DielectricConstant" Type="DimValue" Dimension="Dimensionless">4.8</Property>
			<Property Name="LossTangent" Type="DimValue" Dimension="Dimensionless">0.015</Property>
			<Property Name="GlassTransTemp" Type="DimValue" Dimension="Temperature">145</Property>
			<Property Name="Manufacturer" Type="String">Sumitomo_Bakelite</Property>
			<Property Name="Name" Type="String">Sumilite_ELC-4768</Property>
			<Property Name="Thickness" Type="DimValue" Dimension="Length">39.37007874 mil</Property>
			<Property Name="Description" Type="String">Sumilite_ELC-4768_(1GHz)</Property>
			<Property Name="Note" Type="String">Tg=145;_Df=0.015</Property>
		</Entity>
		<Entity Id="6bd74f66-498b-4a10-94bc-38ab6d220050" TypeId="27d70fdc-4c4e-4774-bfac-7efbb48cde47" RevisionId="213f7ab1-e5f1-4f0d-a19c-886f418396cf" RevisionDate="2021-03-16T04:34:50.4370739Z">
			<Property Name="Constructions" Type="String">_</Property>
			<Property Name="Resin" Type="DimValue" Dimension="Relative">0</Property>
			<Property Name="Frequency" Type="DimValue" Dimension="Frequency">1GHz</Property>
			<Property Name="DielectricConstant" Type="DimValue" Dimension="Dimensionless">4.8</Property>
			<Property Name="LossTangent" Type="DimValue" Dimension="Dimensionless">0.015</Property>
			<Property Name="GlassTransTemp" Type="DimValue" Dimension="Temperature">145</Property>
			<Property Name="Manufacturer" Type="String">Sumitomo_Bakelite</Property>
			<Property Name="Name" Type="String">Sumilite_ELC-4768</Property>
			<Property Name="Thickness" Type="DimValue" Dimension="Length">78.74015748 mil</Property>
			<Property Name="Description" Type="String">Sumilite_ELC-4768_(1GHz)</Property>
			<Property Name="Note" Type="String">Tg=145;_Df=0.015</Property>
		</Entity>
	</Entities>
	<EntityExtensions />
</ExtensibleLibrary>
