﻿<?xml version="1.0" encoding="UTF-8"?>
<ExtensibleLibrary SerializerVersion="1.1.0.0" LibraryId="304daab4-9f31-485c-9cc0-983beabff0b4" Version="1.1.0.0" xmlns="http://altium.com/ns/Data/ExtensibleLibraries">
	<Types />
	<TypeExtensions />
	<Entities>
		<Entity Id="6bd74f66-498b-4a10-94bc-38ab6d2aa736" TypeId="27d70fdc-4c4e-4774-bfac-7efbb48cde47" RevisionId="213f7ab1-e5f1-4f0d-a19c-886f418396cf" RevisionDate="2021-03-16T04:34:50.4370739Z">
			<Property Name="Constructions" Type="String">Metal_Base_Laminate</Property>
			<Property Name="Resin" Type="DimValue" Dimension="Relative">0</Property>
			<Property Name="Frequency" Type="DimValue" Dimension="Frequency">1KHz</Property>
			<Property Name="DielectricConstant" Type="DimValue" Dimension="Dimensionless">7</Property>
			<Property Name="LossTangent" Type="DimValue" Dimension="Dimensionless">0</Property>
			<Property Name="GlassTransTemp" Type="DimValue" Dimension="Temperature">150</Property>
			<Property Name="Manufacturer" Type="String">Bergquist</Property>
			<Property Name="Name" Type="String">CML-11006</Property>
			<Property Name="Thickness" Type="DimValue" Dimension="Length">6 mil</Property>
			<Property Name="Description" Type="String">CML-11006;_Metal_Base_Laminate;_(1KHz)</Property>
			<Property Name="Note" Type="String">Tg=150C;</Property>
		</Entity>
		<Entity Id="6bd74f66-498b-4a10-94bc-38ab6d2aa737" TypeId="27d70fdc-4c4e-4774-bfac-7efbb48cde47" RevisionId="213f7ab1-e5f1-4f0d-a19c-886f418396cf" RevisionDate="2021-03-16T04:34:50.4370739Z">
			<Property Name="Constructions" Type="String">Metal_Base_Laminate</Property>
			<Property Name="Resin" Type="DimValue" Dimension="Relative">0</Property>
			<Property Name="Frequency" Type="DimValue" Dimension="Frequency">1KHz</Property>
			<Property Name="DielectricConstant" Type="DimValue" Dimension="Dimensionless">7</Property>
			<Property Name="LossTangent" Type="DimValue" Dimension="Dimensionless">0</Property>
			<Property Name="GlassTransTemp" Type="DimValue" Dimension="Temperature">150</Property>
			<Property Name="Manufacturer" Type="String">Bergquist</Property>
			<Property Name="Name" Type="String">HT-04503</Property>
			<Property Name="Thickness" Type="DimValue" Dimension="Length">3 mil</Property>
			<Property Name="Description" Type="String">HT-04503;_Metal_Base_Laminate;_(1KHz)</Property>
			<Property Name="Note" Type="String">Tg=150C;</Property>
		</Entity>
		<Entity Id="6bd74f66-498b-4a10-94bc-38ab6d2aa738" TypeId="27d70fdc-4c4e-4774-bfac-7efbb48cde47" RevisionId="213f7ab1-e5f1-4f0d-a19c-886f418396cf" RevisionDate="2021-03-16T04:34:50.4370739Z">
			<Property Name="Constructions" Type="String">Metal_Base_Laminate</Property>
			<Property Name="Resin" Type="DimValue" Dimension="Relative">0</Property>
			<Property Name="Frequency" Type="DimValue" Dimension="Frequency">1KHz</Property>
			<Property Name="DielectricConstant" Type="DimValue" Dimension="Dimensionless">7</Property>
			<Property Name="LossTangent" Type="DimValue" Dimension="Dimensionless">0</Property>
			<Property Name="GlassTransTemp" Type="DimValue" Dimension="Temperature">150</Property>
			<Property Name="Manufacturer" Type="String">Bergquist</Property>
			<Property Name="Name" Type="String">HT-07006</Property>
			<Property Name="Thickness" Type="DimValue" Dimension="Length">6 mil</Property>
			<Property Name="Description" Type="String">HT-07006;_Metal_Base_Laminate;_(1KHz)</Property>
			<Property Name="Note" Type="String">Tg=150C;</Property>
		</Entity>
		<Entity Id="6bd74f66-498b-4a10-94bc-38ab6d2aa739" TypeId="27d70fdc-4c4e-4774-bfac-7efbb48cde47" RevisionId="213f7ab1-e5f1-4f0d-a19c-886f418396cf" RevisionDate="2021-03-16T04:34:50.4370739Z">
			<Property Name="Constructions" Type="String">Metal_Base_Laminate</Property>
			<Property Name="Resin" Type="DimValue" Dimension="Relative">0</Property>
			<Property Name="Frequency" Type="DimValue" Dimension="Frequency">1KHz</Property>
			<Property Name="DielectricConstant" Type="DimValue" Dimension="Dimensionless">7</Property>
			<Property Name="LossTangent" Type="DimValue" Dimension="Dimensionless">0</Property>
			<Property Name="GlassTransTemp" Type="DimValue" Dimension="Temperature">150</Property>
			<Property Name="Manufacturer" Type="String">Bergquist</Property>
			<Property Name="Name" Type="String">HT-09009</Property>
			<Property Name="Thickness" Type="DimValue" Dimension="Length">9 mil</Property>
			<Property Name="Description" Type="String">HT-09009;_Metal_Base_Laminate;_(1KHz)</Property>
			<Property Name="Note" Type="String">Tg=150C;</Property>
		</Entity>
		<Entity Id="6bd74f66-498b-4a10-94bc-38ab6d2aa740" TypeId="27d70fdc-4c4e-4774-bfac-7efbb48cde47" RevisionId="213f7ab1-e5f1-4f0d-a19c-886f418396cf" RevisionDate="2021-03-16T04:34:50.4370739Z">
			<Property Name="Constructions" Type="String">Metal_Base_Laminate</Property>
			<Property Name="Resin" Type="DimValue" Dimension="Relative">0</Property>
			<Property Name="Frequency" Type="DimValue" Dimension="Frequency">1KHz</Property>
			<Property Name="DielectricConstant" Type="DimValue" Dimension="Dimensionless">7</Property>
			<Property Name="LossTangent" Type="DimValue" Dimension="Dimensionless">0</Property>
			<Property Name="GlassTransTemp" Type="DimValue" Dimension="Temperature">150</Property>
			<Property Name="Manufacturer" Type="String">Bergquist</Property>
			<Property Name="Name" Type="String">HPL-03015</Property>
			<Property Name="Thickness" Type="DimValue" Dimension="Length">3 mil</Property>
			<Property Name="Description" Type="String">HPL-03015;_Metal_Base_Laminate;_(1KHz)</Property>
			<Property Name="Note" Type="String">Tg=150C;</Property>
		</Entity>
		<Entity Id="6bd74f66-498b-4a10-94bc-38ab6d2aa741" TypeId="27d70fdc-4c4e-4774-bfac-7efbb48cde47" RevisionId="213f7ab1-e5f1-4f0d-a19c-886f418396cf" RevisionDate="2021-03-16T04:34:50.4370739Z">
			<Property Name="Constructions" Type="String">Metal_Base_Laminate</Property>
			<Property Name="Resin" Type="DimValue" Dimension="Relative">0</Property>
			<Property Name="Frequency" Type="DimValue" Dimension="Frequency">1KHz</Property>
			<Property Name="DielectricConstant" Type="DimValue" Dimension="Dimensionless">7</Property>
			<Property Name="LossTangent" Type="DimValue" Dimension="Dimensionless">0</Property>
			<Property Name="GlassTransTemp" Type="DimValue" Dimension="Temperature">150</Property>
			<Property Name="Manufacturer" Type="String">Bergquist</Property>
			<Property Name="Name" Type="String">M_P-06503</Property>
			<Property Name="Thickness" Type="DimValue" Dimension="Length">3 mil</Property>
			<Property Name="Description" Type="String">MP-06503;_Metal_Base_Laminate;_(1KHz)</Property>
			<Property Name="Note" Type="String">Tg=150C;</Property>
		</Entity>
	</Entities>
	<EntityExtensions />
</ExtensibleLibrary>
