﻿<?xml version="1.0" encoding="UTF-8"?>
<ExtensibleLibrary SerializerVersion="1.1.0.0" LibraryId="304daab4-9f31-485c-9cc0-983beabff0b4" Version="1.1.0.0" xmlns="http://altium.com/ns/Data/ExtensibleLibraries">
	<Types />
	<TypeExtensions />
	<Entities>
		<Entity Id="6bd74f66-498b-4a10-94bc-38ab6d2a3693" TypeId="27d70fdc-4c4e-4774-bfac-7efbb48cde47" RevisionId="213f7ab1-e5f1-4f0d-a19c-886f418396cf" RevisionDate="2021-03-16T04:34:50.4370739Z">
			<Property Name="Constructions" Type="String">CEM-3_laminate</Property>
			<Property Name="Resin" Type="DimValue" Dimension="Relative">0</Property>
			<Property Name="Frequency" Type="DimValue" Dimension="Frequency">1MHz</Property>
			<Property Name="DielectricConstant" Type="DimValue" Dimension="Dimensionless">5.6</Property>
			<Property Name="LossTangent" Type="DimValue" Dimension="Dimensionless">0.019</Property>
			<Property Name="GlassTransTemp" Type="DimValue" Dimension="Temperature">0</Property>
			<Property Name="Manufacturer" Type="String">Hua_Zheng</Property>
			<Property Name="Name" Type="String">HA30</Property>
			<Property Name="Thickness" Type="DimValue" Dimension="Length">31.49606299 mil</Property>
			<Property Name="Description" Type="String">HA30;_CEM-3;_(1MHz)</Property>
			<Property Name="Note" Type="String">Df=0.019</Property>
		</Entity>
		<Entity Id="6bd74f66-498b-4a10-94bc-38ab6d2a3694" TypeId="27d70fdc-4c4e-4774-bfac-7efbb48cde47" RevisionId="213f7ab1-e5f1-4f0d-a19c-886f418396cf" RevisionDate="2021-03-16T04:34:50.4370739Z">
			<Property Name="Constructions" Type="String">CEM-3_laminate</Property>
			<Property Name="Resin" Type="DimValue" Dimension="Relative">0</Property>
			<Property Name="Frequency" Type="DimValue" Dimension="Frequency">1MHz</Property>
			<Property Name="DielectricConstant" Type="DimValue" Dimension="Dimensionless">5.6</Property>
			<Property Name="LossTangent" Type="DimValue" Dimension="Dimensionless">0.019</Property>
			<Property Name="GlassTransTemp" Type="DimValue" Dimension="Temperature">0</Property>
			<Property Name="Manufacturer" Type="String">Hua_Zheng</Property>
			<Property Name="Name" Type="String">HA30</Property>
			<Property Name="Thickness" Type="DimValue" Dimension="Length">62.99212598 mil</Property>
			<Property Name="Description" Type="String">HA30;_CEM-3;_(1MHz)</Property>
			<Property Name="Note" Type="String">Df=0.019</Property>
		</Entity>
		<Entity Id="6bd74f66-498b-4a10-94bc-38ab6d2a3695" TypeId="27d70fdc-4c4e-4774-bfac-7efbb48cde47" RevisionId="213f7ab1-e5f1-4f0d-a19c-886f418396cf" RevisionDate="2021-03-16T04:34:50.4370739Z">
			<Property Name="Constructions" Type="String">CEM-3_laminate</Property>
			<Property Name="Resin" Type="DimValue" Dimension="Relative">0</Property>
			<Property Name="Frequency" Type="DimValue" Dimension="Frequency">1MHz</Property>
			<Property Name="DielectricConstant" Type="DimValue" Dimension="Dimensionless">5.6</Property>
			<Property Name="LossTangent" Type="DimValue" Dimension="Dimensionless">0.019</Property>
			<Property Name="GlassTransTemp" Type="DimValue" Dimension="Temperature">0</Property>
			<Property Name="Manufacturer" Type="String">Hua_Zheng</Property>
			<Property Name="Name" Type="String">HA30</Property>
			<Property Name="Thickness" Type="DimValue" Dimension="Length">125.984252 mil</Property>
			<Property Name="Description" Type="String">HA30;_CEM-3;_(1MHz)</Property>
			<Property Name="Note" Type="String">Df=0.019</Property>
		</Entity>
		<Entity Id="6bd74f66-498b-4a10-94bc-38ab6d2a3696" TypeId="27d70fdc-4c4e-4774-bfac-7efbb48cde47" RevisionId="213f7ab1-e5f1-4f0d-a19c-886f418396cf" RevisionDate="2021-03-16T04:34:50.4370739Z">
			<Property Name="Constructions" Type="String">Ha10gen_free</Property>
			<Property Name="Resin" Type="DimValue" Dimension="Relative">0</Property>
			<Property Name="Frequency" Type="DimValue" Dimension="Frequency">1MHz</Property>
			<Property Name="DielectricConstant" Type="DimValue" Dimension="Dimensionless">5.7</Property>
			<Property Name="LossTangent" Type="DimValue" Dimension="Dimensionless">0.018</Property>
			<Property Name="GlassTransTemp" Type="DimValue" Dimension="Temperature">0</Property>
			<Property Name="Manufacturer" Type="String">Hua_Zheng</Property>
			<Property Name="Name" Type="String">HA30H</Property>
			<Property Name="Thickness" Type="DimValue" Dimension="Length">31.49606299 mil</Property>
			<Property Name="Description" Type="String">HA30H;_FR-4;_(1MHz)</Property>
			<Property Name="Note" Type="String">Df=0.018</Property>
		</Entity>
		<Entity Id="6bd74f66-498b-4a10-94bc-38ab6d2a3697" TypeId="27d70fdc-4c4e-4774-bfac-7efbb48cde47" RevisionId="213f7ab1-e5f1-4f0d-a19c-886f418396cf" RevisionDate="2021-03-16T04:34:50.4370739Z">
			<Property Name="Constructions" Type="String">Ha10gen_free</Property>
			<Property Name="Resin" Type="DimValue" Dimension="Relative">0</Property>
			<Property Name="Frequency" Type="DimValue" Dimension="Frequency">1MHz</Property>
			<Property Name="DielectricConstant" Type="DimValue" Dimension="Dimensionless">5.7</Property>
			<Property Name="LossTangent" Type="DimValue" Dimension="Dimensionless">0.018</Property>
			<Property Name="GlassTransTemp" Type="DimValue" Dimension="Temperature">0</Property>
			<Property Name="Manufacturer" Type="String">Hua_Zheng</Property>
			<Property Name="Name" Type="String">HA30H</Property>
			<Property Name="Thickness" Type="DimValue" Dimension="Length">62.99212598 mil</Property>
			<Property Name="Description" Type="String">HA30H;_FR-4;_(1MHz)</Property>
			<Property Name="Note" Type="String">Df=0.018</Property>
		</Entity>
		<Entity Id="6bd74f66-498b-4a10-94bc-38ab6d2a3698" TypeId="27d70fdc-4c4e-4774-bfac-7efbb48cde47" RevisionId="213f7ab1-e5f1-4f0d-a19c-886f418396cf" RevisionDate="2021-03-16T04:34:50.4370739Z">
			<Property Name="Constructions" Type="String">Ha10gen_free</Property>
			<Property Name="Resin" Type="DimValue" Dimension="Relative">0</Property>
			<Property Name="Frequency" Type="DimValue" Dimension="Frequency">1MHz</Property>
			<Property Name="DielectricConstant" Type="DimValue" Dimension="Dimensionless">5.7</Property>
			<Property Name="LossTangent" Type="DimValue" Dimension="Dimensionless">0.018</Property>
			<Property Name="GlassTransTemp" Type="DimValue" Dimension="Temperature">0</Property>
			<Property Name="Manufacturer" Type="String">Hua_Zheng</Property>
			<Property Name="Name" Type="String">HA30H</Property>
			<Property Name="Thickness" Type="DimValue" Dimension="Length">125.984252 mil</Property>
			<Property Name="Description" Type="String">HA30H;_FR-4;_(1MHz)</Property>
			<Property Name="Note" Type="String">Df=0.018</Property>
		</Entity>
		<Entity Id="6bd74f66-498b-4a10-94bc-38ab6d2a3699" TypeId="27d70fdc-4c4e-4774-bfac-7efbb48cde47" RevisionId="213f7ab1-e5f1-4f0d-a19c-886f418396cf" RevisionDate="2021-03-16T04:34:50.4370739Z">
			<Property Name="Constructions" Type="String">FR-4</Property>
			<Property Name="Resin" Type="DimValue" Dimension="Relative">0</Property>
			<Property Name="Frequency" Type="DimValue" Dimension="Frequency">1MHz</Property>
			<Property Name="DielectricConstant" Type="DimValue" Dimension="Dimensionless">4.8</Property>
			<Property Name="LossTangent" Type="DimValue" Dimension="Dimensionless">0.035</Property>
			<Property Name="GlassTransTemp" Type="DimValue" Dimension="Temperature">135</Property>
			<Property Name="Manufacturer" Type="String">Hua_Zheng</Property>
			<Property Name="Name" Type="String">H140A</Property>
			<Property Name="Thickness" Type="DimValue" Dimension="Length">3.937007874 mil</Property>
			<Property Name="Description" Type="String">H140A;_FR-4;_(1MHz)</Property>
			<Property Name="Note" Type="String">Tg=135C;_Df=0.035</Property>
		</Entity>
		<Entity Id="6bd74f66-498b-4a10-94bc-38ab6d2a3700" TypeId="27d70fdc-4c4e-4774-bfac-7efbb48cde47" RevisionId="213f7ab1-e5f1-4f0d-a19c-886f418396cf" RevisionDate="2021-03-16T04:34:50.4370739Z">
			<Property Name="Constructions" Type="String">FR-4</Property>
			<Property Name="Resin" Type="DimValue" Dimension="Relative">0</Property>
			<Property Name="Frequency" Type="DimValue" Dimension="Frequency">1MHz</Property>
			<Property Name="DielectricConstant" Type="DimValue" Dimension="Dimensionless">4.8</Property>
			<Property Name="LossTangent" Type="DimValue" Dimension="Dimensionless">0.035</Property>
			<Property Name="GlassTransTemp" Type="DimValue" Dimension="Temperature">135</Property>
			<Property Name="Manufacturer" Type="String">Hua_Zheng</Property>
			<Property Name="Name" Type="String">H140A</Property>
			<Property Name="Thickness" Type="DimValue" Dimension="Length">125.984252 mil</Property>
			<Property Name="Description" Type="String">H140A;_FR-4;_(1MHz)</Property>
			<Property Name="Note" Type="String">Tg=135C;_Df=0.035</Property>
		</Entity>
		<Entity Id="6bd74f66-498b-4a10-94bc-38ab6d2a3701" TypeId="27d70fdc-4c4e-4774-bfac-7efbb48cde47" RevisionId="213f7ab1-e5f1-4f0d-a19c-886f418396cf" RevisionDate="2021-03-16T04:34:50.4370739Z">
			<Property Name="Constructions" Type="String">UV_B10cking</Property>
			<Property Name="Resin" Type="DimValue" Dimension="Relative">0</Property>
			<Property Name="Frequency" Type="DimValue" Dimension="Frequency">1MHz</Property>
			<Property Name="DielectricConstant" Type="DimValue" Dimension="Dimensionless">4.8</Property>
			<Property Name="LossTangent" Type="DimValue" Dimension="Dimensionless">0.017</Property>
			<Property Name="GlassTransTemp" Type="DimValue" Dimension="Temperature">135</Property>
			<Property Name="Manufacturer" Type="String">Hua_Zheng</Property>
			<Property Name="Name" Type="String">H140F</Property>
			<Property Name="Thickness" Type="DimValue" Dimension="Length">3.937007874 mil</Property>
			<Property Name="Description" Type="String">H140F;_FR-4;_(1MHz)</Property>
			<Property Name="Note" Type="String">Tg=135C;_Df=0.017</Property>
		</Entity>
		<Entity Id="6bd74f66-498b-4a10-94bc-38ab6d2a3702" TypeId="27d70fdc-4c4e-4774-bfac-7efbb48cde47" RevisionId="213f7ab1-e5f1-4f0d-a19c-886f418396cf" RevisionDate="2021-03-16T04:34:50.4370739Z">
			<Property Name="Constructions" Type="String">UV_B10cking</Property>
			<Property Name="Resin" Type="DimValue" Dimension="Relative">0</Property>
			<Property Name="Frequency" Type="DimValue" Dimension="Frequency">1MHz</Property>
			<Property Name="DielectricConstant" Type="DimValue" Dimension="Dimensionless">4.8</Property>
			<Property Name="LossTangent" Type="DimValue" Dimension="Dimensionless">0.017</Property>
			<Property Name="GlassTransTemp" Type="DimValue" Dimension="Temperature">135</Property>
			<Property Name="Manufacturer" Type="String">Hua_Zheng</Property>
			<Property Name="Name" Type="String">H140F</Property>
			<Property Name="Thickness" Type="DimValue" Dimension="Length">62.99212598 mil</Property>
			<Property Name="Description" Type="String">H140F;_FR-4;_(1MHz)</Property>
			<Property Name="Note" Type="String">Tg=135C;_Df=0.017</Property>
		</Entity>
		<Entity Id="6bd74f66-498b-4a10-94bc-38ab6d2a3703" TypeId="27d70fdc-4c4e-4774-bfac-7efbb48cde47" RevisionId="213f7ab1-e5f1-4f0d-a19c-886f418396cf" RevisionDate="2021-03-16T04:34:50.4370739Z">
			<Property Name="Constructions" Type="String">UV_B10cking</Property>
			<Property Name="Resin" Type="DimValue" Dimension="Relative">0</Property>
			<Property Name="Frequency" Type="DimValue" Dimension="Frequency">1MHz</Property>
			<Property Name="DielectricConstant" Type="DimValue" Dimension="Dimensionless">4.8</Property>
			<Property Name="LossTangent" Type="DimValue" Dimension="Dimensionless">0.017</Property>
			<Property Name="GlassTransTemp" Type="DimValue" Dimension="Temperature">135</Property>
			<Property Name="Manufacturer" Type="String">Hua_Zheng</Property>
			<Property Name="Name" Type="String">H140F</Property>
			<Property Name="Thickness" Type="DimValue" Dimension="Length">125.984252 mil</Property>
			<Property Name="Description" Type="String">H140F;_FR-4;_(1MHz)</Property>
			<Property Name="Note" Type="String">Tg=135C;_Df=0.017</Property>
		</Entity>
		<Entity Id="6bd74f66-498b-4a10-94bc-38ab6d2a3704" TypeId="27d70fdc-4c4e-4774-bfac-7efbb48cde47" RevisionId="213f7ab1-e5f1-4f0d-a19c-886f418396cf" RevisionDate="2021-03-16T04:34:50.4370739Z">
			<Property Name="Constructions" Type="String">FR4-74</Property>
			<Property Name="Resin" Type="DimValue" Dimension="Relative">0</Property>
			<Property Name="Frequency" Type="DimValue" Dimension="Frequency">1MHz</Property>
			<Property Name="DielectricConstant" Type="DimValue" Dimension="Dimensionless">4.6</Property>
			<Property Name="LossTangent" Type="DimValue" Dimension="Dimensionless">0.015</Property>
			<Property Name="GlassTransTemp" Type="DimValue" Dimension="Temperature">135</Property>
			<Property Name="Manufacturer" Type="String">Hua_Zheng</Property>
			<Property Name="Name" Type="String">H140-1</Property>
			<Property Name="Thickness" Type="DimValue" Dimension="Length">5.905511811 mil</Property>
			<Property Name="Description" Type="String">H140-1;_(1MHz)</Property>
			<Property Name="Note" Type="String">Df=0.015</Property>
		</Entity>
		<Entity Id="6bd74f66-498b-4a10-94bc-38ab6d2a3705" TypeId="27d70fdc-4c4e-4774-bfac-7efbb48cde47" RevisionId="213f7ab1-e5f1-4f0d-a19c-886f418396cf" RevisionDate="2021-03-16T04:34:50.4370739Z">
			<Property Name="Constructions" Type="String">FR4-74</Property>
			<Property Name="Resin" Type="DimValue" Dimension="Relative">0</Property>
			<Property Name="Frequency" Type="DimValue" Dimension="Frequency">1MHz</Property>
			<Property Name="DielectricConstant" Type="DimValue" Dimension="Dimensionless">4.6</Property>
			<Property Name="LossTangent" Type="DimValue" Dimension="Dimensionless">0.015</Property>
			<Property Name="GlassTransTemp" Type="DimValue" Dimension="Temperature">135</Property>
			<Property Name="Manufacturer" Type="String">Hua_Zheng</Property>
			<Property Name="Name" Type="String">H140-1</Property>
			<Property Name="Thickness" Type="DimValue" Dimension="Length">125.984252 mil</Property>
			<Property Name="Description" Type="String">H140-1;_(1MHz)</Property>
			<Property Name="Note" Type="String">Df=0.015</Property>
		</Entity>
		<Entity Id="6bd74f66-498b-4a10-94bc-38ab6d2a3706" TypeId="27d70fdc-4c4e-4774-bfac-7efbb48cde47" RevisionId="213f7ab1-e5f1-4f0d-a19c-886f418396cf" RevisionDate="2021-03-16T04:34:50.4370739Z">
			<Property Name="Constructions" Type="String">Ha10gen_free</Property>
			<Property Name="Resin" Type="DimValue" Dimension="Relative">0</Property>
			<Property Name="Frequency" Type="DimValue" Dimension="Frequency">1MHz</Property>
			<Property Name="DielectricConstant" Type="DimValue" Dimension="Dimensionless">4.6</Property>
			<Property Name="LossTangent" Type="DimValue" Dimension="Dimensionless">0.015</Property>
			<Property Name="GlassTransTemp" Type="DimValue" Dimension="Temperature">150</Property>
			<Property Name="Manufacturer" Type="String">Hua_Zheng</Property>
			<Property Name="Name" Type="String">H150HF</Property>
			<Property Name="Thickness" Type="DimValue" Dimension="Length">62.99212598 mil</Property>
			<Property Name="Description" Type="String">H150HF;_FR-4;(1MHz)</Property>
			<Property Name="Note" Type="String">Tg=150C;_Df=0.015</Property>
		</Entity>
		<Entity Id="6bd74f66-498b-4a10-94bc-38ab6d2a3707" TypeId="27d70fdc-4c4e-4774-bfac-7efbb48cde47" RevisionId="213f7ab1-e5f1-4f0d-a19c-886f418396cf" RevisionDate="2021-03-16T04:34:50.4370739Z">
			<Property Name="Constructions" Type="String">Ha10gen_free</Property>
			<Property Name="Resin" Type="DimValue" Dimension="Relative">0</Property>
			<Property Name="Frequency" Type="DimValue" Dimension="Frequency">1MHz</Property>
			<Property Name="DielectricConstant" Type="DimValue" Dimension="Dimensionless">4.6</Property>
			<Property Name="LossTangent" Type="DimValue" Dimension="Dimensionless">0.013</Property>
			<Property Name="GlassTransTemp" Type="DimValue" Dimension="Temperature">154</Property>
			<Property Name="Manufacturer" Type="String">Hua_Zheng</Property>
			<Property Name="Name" Type="String">H155HF</Property>
			<Property Name="Thickness" Type="DimValue" Dimension="Length">3.937007874 mil</Property>
			<Property Name="Description" Type="String">H155HF;_FR-4;(1MHz)</Property>
			<Property Name="Note" Type="String">Tg=154C;_Df=0.013</Property>
		</Entity>
		<Entity Id="6bd74f66-498b-4a10-94bc-38ab6d2a3708" TypeId="27d70fdc-4c4e-4774-bfac-7efbb48cde47" RevisionId="213f7ab1-e5f1-4f0d-a19c-886f418396cf" RevisionDate="2021-03-16T04:34:50.4370739Z">
			<Property Name="Constructions" Type="String">Ha10gen_free</Property>
			<Property Name="Resin" Type="DimValue" Dimension="Relative">0</Property>
			<Property Name="Frequency" Type="DimValue" Dimension="Frequency">1MHz</Property>
			<Property Name="DielectricConstant" Type="DimValue" Dimension="Dimensionless">4.6</Property>
			<Property Name="LossTangent" Type="DimValue" Dimension="Dimensionless">0.013</Property>
			<Property Name="GlassTransTemp" Type="DimValue" Dimension="Temperature">154</Property>
			<Property Name="Manufacturer" Type="String">Hua_Zheng</Property>
			<Property Name="Name" Type="String">H155HF</Property>
			<Property Name="Thickness" Type="DimValue" Dimension="Length">62.99212598 mil</Property>
			<Property Name="Description" Type="String">H155HF;_FR-4;(1MHz)</Property>
			<Property Name="Note" Type="String">Tg=154C;_Df=0.013</Property>
		</Entity>
		<Entity Id="6bd74f66-498b-4a10-94bc-38ab6d2a3709" TypeId="27d70fdc-4c4e-4774-bfac-7efbb48cde47" RevisionId="213f7ab1-e5f1-4f0d-a19c-886f418396cf" RevisionDate="2021-03-16T04:34:50.4370739Z">
			<Property Name="Constructions" Type="String">Ha10gen_free</Property>
			<Property Name="Resin" Type="DimValue" Dimension="Relative">0</Property>
			<Property Name="Frequency" Type="DimValue" Dimension="Frequency">1MHz</Property>
			<Property Name="DielectricConstant" Type="DimValue" Dimension="Dimensionless">4.6</Property>
			<Property Name="LossTangent" Type="DimValue" Dimension="Dimensionless">0.013</Property>
			<Property Name="GlassTransTemp" Type="DimValue" Dimension="Temperature">154</Property>
			<Property Name="Manufacturer" Type="String">Hua_Zheng</Property>
			<Property Name="Name" Type="String">H155HF</Property>
			<Property Name="Thickness" Type="DimValue" Dimension="Length">125.984252 mil</Property>
			<Property Name="Description" Type="String">H155HF;_FR-4;(1MHz)</Property>
			<Property Name="Note" Type="String">Tg=154C;_Df=0.013</Property>
		</Entity>
		<Entity Id="6bd74f66-498b-4a10-94bc-38ab6d2a3710" TypeId="27d70fdc-4c4e-4774-bfac-7efbb48cde47" RevisionId="213f7ab1-e5f1-4f0d-a19c-886f418396cf" RevisionDate="2021-03-16T04:34:50.4370739Z">
			<Property Name="Constructions" Type="String">UV_B10cking</Property>
			<Property Name="Resin" Type="DimValue" Dimension="Relative">0</Property>
			<Property Name="Frequency" Type="DimValue" Dimension="Frequency">1MHz</Property>
			<Property Name="DielectricConstant" Type="DimValue" Dimension="Dimensionless">4.7</Property>
			<Property Name="LossTangent" Type="DimValue" Dimension="Dimensionless">0.016</Property>
			<Property Name="GlassTransTemp" Type="DimValue" Dimension="Temperature">150</Property>
			<Property Name="Manufacturer" Type="String">Hua_Zheng</Property>
			<Property Name="Name" Type="String">H150LF</Property>
			<Property Name="Thickness" Type="DimValue" Dimension="Length">3.937007874 mil</Property>
			<Property Name="Description" Type="String">H150LF;_FR-4;(1MHz)</Property>
			<Property Name="Note" Type="String">Tg=150C;_Df=0.016</Property>
		</Entity>
		<Entity Id="6bd74f66-498b-4a10-94bc-38ab6d2a3711" TypeId="27d70fdc-4c4e-4774-bfac-7efbb48cde47" RevisionId="213f7ab1-e5f1-4f0d-a19c-886f418396cf" RevisionDate="2021-03-16T04:34:50.4370739Z">
			<Property Name="Constructions" Type="String">UV_B10cking</Property>
			<Property Name="Resin" Type="DimValue" Dimension="Relative">0</Property>
			<Property Name="Frequency" Type="DimValue" Dimension="Frequency">1MHz</Property>
			<Property Name="DielectricConstant" Type="DimValue" Dimension="Dimensionless">4.7</Property>
			<Property Name="LossTangent" Type="DimValue" Dimension="Dimensionless">0.016</Property>
			<Property Name="GlassTransTemp" Type="DimValue" Dimension="Temperature">150</Property>
			<Property Name="Manufacturer" Type="String">Hua_Zheng</Property>
			<Property Name="Name" Type="String">H150LF</Property>
			<Property Name="Thickness" Type="DimValue" Dimension="Length">62.99212598 mil</Property>
			<Property Name="Description" Type="String">H150LF;_FR-4;(1MHz)</Property>
			<Property Name="Note" Type="String">Tg=150C;_Df=0.016</Property>
		</Entity>
		<Entity Id="6bd74f66-498b-4a10-94bc-38ab6d2a3712" TypeId="27d70fdc-4c4e-4774-bfac-7efbb48cde47" RevisionId="213f7ab1-e5f1-4f0d-a19c-886f418396cf" RevisionDate="2021-03-16T04:34:50.4370739Z">
			<Property Name="Constructions" Type="String">UV_B10cking</Property>
			<Property Name="Resin" Type="DimValue" Dimension="Relative">0</Property>
			<Property Name="Frequency" Type="DimValue" Dimension="Frequency">1MHz</Property>
			<Property Name="DielectricConstant" Type="DimValue" Dimension="Dimensionless">4.7</Property>
			<Property Name="LossTangent" Type="DimValue" Dimension="Dimensionless">0.016</Property>
			<Property Name="GlassTransTemp" Type="DimValue" Dimension="Temperature">150</Property>
			<Property Name="Manufacturer" Type="String">Hua_Zheng</Property>
			<Property Name="Name" Type="String">H150LF</Property>
			<Property Name="Thickness" Type="DimValue" Dimension="Length">125.984252 mil</Property>
			<Property Name="Description" Type="String">H150LF;_FR-4;(1MHz)</Property>
			<Property Name="Note" Type="String">Tg=150C;_Df=0.016</Property>
		</Entity>
		<Entity Id="6bd74f66-498b-4a10-94bc-38ab6d2a3713" TypeId="27d70fdc-4c4e-4774-bfac-7efbb48cde47" RevisionId="213f7ab1-e5f1-4f0d-a19c-886f418396cf" RevisionDate="2021-03-16T04:34:50.4370739Z">
			<Property Name="Constructions" Type="String">Ha10gen_free</Property>
			<Property Name="Resin" Type="DimValue" Dimension="Relative">0</Property>
			<Property Name="Frequency" Type="DimValue" Dimension="Frequency">1MHz</Property>
			<Property Name="DielectricConstant" Type="DimValue" Dimension="Dimensionless">4.6</Property>
			<Property Name="LossTangent" Type="DimValue" Dimension="Dimensionless">0.014</Property>
			<Property Name="GlassTransTemp" Type="DimValue" Dimension="Temperature">156</Property>
			<Property Name="Manufacturer" Type="String">Hua_Zheng</Property>
			<Property Name="Name" Type="String">H160HF</Property>
			<Property Name="Thickness" Type="DimValue" Dimension="Length">3.937007874 mil</Property>
			<Property Name="Description" Type="String">H160HF;_FR-4;(1MHz)</Property>
			<Property Name="Note" Type="String">Tg=156C:_Df=0.014</Property>
		</Entity>
		<Entity Id="6bd74f66-498b-4a10-94bc-38ab6d2a3714" TypeId="27d70fdc-4c4e-4774-bfac-7efbb48cde47" RevisionId="213f7ab1-e5f1-4f0d-a19c-886f418396cf" RevisionDate="2021-03-16T04:34:50.4370739Z">
			<Property Name="Constructions" Type="String">Ha10gen_free</Property>
			<Property Name="Resin" Type="DimValue" Dimension="Relative">0</Property>
			<Property Name="Frequency" Type="DimValue" Dimension="Frequency">1MHz</Property>
			<Property Name="DielectricConstant" Type="DimValue" Dimension="Dimensionless">4.6</Property>
			<Property Name="LossTangent" Type="DimValue" Dimension="Dimensionless">0.014</Property>
			<Property Name="GlassTransTemp" Type="DimValue" Dimension="Temperature">156</Property>
			<Property Name="Manufacturer" Type="String">Hua_Zheng</Property>
			<Property Name="Name" Type="String">H160HF</Property>
			<Property Name="Thickness" Type="DimValue" Dimension="Length">62.99212598 mil</Property>
			<Property Name="Description" Type="String">H160HF;_FR-4;(1MHz)</Property>
			<Property Name="Note" Type="String">Tg=156C:_Df=0.014</Property>
		</Entity>
		<Entity Id="6bd74f66-498b-4a10-94bc-38ab6d2a3715" TypeId="27d70fdc-4c4e-4774-bfac-7efbb48cde47" RevisionId="213f7ab1-e5f1-4f0d-a19c-886f418396cf" RevisionDate="2021-03-16T04:34:50.4370739Z">
			<Property Name="Constructions" Type="String">Ha10gen_free</Property>
			<Property Name="Resin" Type="DimValue" Dimension="Relative">0</Property>
			<Property Name="Frequency" Type="DimValue" Dimension="Frequency">1MHz</Property>
			<Property Name="DielectricConstant" Type="DimValue" Dimension="Dimensionless">4.6</Property>
			<Property Name="LossTangent" Type="DimValue" Dimension="Dimensionless">0.014</Property>
			<Property Name="GlassTransTemp" Type="DimValue" Dimension="Temperature">156</Property>
			<Property Name="Manufacturer" Type="String">Hua_Zheng</Property>
			<Property Name="Name" Type="String">H160HF</Property>
			<Property Name="Thickness" Type="DimValue" Dimension="Length">125.984252 mil</Property>
			<Property Name="Description" Type="String">H160HF;_FR-4;(1MHz)</Property>
			<Property Name="Note" Type="String">Tg=156C:_Df=0.014</Property>
		</Entity>
		<Entity Id="6bd74f66-498b-4a10-94bc-38ab6d2a3716" TypeId="27d70fdc-4c4e-4774-bfac-7efbb48cde47" RevisionId="213f7ab1-e5f1-4f0d-a19c-886f418396cf" RevisionDate="2021-03-16T04:34:50.4370739Z">
			<Property Name="Constructions" Type="String">Ha10gen_free</Property>
			<Property Name="Resin" Type="DimValue" Dimension="Relative">0</Property>
			<Property Name="Frequency" Type="DimValue" Dimension="Frequency">1MHz</Property>
			<Property Name="DielectricConstant" Type="DimValue" Dimension="Dimensionless">4.5</Property>
			<Property Name="LossTangent" Type="DimValue" Dimension="Dimensionless">0.012</Property>
			<Property Name="GlassTransTemp" Type="DimValue" Dimension="Temperature">176</Property>
			<Property Name="Manufacturer" Type="String">Hua_Zheng</Property>
			<Property Name="Name" Type="String">H170HF</Property>
			<Property Name="Thickness" Type="DimValue" Dimension="Length">3.937007874 mil</Property>
			<Property Name="Description" Type="String">H170HF;_FR-4;(1MHz)</Property>
			<Property Name="Note" Type="String">Tg=176C;_Df=0.012</Property>
		</Entity>
		<Entity Id="6bd74f66-498b-4a10-94bc-38ab6d2a3717" TypeId="27d70fdc-4c4e-4774-bfac-7efbb48cde47" RevisionId="213f7ab1-e5f1-4f0d-a19c-886f418396cf" RevisionDate="2021-03-16T04:34:50.4370739Z">
			<Property Name="Constructions" Type="String">Ha10gen_free</Property>
			<Property Name="Resin" Type="DimValue" Dimension="Relative">0</Property>
			<Property Name="Frequency" Type="DimValue" Dimension="Frequency">1MHz</Property>
			<Property Name="DielectricConstant" Type="DimValue" Dimension="Dimensionless">4.5</Property>
			<Property Name="LossTangent" Type="DimValue" Dimension="Dimensionless">0.012</Property>
			<Property Name="GlassTransTemp" Type="DimValue" Dimension="Temperature">176</Property>
			<Property Name="Manufacturer" Type="String">Hua_Zheng</Property>
			<Property Name="Name" Type="String">H170HF</Property>
			<Property Name="Thickness" Type="DimValue" Dimension="Length">62.99212598 mil</Property>
			<Property Name="Description" Type="String">H170HF;_FR-4;(1MHz)</Property>
			<Property Name="Note" Type="String">Tg=176C;_Df=0.012</Property>
		</Entity>
		<Entity Id="6bd74f66-498b-4a10-94bc-38ab6d2a3718" TypeId="27d70fdc-4c4e-4774-bfac-7efbb48cde47" RevisionId="213f7ab1-e5f1-4f0d-a19c-886f418396cf" RevisionDate="2021-03-16T04:34:50.4370739Z">
			<Property Name="Constructions" Type="String">Ha10gen_free</Property>
			<Property Name="Resin" Type="DimValue" Dimension="Relative">0</Property>
			<Property Name="Frequency" Type="DimValue" Dimension="Frequency">1MHz</Property>
			<Property Name="DielectricConstant" Type="DimValue" Dimension="Dimensionless">4.5</Property>
			<Property Name="LossTangent" Type="DimValue" Dimension="Dimensionless">0.012</Property>
			<Property Name="GlassTransTemp" Type="DimValue" Dimension="Temperature">176</Property>
			<Property Name="Manufacturer" Type="String">Hua_Zheng</Property>
			<Property Name="Name" Type="String">H170HF</Property>
			<Property Name="Thickness" Type="DimValue" Dimension="Length">125.984252 mil</Property>
			<Property Name="Description" Type="String">H170HF;_FR-4;(1MHz)</Property>
			<Property Name="Note" Type="String">Tg=176C;_Df=0.012</Property>
		</Entity>
		<Entity Id="6bd74f66-498b-4a10-94bc-38ab6d2a3719" TypeId="27d70fdc-4c4e-4774-bfac-7efbb48cde47" RevisionId="213f7ab1-e5f1-4f0d-a19c-886f418396cf" RevisionDate="2021-03-16T04:34:50.4370739Z">
			<Property Name="Constructions" Type="String">Ha10gen_free:_10w_10ss</Property>
			<Property Name="Resin" Type="DimValue" Dimension="Relative">0</Property>
			<Property Name="Frequency" Type="DimValue" Dimension="Frequency">1GHz</Property>
			<Property Name="DielectricConstant" Type="DimValue" Dimension="Dimensionless">4.3</Property>
			<Property Name="LossTangent" Type="DimValue" Dimension="Dimensionless">0.012</Property>
			<Property Name="GlassTransTemp" Type="DimValue" Dimension="Temperature">175</Property>
			<Property Name="Manufacturer" Type="String">Hua_Zheng</Property>
			<Property Name="Name" Type="String">H175HF</Property>
			<Property Name="Thickness" Type="DimValue" Dimension="Length">39.37007874 mil</Property>
			<Property Name="Description" Type="String">H175HF;_FR-4;_(1GHz)</Property>
			<Property Name="Note" Type="String">Tg=175C;_Df=0.012</Property>
		</Entity>
		<Entity Id="6bd74f66-498b-4a10-94bc-38ab6d2a3720" TypeId="27d70fdc-4c4e-4774-bfac-7efbb48cde47" RevisionId="213f7ab1-e5f1-4f0d-a19c-886f418396cf" RevisionDate="2021-03-16T04:34:50.4370739Z">
			<Property Name="Constructions" Type="String">Anti-CAF;_10w_10ss</Property>
			<Property Name="Resin" Type="DimValue" Dimension="Relative">0</Property>
			<Property Name="Frequency" Type="DimValue" Dimension="Frequency">1GHz</Property>
			<Property Name="DielectricConstant" Type="DimValue" Dimension="Dimensionless">3.7</Property>
			<Property Name="LossTangent" Type="DimValue" Dimension="Dimensionless">0.006</Property>
			<Property Name="GlassTransTemp" Type="DimValue" Dimension="Temperature">170</Property>
			<Property Name="Manufacturer" Type="String">Hua_Zheng</Property>
			<Property Name="Name" Type="String">H370</Property>
			<Property Name="Thickness" Type="DimValue" Dimension="Length">39.37007874 mil</Property>
			<Property Name="Description" Type="String">H370;_FR-4:_(1GHz)</Property>
			<Property Name="Note" Type="String">Tg=170C;_Df=0.006</Property>
		</Entity>
		<Entity Id="6bd74f66-498b-4a10-94bc-38ab6d2a3721" TypeId="27d70fdc-4c4e-4774-bfac-7efbb48cde47" RevisionId="213f7ab1-e5f1-4f0d-a19c-886f418396cf" RevisionDate="2021-03-16T04:34:50.4370739Z">
			<Property Name="Constructions" Type="String">Anti-CAF;_10w_10ss</Property>
			<Property Name="Resin" Type="DimValue" Dimension="Relative">0</Property>
			<Property Name="Frequency" Type="DimValue" Dimension="Frequency">1GHz</Property>
			<Property Name="DielectricConstant" Type="DimValue" Dimension="Dimensionless">3.8</Property>
			<Property Name="LossTangent" Type="DimValue" Dimension="Dimensionless">0.009</Property>
			<Property Name="GlassTransTemp" Type="DimValue" Dimension="Temperature">170</Property>
			<Property Name="Manufacturer" Type="String">Hua_Zheng</Property>
			<Property Name="Name" Type="String">H380</Property>
			<Property Name="Thickness" Type="DimValue" Dimension="Length">39.37007874 mil</Property>
			<Property Name="Description" Type="String">H380;_FR-4;_(1GHz)</Property>
			<Property Name="Note" Type="String">Tg=170C;_Df=0.006</Property>
		</Entity>
		<Entity Id="6bd74f66-498b-4a10-94bc-38ab6d2a3722" TypeId="27d70fdc-4c4e-4774-bfac-7efbb48cde47" RevisionId="213f7ab1-e5f1-4f0d-a19c-886f418396cf" RevisionDate="2021-03-16T04:34:50.4370739Z">
			<Property Name="Constructions" Type="String">Anti-CAF_resistance</Property>
			<Property Name="Resin" Type="DimValue" Dimension="Relative">0</Property>
			<Property Name="Frequency" Type="DimValue" Dimension="Frequency">1MHz</Property>
			<Property Name="DielectricConstant" Type="DimValue" Dimension="Dimensionless">4.7</Property>
			<Property Name="LossTangent" Type="DimValue" Dimension="Dimensionless">0.016</Property>
			<Property Name="GlassTransTemp" Type="DimValue" Dimension="Temperature">170</Property>
			<Property Name="Manufacturer" Type="String">Hua_Zheng</Property>
			<Property Name="Name" Type="String">H1170</Property>
			<Property Name="Thickness" Type="DimValue" Dimension="Length">3.937007874 mil</Property>
			<Property Name="Description" Type="String">H1170;_FR-4;_(1MHz)</Property>
			<Property Name="Note" Type="String">Tg=170C;_Df=0.016</Property>
		</Entity>
		<Entity Id="6bd74f66-498b-4a10-94bc-38ab6d2a3723" TypeId="27d70fdc-4c4e-4774-bfac-7efbb48cde47" RevisionId="213f7ab1-e5f1-4f0d-a19c-886f418396cf" RevisionDate="2021-03-16T04:34:50.4370739Z">
			<Property Name="Constructions" Type="String">Anti-CAF_resistance</Property>
			<Property Name="Resin" Type="DimValue" Dimension="Relative">0</Property>
			<Property Name="Frequency" Type="DimValue" Dimension="Frequency">1MHz</Property>
			<Property Name="DielectricConstant" Type="DimValue" Dimension="Dimensionless">4.7</Property>
			<Property Name="LossTangent" Type="DimValue" Dimension="Dimensionless">0.016</Property>
			<Property Name="GlassTransTemp" Type="DimValue" Dimension="Temperature">170</Property>
			<Property Name="Manufacturer" Type="String">Hua_Zheng</Property>
			<Property Name="Name" Type="String">H1170</Property>
			<Property Name="Thickness" Type="DimValue" Dimension="Length">62.99212598 mil</Property>
			<Property Name="Description" Type="String">H1170;_FR-4;_(1MHz)</Property>
			<Property Name="Note" Type="String">Tg=170C;_Df=0.016</Property>
		</Entity>
		<Entity Id="6bd74f66-498b-4a10-94bc-38ab6d2a3724" TypeId="27d70fdc-4c4e-4774-bfac-7efbb48cde47" RevisionId="213f7ab1-e5f1-4f0d-a19c-886f418396cf" RevisionDate="2021-03-16T04:34:50.4370739Z">
			<Property Name="Constructions" Type="String">Anti-CAF_resistance</Property>
			<Property Name="Resin" Type="DimValue" Dimension="Relative">0</Property>
			<Property Name="Frequency" Type="DimValue" Dimension="Frequency">1MHz</Property>
			<Property Name="DielectricConstant" Type="DimValue" Dimension="Dimensionless">4.7</Property>
			<Property Name="LossTangent" Type="DimValue" Dimension="Dimensionless">0.016</Property>
			<Property Name="GlassTransTemp" Type="DimValue" Dimension="Temperature">170</Property>
			<Property Name="Manufacturer" Type="String">Hua_Zheng</Property>
			<Property Name="Name" Type="String">H1170</Property>
			<Property Name="Thickness" Type="DimValue" Dimension="Length">125.984252 mil</Property>
			<Property Name="Description" Type="String">H1170;_FR-4;_(1MHz)</Property>
			<Property Name="Note" Type="String">Tg=170C;_Df=0.016</Property>
		</Entity>
		<Entity Id="6bd74f66-498b-4a10-94bc-38ab6d2a3725" TypeId="27d70fdc-4c4e-4774-bfac-7efbb48cde47" RevisionId="213f7ab1-e5f1-4f0d-a19c-886f418396cf" RevisionDate="2021-03-16T04:34:50.4370739Z">
			<Property Name="Constructions" Type="String">UV_B10cking</Property>
			<Property Name="Resin" Type="DimValue" Dimension="Relative">0</Property>
			<Property Name="Frequency" Type="DimValue" Dimension="Frequency">1MHz</Property>
			<Property Name="DielectricConstant" Type="DimValue" Dimension="Dimensionless">4.6</Property>
			<Property Name="LossTangent" Type="DimValue" Dimension="Dimensionless">0.015</Property>
			<Property Name="GlassTransTemp" Type="DimValue" Dimension="Temperature">135</Property>
			<Property Name="Manufacturer" Type="String">Hua_Zheng</Property>
			<Property Name="Name" Type="String">H1600A</Property>
			<Property Name="Thickness" Type="DimValue" Dimension="Length">24.80314961 mil</Property>
			<Property Name="Description" Type="String">H1600A;_FR-4;_(1MHz)</Property>
			<Property Name="Note" Type="String">Tg=135C:_Df=0.015</Property>
		</Entity>
		<Entity Id="6bd74f66-498b-4a10-94bc-38ab6d2a3726" TypeId="27d70fdc-4c4e-4774-bfac-7efbb48cde47" RevisionId="213f7ab1-e5f1-4f0d-a19c-886f418396cf" RevisionDate="2021-03-16T04:34:50.4370739Z">
			<Property Name="Constructions" Type="String">UV_B10cking</Property>
			<Property Name="Resin" Type="DimValue" Dimension="Relative">0</Property>
			<Property Name="Frequency" Type="DimValue" Dimension="Frequency">1MHz</Property>
			<Property Name="DielectricConstant" Type="DimValue" Dimension="Dimensionless">4.6</Property>
			<Property Name="LossTangent" Type="DimValue" Dimension="Dimensionless">0.015</Property>
			<Property Name="GlassTransTemp" Type="DimValue" Dimension="Temperature">135</Property>
			<Property Name="Manufacturer" Type="String">Hua_Zheng</Property>
			<Property Name="Name" Type="String">H1600A</Property>
			<Property Name="Thickness" Type="DimValue" Dimension="Length">62.99212598 mil</Property>
			<Property Name="Description" Type="String">H1600A;_FR-4;_(1MHz)</Property>
			<Property Name="Note" Type="String">Tg=135C:_Df=0.015</Property>
		</Entity>
		<Entity Id="6bd74f66-498b-4a10-94bc-38ab6d2a3727" TypeId="27d70fdc-4c4e-4774-bfac-7efbb48cde47" RevisionId="213f7ab1-e5f1-4f0d-a19c-886f418396cf" RevisionDate="2021-03-16T04:34:50.4370739Z">
			<Property Name="Constructions" Type="String">UV_B10cking</Property>
			<Property Name="Resin" Type="DimValue" Dimension="Relative">0</Property>
			<Property Name="Frequency" Type="DimValue" Dimension="Frequency">1MHz</Property>
			<Property Name="DielectricConstant" Type="DimValue" Dimension="Dimensionless">4.6</Property>
			<Property Name="LossTangent" Type="DimValue" Dimension="Dimensionless">0.015</Property>
			<Property Name="GlassTransTemp" Type="DimValue" Dimension="Temperature">135</Property>
			<Property Name="Manufacturer" Type="String">Hua_Zheng</Property>
			<Property Name="Name" Type="String">H1600A</Property>
			<Property Name="Thickness" Type="DimValue" Dimension="Length">125.984252 mil</Property>
			<Property Name="Description" Type="String">H1600A;_FR-4;_(1MHz)</Property>
			<Property Name="Note" Type="String">Tg=135C:_Df=0.015</Property>
		</Entity>
		<Entity Id="6bd74f66-498b-4a10-94bc-38ab6d2a3728" TypeId="27d70fdc-4c4e-4774-bfac-7efbb48cde47" RevisionId="213f7ab1-e5f1-4f0d-a19c-886f418396cf" RevisionDate="2021-03-16T04:34:50.4370739Z">
			<Property Name="Constructions" Type="String">Ha10gen_free</Property>
			<Property Name="Resin" Type="DimValue" Dimension="Relative">0</Property>
			<Property Name="Frequency" Type="DimValue" Dimension="Frequency">1MHz</Property>
			<Property Name="DielectricConstant" Type="DimValue" Dimension="Dimensionless">4.7</Property>
			<Property Name="LossTangent" Type="DimValue" Dimension="Dimensionless">0.015</Property>
			<Property Name="GlassTransTemp" Type="DimValue" Dimension="Temperature">130</Property>
			<Property Name="Manufacturer" Type="String">Hua_Zheng</Property>
			<Property Name="Name" Type="String">H1600HF</Property>
			<Property Name="Thickness" Type="DimValue" Dimension="Length">62.99212598 mil</Property>
			<Property Name="Description" Type="String">H1600HF;_FR-4;_(1MHz)</Property>
			<Property Name="Note" Type="String">Tg=130C;_Df=0.015</Property>
		</Entity>
		<Entity Id="6bd74f66-498b-4a10-94bc-38ab6d2a3729" TypeId="27d70fdc-4c4e-4774-bfac-7efbb48cde47" RevisionId="213f7ab1-e5f1-4f0d-a19c-886f418396cf" RevisionDate="2021-03-16T04:34:50.4370739Z">
			<Property Name="Constructions" Type="String">FR-4</Property>
			<Property Name="Resin" Type="DimValue" Dimension="Relative">0</Property>
			<Property Name="Frequency" Type="DimValue" Dimension="Frequency">1MHz</Property>
			<Property Name="DielectricConstant" Type="DimValue" Dimension="Dimensionless">4.7</Property>
			<Property Name="LossTangent" Type="DimValue" Dimension="Dimensionless">0.016</Property>
			<Property Name="GlassTransTemp" Type="DimValue" Dimension="Temperature">0</Property>
			<Property Name="Manufacturer" Type="String">Hua_Zheng</Property>
			<Property Name="Name" Type="String">H2135</Property>
			<Property Name="Thickness" Type="DimValue" Dimension="Length">23.62204724 mil</Property>
			<Property Name="Description" Type="String">H2135A;_FR-4;(1MHz)</Property>
			<Property Name="Note" Type="String">Df=0.016</Property>
		</Entity>
		<Entity Id="6bd74f66-498b-4a10-94bc-38ab6d2a3730" TypeId="27d70fdc-4c4e-4774-bfac-7efbb48cde47" RevisionId="213f7ab1-e5f1-4f0d-a19c-886f418396cf" RevisionDate="2021-03-16T04:34:50.4370739Z">
			<Property Name="Constructions" Type="String">FR-4</Property>
			<Property Name="Resin" Type="DimValue" Dimension="Relative">0</Property>
			<Property Name="Frequency" Type="DimValue" Dimension="Frequency">1MHz</Property>
			<Property Name="DielectricConstant" Type="DimValue" Dimension="Dimensionless">4.8</Property>
			<Property Name="LossTangent" Type="DimValue" Dimension="Dimensionless">0.035</Property>
			<Property Name="GlassTransTemp" Type="DimValue" Dimension="Temperature">0</Property>
			<Property Name="Manufacturer" Type="String">Hua_Zheng</Property>
			<Property Name="Name" Type="String">H2135</Property>
			<Property Name="Thickness" Type="DimValue" Dimension="Length">62.99212598 mil</Property>
			<Property Name="Description" Type="String">H2135A;_FR-4;(1MHz)</Property>
			<Property Name="Note" Type="String">Df=0.016</Property>
		</Entity>
		<Entity Id="6bd74f66-498b-4a10-94bc-38ab6d2a3731" TypeId="27d70fdc-4c4e-4774-bfac-7efbb48cde47" RevisionId="213f7ab1-e5f1-4f0d-a19c-886f418396cf" RevisionDate="2021-03-16T04:34:50.4370739Z">
			<Property Name="Constructions" Type="String">FR-4</Property>
			<Property Name="Resin" Type="DimValue" Dimension="Relative">0</Property>
			<Property Name="Frequency" Type="DimValue" Dimension="Frequency">1MHz</Property>
			<Property Name="DielectricConstant" Type="DimValue" Dimension="Dimensionless">4.8</Property>
			<Property Name="LossTangent" Type="DimValue" Dimension="Dimensionless">0.035</Property>
			<Property Name="GlassTransTemp" Type="DimValue" Dimension="Temperature">0</Property>
			<Property Name="Manufacturer" Type="String">Hua_Zheng</Property>
			<Property Name="Name" Type="String">H2135</Property>
			<Property Name="Thickness" Type="DimValue" Dimension="Length">125.984252 mil</Property>
			<Property Name="Description" Type="String">H2135A;_FR-4;(1MHz)</Property>
			<Property Name="Note" Type="String">Df=0.016</Property>
		</Entity>
		<Entity Id="6bd74f66-498b-4a10-94bc-38ab6d2a3732" TypeId="27d70fdc-4c4e-4774-bfac-7efbb48cde47" RevisionId="213f7ab1-e5f1-4f0d-a19c-886f418396cf" RevisionDate="2021-03-16T04:34:50.4370739Z">
			<Property Name="Constructions" Type="String">Ha10gen_free</Property>
			<Property Name="Resin" Type="DimValue" Dimension="Relative">0</Property>
			<Property Name="Frequency" Type="DimValue" Dimension="Frequency">1MHz</Property>
			<Property Name="DielectricConstant" Type="DimValue" Dimension="Dimensionless">4.7</Property>
			<Property Name="LossTangent" Type="DimValue" Dimension="Dimensionless">0.016</Property>
			<Property Name="GlassTransTemp" Type="DimValue" Dimension="Temperature">128</Property>
			<Property Name="Manufacturer" Type="String">Hua_Zheng</Property>
			<Property Name="Name" Type="String">H2135HF</Property>
			<Property Name="Thickness" Type="DimValue" Dimension="Length">31.49606299 mil</Property>
			<Property Name="Description" Type="String">H2135HF;_FR-4;_(1MHz)</Property>
			<Property Name="Note" Type="String">Tg=128C;_Df=0.016</Property>
		</Entity>
		<Entity Id="6bd74f66-498b-4a10-94bc-38ab6d2a3733" TypeId="27d70fdc-4c4e-4774-bfac-7efbb48cde47" RevisionId="213f7ab1-e5f1-4f0d-a19c-886f418396cf" RevisionDate="2021-03-16T04:34:50.4370739Z">
			<Property Name="Constructions" Type="String">Ha10gen_free</Property>
			<Property Name="Resin" Type="DimValue" Dimension="Relative">0</Property>
			<Property Name="Frequency" Type="DimValue" Dimension="Frequency">1MHz</Property>
			<Property Name="DielectricConstant" Type="DimValue" Dimension="Dimensionless">4.7</Property>
			<Property Name="LossTangent" Type="DimValue" Dimension="Dimensionless">0.016</Property>
			<Property Name="GlassTransTemp" Type="DimValue" Dimension="Temperature">128</Property>
			<Property Name="Manufacturer" Type="String">Hua_Zheng</Property>
			<Property Name="Name" Type="String">H2135HF</Property>
			<Property Name="Thickness" Type="DimValue" Dimension="Length">62.99212598 mil</Property>
			<Property Name="Description" Type="String">H2135HF;_FR-4;_(1MHz)</Property>
			<Property Name="Note" Type="String">Tg=128C;_Df=0.016</Property>
		</Entity>
		<Entity Id="6bd74f66-498b-4a10-94bc-38ab6d2a3734" TypeId="27d70fdc-4c4e-4774-bfac-7efbb48cde47" RevisionId="213f7ab1-e5f1-4f0d-a19c-886f418396cf" RevisionDate="2021-03-16T04:34:50.4370739Z">
			<Property Name="Constructions" Type="String">Ha10gen_free</Property>
			<Property Name="Resin" Type="DimValue" Dimension="Relative">0</Property>
			<Property Name="Frequency" Type="DimValue" Dimension="Frequency">1MHz</Property>
			<Property Name="DielectricConstant" Type="DimValue" Dimension="Dimensionless">4.7</Property>
			<Property Name="LossTangent" Type="DimValue" Dimension="Dimensionless">0.016</Property>
			<Property Name="GlassTransTemp" Type="DimValue" Dimension="Temperature">128</Property>
			<Property Name="Manufacturer" Type="String">Hua_Zheng</Property>
			<Property Name="Name" Type="String">H2135HF</Property>
			<Property Name="Thickness" Type="DimValue" Dimension="Length">125.984252 mil</Property>
			<Property Name="Description" Type="String">H2135HF;_FR-4;_(1MHz)</Property>
			<Property Name="Note" Type="String">Tg=128C;_Df=0.016</Property>
		</Entity>
		<Entity Id="6bd74f66-498b-4a10-94bc-38ab6d2a3735" TypeId="27d70fdc-4c4e-4774-bfac-7efbb48cde47" RevisionId="213f7ab1-e5f1-4f0d-a19c-886f418396cf" RevisionDate="2021-03-16T04:34:50.4370739Z">
			<Property Name="Constructions" Type="String">FR-4</Property>
			<Property Name="Resin" Type="DimValue" Dimension="Relative">0</Property>
			<Property Name="Frequency" Type="DimValue" Dimension="Frequency">1MHz</Property>
			<Property Name="DielectricConstant" Type="DimValue" Dimension="Dimensionless">4.8</Property>
			<Property Name="LossTangent" Type="DimValue" Dimension="Dimensionless">0.017</Property>
			<Property Name="GlassTransTemp" Type="DimValue" Dimension="Temperature">127</Property>
			<Property Name="Manufacturer" Type="String">Hua_Zheng</Property>
			<Property Name="Name" Type="String">H2600A</Property>
			<Property Name="Thickness" Type="DimValue" Dimension="Length">31.49606299 mil</Property>
			<Property Name="Description" Type="String">H2600A;_FR-4;_(1MHz)</Property>
			<Property Name="Note" Type="String">Tg=127C;_Df=0.017</Property>
		</Entity>
		<Entity Id="6bd74f66-498b-4a10-94bc-38ab6d2a3736" TypeId="27d70fdc-4c4e-4774-bfac-7efbb48cde47" RevisionId="213f7ab1-e5f1-4f0d-a19c-886f418396cf" RevisionDate="2021-03-16T04:34:50.4370739Z">
			<Property Name="Constructions" Type="String">FR-4</Property>
			<Property Name="Resin" Type="DimValue" Dimension="Relative">0</Property>
			<Property Name="Frequency" Type="DimValue" Dimension="Frequency">1MHz</Property>
			<Property Name="DielectricConstant" Type="DimValue" Dimension="Dimensionless">4.8</Property>
			<Property Name="LossTangent" Type="DimValue" Dimension="Dimensionless">0.017</Property>
			<Property Name="GlassTransTemp" Type="DimValue" Dimension="Temperature">127</Property>
			<Property Name="Manufacturer" Type="String">Hua_Zheng</Property>
			<Property Name="Name" Type="String">H2600A</Property>
			<Property Name="Thickness" Type="DimValue" Dimension="Length">62.99212598 mil</Property>
			<Property Name="Description" Type="String">H2600A;_FR-4;_(1MHz)</Property>
			<Property Name="Note" Type="String">Tg=127C;_Df=0.017</Property>
		</Entity>
		<Entity Id="6bd74f66-498b-4a10-94bc-38ab6d2a3737" TypeId="27d70fdc-4c4e-4774-bfac-7efbb48cde47" RevisionId="213f7ab1-e5f1-4f0d-a19c-886f418396cf" RevisionDate="2021-03-16T04:34:50.4370739Z">
			<Property Name="Constructions" Type="String">FR-4</Property>
			<Property Name="Resin" Type="DimValue" Dimension="Relative">0</Property>
			<Property Name="Frequency" Type="DimValue" Dimension="Frequency">1MHz</Property>
			<Property Name="DielectricConstant" Type="DimValue" Dimension="Dimensionless">4.8</Property>
			<Property Name="LossTangent" Type="DimValue" Dimension="Dimensionless">0.017</Property>
			<Property Name="GlassTransTemp" Type="DimValue" Dimension="Temperature">127</Property>
			<Property Name="Manufacturer" Type="String">Hua_Zheng</Property>
			<Property Name="Name" Type="String">H2600A</Property>
			<Property Name="Thickness" Type="DimValue" Dimension="Length">125.984252 mil</Property>
			<Property Name="Description" Type="String">H2600A;_FR-4;_(1MHz)</Property>
			<Property Name="Note" Type="String">Tg=127C;_Df=0.017</Property>
		</Entity>
		<Entity Id="6bd74f66-498b-4a10-94bc-38ab6d2a3738" TypeId="27d70fdc-4c4e-4774-bfac-7efbb48cde47" RevisionId="213f7ab1-e5f1-4f0d-a19c-886f418396cf" RevisionDate="2021-03-16T04:34:50.4370739Z">
			<Property Name="Constructions" Type="String">Ha10gen_free</Property>
			<Property Name="Resin" Type="DimValue" Dimension="Relative">0</Property>
			<Property Name="Frequency" Type="DimValue" Dimension="Frequency">1MHz</Property>
			<Property Name="DielectricConstant" Type="DimValue" Dimension="Dimensionless">4.7</Property>
			<Property Name="LossTangent" Type="DimValue" Dimension="Dimensionless">0.016</Property>
			<Property Name="GlassTransTemp" Type="DimValue" Dimension="Temperature">126</Property>
			<Property Name="Manufacturer" Type="String">Hua_Zheng</Property>
			<Property Name="Name" Type="String">H2600HF</Property>
			<Property Name="Thickness" Type="DimValue" Dimension="Length">31.49606299 mil</Property>
			<Property Name="Description" Type="String">H2600HF;_FR-4;_(1MHz)</Property>
			<Property Name="Note" Type="String">Tg=126C:_Df=0.016</Property>
		</Entity>
		<Entity Id="6bd74f66-498b-4a10-94bc-38ab6d2a3739" TypeId="27d70fdc-4c4e-4774-bfac-7efbb48cde47" RevisionId="213f7ab1-e5f1-4f0d-a19c-886f418396cf" RevisionDate="2021-03-16T04:34:50.4370739Z">
			<Property Name="Constructions" Type="String">Ha10gen_free</Property>
			<Property Name="Resin" Type="DimValue" Dimension="Relative">0</Property>
			<Property Name="Frequency" Type="DimValue" Dimension="Frequency">1MHz</Property>
			<Property Name="DielectricConstant" Type="DimValue" Dimension="Dimensionless">4.7</Property>
			<Property Name="LossTangent" Type="DimValue" Dimension="Dimensionless">0.016</Property>
			<Property Name="GlassTransTemp" Type="DimValue" Dimension="Temperature">126</Property>
			<Property Name="Manufacturer" Type="String">Hua_Zheng</Property>
			<Property Name="Name" Type="String">H2600HF</Property>
			<Property Name="Thickness" Type="DimValue" Dimension="Length">62.99212598 mil</Property>
			<Property Name="Description" Type="String">H2600HF;_FR-4;_(1MHz)</Property>
			<Property Name="Note" Type="String">Tg=126C:_Df=0.016</Property>
		</Entity>
		<Entity Id="6bd74f66-498b-4a10-94bc-38ab6d2a3740" TypeId="27d70fdc-4c4e-4774-bfac-7efbb48cde47" RevisionId="213f7ab1-e5f1-4f0d-a19c-886f418396cf" RevisionDate="2021-03-16T04:34:50.4370739Z">
			<Property Name="Constructions" Type="String">Ha10gen_free</Property>
			<Property Name="Resin" Type="DimValue" Dimension="Relative">0</Property>
			<Property Name="Frequency" Type="DimValue" Dimension="Frequency">1MHz</Property>
			<Property Name="DielectricConstant" Type="DimValue" Dimension="Dimensionless">4.7</Property>
			<Property Name="LossTangent" Type="DimValue" Dimension="Dimensionless">0.016</Property>
			<Property Name="GlassTransTemp" Type="DimValue" Dimension="Temperature">126</Property>
			<Property Name="Manufacturer" Type="String">Hua_Zheng</Property>
			<Property Name="Name" Type="String">H2600HF</Property>
			<Property Name="Thickness" Type="DimValue" Dimension="Length">125.984252 mil</Property>
			<Property Name="Description" Type="String">H2600HF;_FR-4;_(1MHz)</Property>
			<Property Name="Note" Type="String">Tg=126C:_Df=0.016</Property>
		</Entity>
	</Entities>
	<EntityExtensions />
</ExtensibleLibrary>
