﻿<?xml version="1.0" encoding="UTF-8"?>
<ExtensibleLibrary SerializerVersion="1.1.0.0" LibraryId="304daab4-9f31-485c-9cc0-983beabff0b4" Version="1.1.0.0" xmlns="http://altium.com/ns/Data/ExtensibleLibraries">
	<Types />
	<TypeExtensions />
	<Entities>
		<Entity Id="6bd74f66-498b-4a10-94bc-38ab6d213298" TypeId="27d70fdc-4c4e-4774-bfac-7efbb48cde47" RevisionId="213f7ab1-e5f1-4f0d-a19c-886f418396cf" RevisionDate="2021-03-16T04:34:50.4370739Z">
			<Property Name="Constructions" Type="String">_</Property>
			<Property Name="Resin" Type="DimValue" Dimension="Relative">0</Property>
			<Property Name="Frequency" Type="DimValue" Dimension="Frequency">1MHz</Property>
			<Property Name="DielectricConstant" Type="DimValue" Dimension="Dimensionless">2.2</Property>
			<Property Name="LossTangent" Type="DimValue" Dimension="Dimensionless">0.02</Property>
			<Property Name="GlassTransTemp" Type="DimValue" Dimension="Temperature">160</Property>
			<Property Name="Manufacturer" Type="String">Nano_Dimension</Property>
			<Property Name="Name" Type="String">3D_Printable_A</Property>
			<Property Name="Thickness" Type="DimValue" Dimension="Length">0.118110236 mil</Property>
			<Property Name="Description" Type="String">Nano_Dimension;_3D_Printable_(1MHz)</Property>
			<Property Name="Note" Type="String">Tg=160C;_Df=0.02</Property>
		</Entity>
		<Entity Id="6bd74f66-498b-4a10-94bc-38ab6d213299" TypeId="27d70fdc-4c4e-4774-bfac-7efbb48cde47" RevisionId="213f7ab1-e5f1-4f0d-a19c-886f418396cf" RevisionDate="2021-03-16T04:34:50.4370739Z">
			<Property Name="Constructions" Type="String">_</Property>
			<Property Name="Resin" Type="DimValue" Dimension="Relative">0</Property>
			<Property Name="Frequency" Type="DimValue" Dimension="Frequency">1GHz</Property>
			<Property Name="DielectricConstant" Type="DimValue" Dimension="Dimensionless">1.9</Property>
			<Property Name="LossTangent" Type="DimValue" Dimension="Dimensionless">0.02</Property>
			<Property Name="GlassTransTemp" Type="DimValue" Dimension="Temperature">160</Property>
			<Property Name="Manufacturer" Type="String">Nano_Dimension</Property>
			<Property Name="Name" Type="String">3D_Printable_A</Property>
			<Property Name="Thickness" Type="DimValue" Dimension="Length">0.118110236 mil</Property>
			<Property Name="Description" Type="String">Nano_Dimension;_3D_Printable_(1GHz)</Property>
			<Property Name="Note" Type="String">Tg=160C;_Df=0.02</Property>
		</Entity>
		<Entity Id="6bd74f66-498b-4a10-94bc-38ab6d213300" TypeId="27d70fdc-4c4e-4774-bfac-7efbb48cde47" RevisionId="213f7ab1-e5f1-4f0d-a19c-886f418396cf" RevisionDate="2021-03-16T04:34:50.4370739Z">
			<Property Name="Constructions" Type="String">_</Property>
			<Property Name="Resin" Type="DimValue" Dimension="Relative">0</Property>
			<Property Name="Frequency" Type="DimValue" Dimension="Frequency">1MHz</Property>
			<Property Name="DielectricConstant" Type="DimValue" Dimension="Dimensionless">3.7</Property>
			<Property Name="LossTangent" Type="DimValue" Dimension="Dimensionless">0.04</Property>
			<Property Name="GlassTransTemp" Type="DimValue" Dimension="Temperature">160</Property>
			<Property Name="Manufacturer" Type="String">Nano_Dimension</Property>
			<Property Name="Name" Type="String">3D_Printable_B</Property>
			<Property Name="Thickness" Type="DimValue" Dimension="Length">0.118110236 mil</Property>
			<Property Name="Description" Type="String">Nano_Dimension;_3D_Printable_(1MHz)</Property>
			<Property Name="Note" Type="String">Tg=180C;_Df=0.04</Property>
		</Entity>
		<Entity Id="6bd74f66-498b-4a10-94bc-38ab6d213301" TypeId="27d70fdc-4c4e-4774-bfac-7efbb48cde47" RevisionId="213f7ab1-e5f1-4f0d-a19c-886f418396cf" RevisionDate="2021-03-16T04:34:50.4370739Z">
			<Property Name="Constructions" Type="String">_</Property>
			<Property Name="Resin" Type="DimValue" Dimension="Relative">0</Property>
			<Property Name="Frequency" Type="DimValue" Dimension="Frequency">1GHz</Property>
			<Property Name="DielectricConstant" Type="DimValue" Dimension="Dimensionless">3.1</Property>
			<Property Name="LossTangent" Type="DimValue" Dimension="Dimensionless">0.04</Property>
			<Property Name="GlassTransTemp" Type="DimValue" Dimension="Temperature">160</Property>
			<Property Name="Manufacturer" Type="String">Nano_Dimension</Property>
			<Property Name="Name" Type="String">3D_Printable_B</Property>
			<Property Name="Thickness" Type="DimValue" Dimension="Length">0.118110236 mil</Property>
			<Property Name="Description" Type="String">Nano_Dimension;_3D_Printable_(1GHz)</Property>
			<Property Name="Note" Type="String">Tg=180C;_Df=0.04</Property>
		</Entity>
	</Entities>
	<EntityExtensions />
</ExtensibleLibrary>
