﻿<?xml version="1.0" encoding="UTF-8"?>
<ExtensibleLibrary SerializerVersion="1.1.0.0" LibraryId="304daab4-9f31-485c-9cc0-983beabff0b4" Version="1.1.0.0" xmlns="http://altium.com/ns/Data/ExtensibleLibraries">
	<Types />
	<TypeExtensions />
	<Entities>
		<Entity Id="6bd74f66-498b-4a10-94bc-38ab6d2aa777" TypeId="27d70fdc-4c4e-4774-bfac-7efbb48cde47" RevisionId="213f7ab1-e5f1-4f0d-a19c-886f418396cf" RevisionDate="2021-03-16T04:34:50.4370739Z">
			<Property Name="Constructions" Type="String">RCC_Al_Base_Laminate</Property>
			<Property Name="Resin" Type="DimValue" Dimension="Relative">0</Property>
			<Property Name="Frequency" Type="DimValue" Dimension="Frequency">1MHz</Property>
			<Property Name="DielectricConstant" Type="DimValue" Dimension="Dimensionless">5.6</Property>
			<Property Name="LossTangent" Type="DimValue" Dimension="Dimensionless">0.013</Property>
			<Property Name="GlassTransTemp" Type="DimValue" Dimension="Temperature">100</Property>
			<Property Name="Manufacturer" Type="String">Chin-Shi</Property>
			<Property Name="Name" Type="String">AD2</Property>
			<Property Name="Thickness" Type="DimValue" Dimension="Length">2 mil</Property>
			<Property Name="Description" Type="String">Chin-Shi_AD2;_(1MHz)</Property>
			<Property Name="Note" Type="String">Tg=100C;_Df=0.013</Property>
		</Entity>
		<Entity Id="6bd74f66-498b-4a10-94bc-38ab6d2aa778" TypeId="27d70fdc-4c4e-4774-bfac-7efbb48cde47" RevisionId="213f7ab1-e5f1-4f0d-a19c-886f418396cf" RevisionDate="2021-03-16T04:34:50.4370739Z">
			<Property Name="Constructions" Type="String">RCC_Al_Base_Laminate</Property>
			<Property Name="Resin" Type="DimValue" Dimension="Relative">0</Property>
			<Property Name="Frequency" Type="DimValue" Dimension="Frequency">1MHz</Property>
			<Property Name="DielectricConstant" Type="DimValue" Dimension="Dimensionless">5.6</Property>
			<Property Name="LossTangent" Type="DimValue" Dimension="Dimensionless">0.013</Property>
			<Property Name="GlassTransTemp" Type="DimValue" Dimension="Temperature">100</Property>
			<Property Name="Manufacturer" Type="String">Chin-Shi</Property>
			<Property Name="Name" Type="String">AD2</Property>
			<Property Name="Thickness" Type="DimValue" Dimension="Length">3 mil</Property>
			<Property Name="Description" Type="String">Chin-Shi_AD2;_(1MHz)</Property>
			<Property Name="Note" Type="String">Tg=100C;_Df=0.013</Property>
		</Entity>
		<Entity Id="6bd74f66-498b-4a10-94bc-38ab6d2aa779" TypeId="27d70fdc-4c4e-4774-bfac-7efbb48cde47" RevisionId="213f7ab1-e5f1-4f0d-a19c-886f418396cf" RevisionDate="2021-03-16T04:34:50.4370739Z">
			<Property Name="Constructions" Type="String">RCC_Al_Base_Laminate</Property>
			<Property Name="Resin" Type="DimValue" Dimension="Relative">0</Property>
			<Property Name="Frequency" Type="DimValue" Dimension="Frequency">1MHz</Property>
			<Property Name="DielectricConstant" Type="DimValue" Dimension="Dimensionless">5.6</Property>
			<Property Name="LossTangent" Type="DimValue" Dimension="Dimensionless">0.013</Property>
			<Property Name="GlassTransTemp" Type="DimValue" Dimension="Temperature">100</Property>
			<Property Name="Manufacturer" Type="String">Chin-Shi</Property>
			<Property Name="Name" Type="String">AD2</Property>
			<Property Name="Thickness" Type="DimValue" Dimension="Length">4 mil</Property>
			<Property Name="Description" Type="String">Chin-Shi_AD2;_(1MHz)</Property>
			<Property Name="Note" Type="String">Tg=100C;_Df=0.013</Property>
		</Entity>
		<Entity Id="6bd74f66-498b-4a10-94bc-38ab6d2aa780" TypeId="27d70fdc-4c4e-4774-bfac-7efbb48cde47" RevisionId="213f7ab1-e5f1-4f0d-a19c-886f418396cf" RevisionDate="2021-03-16T04:34:50.4370739Z">
			<Property Name="Constructions" Type="String">RCC_Al_Base_Laminate</Property>
			<Property Name="Resin" Type="DimValue" Dimension="Relative">0</Property>
			<Property Name="Frequency" Type="DimValue" Dimension="Frequency">1MHz</Property>
			<Property Name="DielectricConstant" Type="DimValue" Dimension="Dimensionless">5.6</Property>
			<Property Name="LossTangent" Type="DimValue" Dimension="Dimensionless">0.013</Property>
			<Property Name="GlassTransTemp" Type="DimValue" Dimension="Temperature">100</Property>
			<Property Name="Manufacturer" Type="String">Chin-Shi</Property>
			<Property Name="Name" Type="String">AD2</Property>
			<Property Name="Thickness" Type="DimValue" Dimension="Length">5 mil</Property>
			<Property Name="Description" Type="String">Chin-Shi_AD2;_(1MHz)</Property>
			<Property Name="Note" Type="String">Tg=100C:_Df=0.013</Property>
		</Entity>
		<Entity Id="6bd74f66-498b-4a10-94bc-38ab6d2aa781" TypeId="27d70fdc-4c4e-4774-bfac-7efbb48cde47" RevisionId="213f7ab1-e5f1-4f0d-a19c-886f418396cf" RevisionDate="2021-03-16T04:34:50.4370739Z">
			<Property Name="Constructions" Type="String">RCC_Al_Base_Laminate</Property>
			<Property Name="Resin" Type="DimValue" Dimension="Relative">0</Property>
			<Property Name="Frequency" Type="DimValue" Dimension="Frequency">1MHz</Property>
			<Property Name="DielectricConstant" Type="DimValue" Dimension="Dimensionless">5.6</Property>
			<Property Name="LossTangent" Type="DimValue" Dimension="Dimensionless">0.013</Property>
			<Property Name="GlassTransTemp" Type="DimValue" Dimension="Temperature">100</Property>
			<Property Name="Manufacturer" Type="String">Chin-Shi</Property>
			<Property Name="Name" Type="String">AD2</Property>
			<Property Name="Thickness" Type="DimValue" Dimension="Length">6 mil</Property>
			<Property Name="Description" Type="String">Chin-Shi_AD2;_(1MHz)</Property>
			<Property Name="Note" Type="String">Tg=100C:_Df=0.013</Property>
		</Entity>
		<Entity Id="6bd74f66-498b-4a10-94bc-38ab6d2aa782" TypeId="27d70fdc-4c4e-4774-bfac-7efbb48cde47" RevisionId="213f7ab1-e5f1-4f0d-a19c-886f418396cf" RevisionDate="2021-03-16T04:34:50.4370739Z">
			<Property Name="Constructions" Type="String">RCC_Al_Base_Laminate</Property>
			<Property Name="Resin" Type="DimValue" Dimension="Relative">0</Property>
			<Property Name="Frequency" Type="DimValue" Dimension="Frequency">1MHz</Property>
			<Property Name="DielectricConstant" Type="DimValue" Dimension="Dimensionless">5.6</Property>
			<Property Name="LossTangent" Type="DimValue" Dimension="Dimensionless">0.013</Property>
			<Property Name="GlassTransTemp" Type="DimValue" Dimension="Temperature">100</Property>
			<Property Name="Manufacturer" Type="String">Chin-Shi</Property>
			<Property Name="Name" Type="String">AD2</Property>
			<Property Name="Thickness" Type="DimValue" Dimension="Length">7 mil</Property>
			<Property Name="Description" Type="String">Chin-Shi_AD2;_(1MHz)</Property>
			<Property Name="Note" Type="String">Tg=100C:_Df=0.013</Property>
		</Entity>
		<Entity Id="6bd74f66-498b-4a10-94bc-38ab6d2aa783" TypeId="27d70fdc-4c4e-4774-bfac-7efbb48cde47" RevisionId="213f7ab1-e5f1-4f0d-a19c-886f418396cf" RevisionDate="2021-03-16T04:34:50.4370739Z">
			<Property Name="Constructions" Type="String">RCC_Al_Base_Laminate</Property>
			<Property Name="Resin" Type="DimValue" Dimension="Relative">0</Property>
			<Property Name="Frequency" Type="DimValue" Dimension="Frequency">1MHz</Property>
			<Property Name="DielectricConstant" Type="DimValue" Dimension="Dimensionless">5.6</Property>
			<Property Name="LossTangent" Type="DimValue" Dimension="Dimensionless">0.013</Property>
			<Property Name="GlassTransTemp" Type="DimValue" Dimension="Temperature">100</Property>
			<Property Name="Manufacturer" Type="String">Chin-Shi</Property>
			<Property Name="Name" Type="String">AD2</Property>
			<Property Name="Thickness" Type="DimValue" Dimension="Length">8 mil</Property>
			<Property Name="Description" Type="String">Chin-Shi_AD2;_(1MHz)</Property>
			<Property Name="Note" Type="String">Tg=100C:_Df=0.013</Property>
		</Entity>
		<Entity Id="6bd74f66-498b-4a10-94bc-38ab6d2aa784" TypeId="27d70fdc-4c4e-4774-bfac-7efbb48cde47" RevisionId="213f7ab1-e5f1-4f0d-a19c-886f418396cf" RevisionDate="2021-03-16T04:34:50.4370739Z">
			<Property Name="Constructions" Type="String">RCC_Al_Base_Laminate</Property>
			<Property Name="Resin" Type="DimValue" Dimension="Relative">0</Property>
			<Property Name="Frequency" Type="DimValue" Dimension="Frequency">1GHz</Property>
			<Property Name="DielectricConstant" Type="DimValue" Dimension="Dimensionless">5.3</Property>
			<Property Name="LossTangent" Type="DimValue" Dimension="Dimensionless">0.01</Property>
			<Property Name="GlassTransTemp" Type="DimValue" Dimension="Temperature">100</Property>
			<Property Name="Manufacturer" Type="String">Chin-Shi</Property>
			<Property Name="Name" Type="String">AD2</Property>
			<Property Name="Thickness" Type="DimValue" Dimension="Length">2 mil</Property>
			<Property Name="Description" Type="String">Chin-Shi_AD2;_(1GHz)</Property>
			<Property Name="Note" Type="String">Tg=100C:_Df=0.010</Property>
		</Entity>
		<Entity Id="6bd74f66-498b-4a10-94bc-38ab6d2aa785" TypeId="27d70fdc-4c4e-4774-bfac-7efbb48cde47" RevisionId="213f7ab1-e5f1-4f0d-a19c-886f418396cf" RevisionDate="2021-03-16T04:34:50.4370739Z">
			<Property Name="Constructions" Type="String">RCC_Al_Base_Laminate</Property>
			<Property Name="Resin" Type="DimValue" Dimension="Relative">0</Property>
			<Property Name="Frequency" Type="DimValue" Dimension="Frequency">1GHz</Property>
			<Property Name="DielectricConstant" Type="DimValue" Dimension="Dimensionless">5.3</Property>
			<Property Name="LossTangent" Type="DimValue" Dimension="Dimensionless">0.01</Property>
			<Property Name="GlassTransTemp" Type="DimValue" Dimension="Temperature">100</Property>
			<Property Name="Manufacturer" Type="String">Chin-Shi</Property>
			<Property Name="Name" Type="String">AD2</Property>
			<Property Name="Thickness" Type="DimValue" Dimension="Length">3 mil</Property>
			<Property Name="Description" Type="String">Chin-Shi_AD2;_(1GHz)</Property>
			<Property Name="Note" Type="String">Tg=100C:_Df=0.010</Property>
		</Entity>
		<Entity Id="6bd74f66-498b-4a10-94bc-38ab6d2aa786" TypeId="27d70fdc-4c4e-4774-bfac-7efbb48cde47" RevisionId="213f7ab1-e5f1-4f0d-a19c-886f418396cf" RevisionDate="2021-03-16T04:34:50.4370739Z">
			<Property Name="Constructions" Type="String">RCC_Al_Base_Laminate</Property>
			<Property Name="Resin" Type="DimValue" Dimension="Relative">0</Property>
			<Property Name="Frequency" Type="DimValue" Dimension="Frequency">1GHz</Property>
			<Property Name="DielectricConstant" Type="DimValue" Dimension="Dimensionless">5.3</Property>
			<Property Name="LossTangent" Type="DimValue" Dimension="Dimensionless">0.01</Property>
			<Property Name="GlassTransTemp" Type="DimValue" Dimension="Temperature">100</Property>
			<Property Name="Manufacturer" Type="String">Chin-Shi</Property>
			<Property Name="Name" Type="String">AD2</Property>
			<Property Name="Thickness" Type="DimValue" Dimension="Length">4 mil</Property>
			<Property Name="Description" Type="String">Chin-Shi_AD2;_(1GHz)</Property>
			<Property Name="Note" Type="String">Tg=100C:_Df=0.010</Property>
		</Entity>
		<Entity Id="6bd74f66-498b-4a10-94bc-38ab6d2aa787" TypeId="27d70fdc-4c4e-4774-bfac-7efbb48cde47" RevisionId="213f7ab1-e5f1-4f0d-a19c-886f418396cf" RevisionDate="2021-03-16T04:34:50.4370739Z">
			<Property Name="Constructions" Type="String">RCC_Al_Base_Laminate</Property>
			<Property Name="Resin" Type="DimValue" Dimension="Relative">0</Property>
			<Property Name="Frequency" Type="DimValue" Dimension="Frequency">1GHz</Property>
			<Property Name="DielectricConstant" Type="DimValue" Dimension="Dimensionless">5.3</Property>
			<Property Name="LossTangent" Type="DimValue" Dimension="Dimensionless">0.01</Property>
			<Property Name="GlassTransTemp" Type="DimValue" Dimension="Temperature">100</Property>
			<Property Name="Manufacturer" Type="String">Chin-Shi</Property>
			<Property Name="Name" Type="String">AD2</Property>
			<Property Name="Thickness" Type="DimValue" Dimension="Length">5 mil</Property>
			<Property Name="Description" Type="String">Chin-Shi_AD2;_(1GHz)</Property>
			<Property Name="Note" Type="String">Tg=100C:_Df=0.010</Property>
		</Entity>
		<Entity Id="6bd74f66-498b-4a10-94bc-38ab6d2aa788" TypeId="27d70fdc-4c4e-4774-bfac-7efbb48cde47" RevisionId="213f7ab1-e5f1-4f0d-a19c-886f418396cf" RevisionDate="2021-03-16T04:34:50.4370739Z">
			<Property Name="Constructions" Type="String">RCC_Al_Base_Laminate</Property>
			<Property Name="Resin" Type="DimValue" Dimension="Relative">0</Property>
			<Property Name="Frequency" Type="DimValue" Dimension="Frequency">1GHz</Property>
			<Property Name="DielectricConstant" Type="DimValue" Dimension="Dimensionless">5.3</Property>
			<Property Name="LossTangent" Type="DimValue" Dimension="Dimensionless">0.01</Property>
			<Property Name="GlassTransTemp" Type="DimValue" Dimension="Temperature">100</Property>
			<Property Name="Manufacturer" Type="String">Chin-Shi</Property>
			<Property Name="Name" Type="String">AD2</Property>
			<Property Name="Thickness" Type="DimValue" Dimension="Length">6 mil</Property>
			<Property Name="Description" Type="String">Chin-Shi_AD2;_(1GHz)</Property>
			<Property Name="Note" Type="String">Tg=100C:_Df=0.010</Property>
		</Entity>
		<Entity Id="6bd74f66-498b-4a10-94bc-38ab6d2aa789" TypeId="27d70fdc-4c4e-4774-bfac-7efbb48cde47" RevisionId="213f7ab1-e5f1-4f0d-a19c-886f418396cf" RevisionDate="2021-03-16T04:34:50.4370739Z">
			<Property Name="Constructions" Type="String">RCC_Al_Base_Laminate</Property>
			<Property Name="Resin" Type="DimValue" Dimension="Relative">0</Property>
			<Property Name="Frequency" Type="DimValue" Dimension="Frequency">1GHz</Property>
			<Property Name="DielectricConstant" Type="DimValue" Dimension="Dimensionless">5.3</Property>
			<Property Name="LossTangent" Type="DimValue" Dimension="Dimensionless">0.01</Property>
			<Property Name="GlassTransTemp" Type="DimValue" Dimension="Temperature">100</Property>
			<Property Name="Manufacturer" Type="String">Chin-Shi</Property>
			<Property Name="Name" Type="String">AD2</Property>
			<Property Name="Thickness" Type="DimValue" Dimension="Length">7 mil</Property>
			<Property Name="Description" Type="String">Chin-Shi_AD2;_(1GHz)</Property>
			<Property Name="Note" Type="String">Tg=100C:_Df=0.010</Property>
		</Entity>
		<Entity Id="6bd74f66-498b-4a10-94bc-38ab6d2aa790" TypeId="27d70fdc-4c4e-4774-bfac-7efbb48cde47" RevisionId="213f7ab1-e5f1-4f0d-a19c-886f418396cf" RevisionDate="2021-03-16T04:34:50.4370739Z">
			<Property Name="Constructions" Type="String">RCC_Al_Base_Laminate</Property>
			<Property Name="Resin" Type="DimValue" Dimension="Relative">0</Property>
			<Property Name="Frequency" Type="DimValue" Dimension="Frequency">1GHz</Property>
			<Property Name="DielectricConstant" Type="DimValue" Dimension="Dimensionless">5.3</Property>
			<Property Name="LossTangent" Type="DimValue" Dimension="Dimensionless">0.01</Property>
			<Property Name="GlassTransTemp" Type="DimValue" Dimension="Temperature">100</Property>
			<Property Name="Manufacturer" Type="String">Chin-Shi</Property>
			<Property Name="Name" Type="String">AD2</Property>
			<Property Name="Thickness" Type="DimValue" Dimension="Length">8 mil</Property>
			<Property Name="Description" Type="String">Chin-Shi_AD2;_(1GHz)</Property>
			<Property Name="Note" Type="String">Tg=100C:_Df=0.010</Property>
		</Entity>
		<Entity Id="6bd74f66-498b-4a10-94bc-38ab6d2aa791" TypeId="27d70fdc-4c4e-4774-bfac-7efbb48cde47" RevisionId="213f7ab1-e5f1-4f0d-a19c-886f418396cf" RevisionDate="2021-03-16T04:34:50.4370739Z">
			<Property Name="Constructions" Type="String">RCC_Al_Base_Laminate</Property>
			<Property Name="Resin" Type="DimValue" Dimension="Relative">0</Property>
			<Property Name="Frequency" Type="DimValue" Dimension="Frequency">1MHz</Property>
			<Property Name="DielectricConstant" Type="DimValue" Dimension="Dimensionless">6.1</Property>
			<Property Name="LossTangent" Type="DimValue" Dimension="Dimensionless">0.017</Property>
			<Property Name="GlassTransTemp" Type="DimValue" Dimension="Temperature">100</Property>
			<Property Name="Manufacturer" Type="String">Chin-Shi</Property>
			<Property Name="Name" Type="String">AD3</Property>
			<Property Name="Thickness" Type="DimValue" Dimension="Length">2 mil</Property>
			<Property Name="Description" Type="String">Chin-Shi_AD3:_(1MHz)</Property>
			<Property Name="Note" Type="String">Tg=100C:_Df=0.017</Property>
		</Entity>
		<Entity Id="6bd74f66-498b-4a10-94bc-38ab6d2aa792" TypeId="27d70fdc-4c4e-4774-bfac-7efbb48cde47" RevisionId="213f7ab1-e5f1-4f0d-a19c-886f418396cf" RevisionDate="2021-03-16T04:34:50.4370739Z">
			<Property Name="Constructions" Type="String">RCC_Al_Base_Laminate</Property>
			<Property Name="Resin" Type="DimValue" Dimension="Relative">0</Property>
			<Property Name="Frequency" Type="DimValue" Dimension="Frequency">1MHz</Property>
			<Property Name="DielectricConstant" Type="DimValue" Dimension="Dimensionless">6.1</Property>
			<Property Name="LossTangent" Type="DimValue" Dimension="Dimensionless">0.017</Property>
			<Property Name="GlassTransTemp" Type="DimValue" Dimension="Temperature">100</Property>
			<Property Name="Manufacturer" Type="String">Chin-Shi</Property>
			<Property Name="Name" Type="String">AD3</Property>
			<Property Name="Thickness" Type="DimValue" Dimension="Length">3 mil</Property>
			<Property Name="Description" Type="String">Chin-Shi_AD3:_(1MHz)</Property>
			<Property Name="Note" Type="String">Tg=100C:_Df=0.017</Property>
		</Entity>
		<Entity Id="6bd74f66-498b-4a10-94bc-38ab6d2aa793" TypeId="27d70fdc-4c4e-4774-bfac-7efbb48cde47" RevisionId="213f7ab1-e5f1-4f0d-a19c-886f418396cf" RevisionDate="2021-03-16T04:34:50.4370739Z">
			<Property Name="Constructions" Type="String">RCC_Al_Base_Laminate</Property>
			<Property Name="Resin" Type="DimValue" Dimension="Relative">0</Property>
			<Property Name="Frequency" Type="DimValue" Dimension="Frequency">1MHz</Property>
			<Property Name="DielectricConstant" Type="DimValue" Dimension="Dimensionless">6.1</Property>
			<Property Name="LossTangent" Type="DimValue" Dimension="Dimensionless">0.017</Property>
			<Property Name="GlassTransTemp" Type="DimValue" Dimension="Temperature">100</Property>
			<Property Name="Manufacturer" Type="String">Chin-Shi</Property>
			<Property Name="Name" Type="String">AD3</Property>
			<Property Name="Thickness" Type="DimValue" Dimension="Length">4 mil</Property>
			<Property Name="Description" Type="String">Chin-Shi_AD3:_(1MHz)</Property>
			<Property Name="Note" Type="String">Tg=100C:_Df=0.017</Property>
		</Entity>
		<Entity Id="6bd74f66-498b-4a10-94bc-38ab6d2aa794" TypeId="27d70fdc-4c4e-4774-bfac-7efbb48cde47" RevisionId="213f7ab1-e5f1-4f0d-a19c-886f418396cf" RevisionDate="2021-03-16T04:34:50.4370739Z">
			<Property Name="Constructions" Type="String">RCC_Al_Base_Laminate</Property>
			<Property Name="Resin" Type="DimValue" Dimension="Relative">0</Property>
			<Property Name="Frequency" Type="DimValue" Dimension="Frequency">1MHz</Property>
			<Property Name="DielectricConstant" Type="DimValue" Dimension="Dimensionless">6.1</Property>
			<Property Name="LossTangent" Type="DimValue" Dimension="Dimensionless">0.017</Property>
			<Property Name="GlassTransTemp" Type="DimValue" Dimension="Temperature">100</Property>
			<Property Name="Manufacturer" Type="String">Chin-Shi</Property>
			<Property Name="Name" Type="String">AD3</Property>
			<Property Name="Thickness" Type="DimValue" Dimension="Length">5 mil</Property>
			<Property Name="Description" Type="String">Chin-Shi_AD3:_(1MHz)</Property>
			<Property Name="Note" Type="String">Tg=100C:_Df=0.017</Property>
		</Entity>
		<Entity Id="6bd74f66-498b-4a10-94bc-38ab6d2aa795" TypeId="27d70fdc-4c4e-4774-bfac-7efbb48cde47" RevisionId="213f7ab1-e5f1-4f0d-a19c-886f418396cf" RevisionDate="2021-03-16T04:34:50.4370739Z">
			<Property Name="Constructions" Type="String">RCC_Al_Base_Laminate</Property>
			<Property Name="Resin" Type="DimValue" Dimension="Relative">0</Property>
			<Property Name="Frequency" Type="DimValue" Dimension="Frequency">1MHz</Property>
			<Property Name="DielectricConstant" Type="DimValue" Dimension="Dimensionless">6.1</Property>
			<Property Name="LossTangent" Type="DimValue" Dimension="Dimensionless">0.017</Property>
			<Property Name="GlassTransTemp" Type="DimValue" Dimension="Temperature">100</Property>
			<Property Name="Manufacturer" Type="String">Chin-Shi</Property>
			<Property Name="Name" Type="String">AD3</Property>
			<Property Name="Thickness" Type="DimValue" Dimension="Length">6 mil</Property>
			<Property Name="Description" Type="String">Chin-Shi_AD3:_(1MHz)</Property>
			<Property Name="Note" Type="String">Tg=100C:_Df=0.017</Property>
		</Entity>
		<Entity Id="6bd74f66-498b-4a10-94bc-38ab6d2aa796" TypeId="27d70fdc-4c4e-4774-bfac-7efbb48cde47" RevisionId="213f7ab1-e5f1-4f0d-a19c-886f418396cf" RevisionDate="2021-03-16T04:34:50.4370739Z">
			<Property Name="Constructions" Type="String">RCC_Al_Base_Laminate</Property>
			<Property Name="Resin" Type="DimValue" Dimension="Relative">0</Property>
			<Property Name="Frequency" Type="DimValue" Dimension="Frequency">1MHz</Property>
			<Property Name="DielectricConstant" Type="DimValue" Dimension="Dimensionless">6.1</Property>
			<Property Name="LossTangent" Type="DimValue" Dimension="Dimensionless">0.017</Property>
			<Property Name="GlassTransTemp" Type="DimValue" Dimension="Temperature">100</Property>
			<Property Name="Manufacturer" Type="String">Chin-Shi</Property>
			<Property Name="Name" Type="String">AD3</Property>
			<Property Name="Thickness" Type="DimValue" Dimension="Length">7 mil</Property>
			<Property Name="Description" Type="String">Chin-Shi_AD3:_(1MHz)</Property>
			<Property Name="Note" Type="String">Tg=100C:_Df=0.017</Property>
		</Entity>
		<Entity Id="6bd74f66-498b-4a10-94bc-38ab6d2aa797" TypeId="27d70fdc-4c4e-4774-bfac-7efbb48cde47" RevisionId="213f7ab1-e5f1-4f0d-a19c-886f418396cf" RevisionDate="2021-03-16T04:34:50.4370739Z">
			<Property Name="Constructions" Type="String">RCC_Al_Base_Laminate</Property>
			<Property Name="Resin" Type="DimValue" Dimension="Relative">0</Property>
			<Property Name="Frequency" Type="DimValue" Dimension="Frequency">1MHz</Property>
			<Property Name="DielectricConstant" Type="DimValue" Dimension="Dimensionless">6.1</Property>
			<Property Name="LossTangent" Type="DimValue" Dimension="Dimensionless">0.017</Property>
			<Property Name="GlassTransTemp" Type="DimValue" Dimension="Temperature">100</Property>
			<Property Name="Manufacturer" Type="String">Chin-Shi</Property>
			<Property Name="Name" Type="String">AD3</Property>
			<Property Name="Thickness" Type="DimValue" Dimension="Length">8 mil</Property>
			<Property Name="Description" Type="String">Chin-Shi_AD3:_(1MHz)</Property>
			<Property Name="Note" Type="String">Tg=100C:_Df=0.017</Property>
		</Entity>
		<Entity Id="6bd74f66-498b-4a10-94bc-38ab6d2aa798" TypeId="27d70fdc-4c4e-4774-bfac-7efbb48cde47" RevisionId="213f7ab1-e5f1-4f0d-a19c-886f418396cf" RevisionDate="2021-03-16T04:34:50.4370739Z">
			<Property Name="Constructions" Type="String">RCC_Al_Base_Laminate</Property>
			<Property Name="Resin" Type="DimValue" Dimension="Relative">0</Property>
			<Property Name="Frequency" Type="DimValue" Dimension="Frequency">1GHz</Property>
			<Property Name="DielectricConstant" Type="DimValue" Dimension="Dimensionless">6</Property>
			<Property Name="LossTangent" Type="DimValue" Dimension="Dimensionless">0.009</Property>
			<Property Name="GlassTransTemp" Type="DimValue" Dimension="Temperature">100</Property>
			<Property Name="Manufacturer" Type="String">Chin-Shi</Property>
			<Property Name="Name" Type="String">AD3</Property>
			<Property Name="Thickness" Type="DimValue" Dimension="Length">2 mil</Property>
			<Property Name="Description" Type="String">Chin-Shi_AD3:_(1GHz)</Property>
			<Property Name="Note" Type="String">Tg=100C:_Df=0.009</Property>
		</Entity>
		<Entity Id="6bd74f66-498b-4a10-94bc-38ab6d2aa799" TypeId="27d70fdc-4c4e-4774-bfac-7efbb48cde47" RevisionId="213f7ab1-e5f1-4f0d-a19c-886f418396cf" RevisionDate="2021-03-16T04:34:50.4370739Z">
			<Property Name="Constructions" Type="String">RCC_Al_Base_Laminate</Property>
			<Property Name="Resin" Type="DimValue" Dimension="Relative">0</Property>
			<Property Name="Frequency" Type="DimValue" Dimension="Frequency">1GHz</Property>
			<Property Name="DielectricConstant" Type="DimValue" Dimension="Dimensionless">6</Property>
			<Property Name="LossTangent" Type="DimValue" Dimension="Dimensionless">0.009</Property>
			<Property Name="GlassTransTemp" Type="DimValue" Dimension="Temperature">100</Property>
			<Property Name="Manufacturer" Type="String">Chin-Shi</Property>
			<Property Name="Name" Type="String">AD3</Property>
			<Property Name="Thickness" Type="DimValue" Dimension="Length">3 mil</Property>
			<Property Name="Description" Type="String">Chin-Shi_AD3:_(1GHz)</Property>
			<Property Name="Note" Type="String">Tg=100C:_Df=0.009</Property>
		</Entity>
		<Entity Id="6bd74f66-498b-4a10-94bc-38ab6d2aa800" TypeId="27d70fdc-4c4e-4774-bfac-7efbb48cde47" RevisionId="213f7ab1-e5f1-4f0d-a19c-886f418396cf" RevisionDate="2021-03-16T04:34:50.4370739Z">
			<Property Name="Constructions" Type="String">RCC_Al_Base_Laminate</Property>
			<Property Name="Resin" Type="DimValue" Dimension="Relative">0</Property>
			<Property Name="Frequency" Type="DimValue" Dimension="Frequency">1GHz</Property>
			<Property Name="DielectricConstant" Type="DimValue" Dimension="Dimensionless">6</Property>
			<Property Name="LossTangent" Type="DimValue" Dimension="Dimensionless">0.009</Property>
			<Property Name="GlassTransTemp" Type="DimValue" Dimension="Temperature">100</Property>
			<Property Name="Manufacturer" Type="String">Chin-Shi</Property>
			<Property Name="Name" Type="String">AD3</Property>
			<Property Name="Thickness" Type="DimValue" Dimension="Length">4 mil</Property>
			<Property Name="Description" Type="String">Chin-Shi_AD3:_(1GHz)</Property>
			<Property Name="Note" Type="String">Tg=100C:_Df=0.009</Property>
		</Entity>
		<Entity Id="6bd74f66-498b-4a10-94bc-38ab6d2aa801" TypeId="27d70fdc-4c4e-4774-bfac-7efbb48cde47" RevisionId="213f7ab1-e5f1-4f0d-a19c-886f418396cf" RevisionDate="2021-03-16T04:34:50.4370739Z">
			<Property Name="Constructions" Type="String">RCC_Al_Base_Laminate</Property>
			<Property Name="Resin" Type="DimValue" Dimension="Relative">0</Property>
			<Property Name="Frequency" Type="DimValue" Dimension="Frequency">1GHz</Property>
			<Property Name="DielectricConstant" Type="DimValue" Dimension="Dimensionless">6</Property>
			<Property Name="LossTangent" Type="DimValue" Dimension="Dimensionless">0.009</Property>
			<Property Name="GlassTransTemp" Type="DimValue" Dimension="Temperature">100</Property>
			<Property Name="Manufacturer" Type="String">Chin-Shi</Property>
			<Property Name="Name" Type="String">AD3</Property>
			<Property Name="Thickness" Type="DimValue" Dimension="Length">5 mil</Property>
			<Property Name="Description" Type="String">Chin-Shi_AD3:_(1GHz)</Property>
			<Property Name="Note" Type="String">Tg=100C:_Df=0.009</Property>
		</Entity>
		<Entity Id="6bd74f66-498b-4a10-94bc-38ab6d2aa802" TypeId="27d70fdc-4c4e-4774-bfac-7efbb48cde47" RevisionId="213f7ab1-e5f1-4f0d-a19c-886f418396cf" RevisionDate="2021-03-16T04:34:50.4370739Z">
			<Property Name="Constructions" Type="String">RCC_Al_Base_Laminate</Property>
			<Property Name="Resin" Type="DimValue" Dimension="Relative">0</Property>
			<Property Name="Frequency" Type="DimValue" Dimension="Frequency">1GHz</Property>
			<Property Name="DielectricConstant" Type="DimValue" Dimension="Dimensionless">6</Property>
			<Property Name="LossTangent" Type="DimValue" Dimension="Dimensionless">0.009</Property>
			<Property Name="GlassTransTemp" Type="DimValue" Dimension="Temperature">100</Property>
			<Property Name="Manufacturer" Type="String">Chin-Shi</Property>
			<Property Name="Name" Type="String">AD3</Property>
			<Property Name="Thickness" Type="DimValue" Dimension="Length">6 mil</Property>
			<Property Name="Description" Type="String">Chin-Shi_AD3:_(1GHz)</Property>
			<Property Name="Note" Type="String">Tg=100C:_Df=0.009</Property>
		</Entity>
		<Entity Id="6bd74f66-498b-4a10-94bc-38ab6d2aa803" TypeId="27d70fdc-4c4e-4774-bfac-7efbb48cde47" RevisionId="213f7ab1-e5f1-4f0d-a19c-886f418396cf" RevisionDate="2021-03-16T04:34:50.4370739Z">
			<Property Name="Constructions" Type="String">RCC_Al_Base_Laminate</Property>
			<Property Name="Resin" Type="DimValue" Dimension="Relative">0</Property>
			<Property Name="Frequency" Type="DimValue" Dimension="Frequency">1GHz</Property>
			<Property Name="DielectricConstant" Type="DimValue" Dimension="Dimensionless">6</Property>
			<Property Name="LossTangent" Type="DimValue" Dimension="Dimensionless">0.009</Property>
			<Property Name="GlassTransTemp" Type="DimValue" Dimension="Temperature">100</Property>
			<Property Name="Manufacturer" Type="String">Chin-Shi</Property>
			<Property Name="Name" Type="String">AD3</Property>
			<Property Name="Thickness" Type="DimValue" Dimension="Length">7 mil</Property>
			<Property Name="Description" Type="String">Chin-Shi_AD3:_(1GHz)</Property>
			<Property Name="Note" Type="String">Tg=100C:_Df=0.009</Property>
		</Entity>
		<Entity Id="6bd74f66-498b-4a10-94bc-38ab6d2aa804" TypeId="27d70fdc-4c4e-4774-bfac-7efbb48cde47" RevisionId="213f7ab1-e5f1-4f0d-a19c-886f418396cf" RevisionDate="2021-03-16T04:34:50.4370739Z">
			<Property Name="Constructions" Type="String">RCC_Al_Base_Laminate</Property>
			<Property Name="Resin" Type="DimValue" Dimension="Relative">0</Property>
			<Property Name="Frequency" Type="DimValue" Dimension="Frequency">1GHz</Property>
			<Property Name="DielectricConstant" Type="DimValue" Dimension="Dimensionless">6</Property>
			<Property Name="LossTangent" Type="DimValue" Dimension="Dimensionless">0.009</Property>
			<Property Name="GlassTransTemp" Type="DimValue" Dimension="Temperature">100</Property>
			<Property Name="Manufacturer" Type="String">Chin-Shi</Property>
			<Property Name="Name" Type="String">AD3</Property>
			<Property Name="Thickness" Type="DimValue" Dimension="Length">8 mil</Property>
			<Property Name="Description" Type="String">Chin-Shi_AD3:_(1GHz)</Property>
			<Property Name="Note" Type="String">Tg=100C:_Df=0.009</Property>
		</Entity>
		<Entity Id="6bd74f66-498b-4a10-94bc-38ab6d2aa805" TypeId="27d70fdc-4c4e-4774-bfac-7efbb48cde47" RevisionId="213f7ab1-e5f1-4f0d-a19c-886f418396cf" RevisionDate="2021-03-16T04:34:50.4370739Z">
			<Property Name="Constructions" Type="String">RCC_Al_Base_Laminate</Property>
			<Property Name="Resin" Type="DimValue" Dimension="Relative">0</Property>
			<Property Name="Frequency" Type="DimValue" Dimension="Frequency">1MHz</Property>
			<Property Name="DielectricConstant" Type="DimValue" Dimension="Dimensionless">5.8</Property>
			<Property Name="LossTangent" Type="DimValue" Dimension="Dimensionless">0.015</Property>
			<Property Name="GlassTransTemp" Type="DimValue" Dimension="Temperature">100</Property>
			<Property Name="Manufacturer" Type="String">Chin-Shi</Property>
			<Property Name="Name" Type="String">AD5</Property>
			<Property Name="Thickness" Type="DimValue" Dimension="Length">2 mil</Property>
			<Property Name="Description" Type="String">Chin-Shi_AD5;_(1MHz)</Property>
			<Property Name="Note" Type="String">Tg=100C:_Df=0.015</Property>
		</Entity>
		<Entity Id="6bd74f66-498b-4a10-94bc-38ab6d2aa806" TypeId="27d70fdc-4c4e-4774-bfac-7efbb48cde47" RevisionId="213f7ab1-e5f1-4f0d-a19c-886f418396cf" RevisionDate="2021-03-16T04:34:50.4370739Z">
			<Property Name="Constructions" Type="String">RCC_Al_Base_Laminate</Property>
			<Property Name="Resin" Type="DimValue" Dimension="Relative">0</Property>
			<Property Name="Frequency" Type="DimValue" Dimension="Frequency">1MHz</Property>
			<Property Name="DielectricConstant" Type="DimValue" Dimension="Dimensionless">5.8</Property>
			<Property Name="LossTangent" Type="DimValue" Dimension="Dimensionless">0.015</Property>
			<Property Name="GlassTransTemp" Type="DimValue" Dimension="Temperature">100</Property>
			<Property Name="Manufacturer" Type="String">Chin-Shi</Property>
			<Property Name="Name" Type="String">AD5</Property>
			<Property Name="Thickness" Type="DimValue" Dimension="Length">3 mil</Property>
			<Property Name="Description" Type="String">Chin-Shi_AD5;_(1MHz)</Property>
			<Property Name="Note" Type="String">Tg=100C:_Df=0.015</Property>
		</Entity>
		<Entity Id="6bd74f66-498b-4a10-94bc-38ab6d2aa807" TypeId="27d70fdc-4c4e-4774-bfac-7efbb48cde47" RevisionId="213f7ab1-e5f1-4f0d-a19c-886f418396cf" RevisionDate="2021-03-16T04:34:50.4370739Z">
			<Property Name="Constructions" Type="String">RCC_Al_Base_Laminate</Property>
			<Property Name="Resin" Type="DimValue" Dimension="Relative">0</Property>
			<Property Name="Frequency" Type="DimValue" Dimension="Frequency">1MHz</Property>
			<Property Name="DielectricConstant" Type="DimValue" Dimension="Dimensionless">5.8</Property>
			<Property Name="LossTangent" Type="DimValue" Dimension="Dimensionless">0.015</Property>
			<Property Name="GlassTransTemp" Type="DimValue" Dimension="Temperature">100</Property>
			<Property Name="Manufacturer" Type="String">Chin-Shi</Property>
			<Property Name="Name" Type="String">AD5</Property>
			<Property Name="Thickness" Type="DimValue" Dimension="Length">4 mil</Property>
			<Property Name="Description" Type="String">Chin-Shi_AD5;_(1MHz)</Property>
			<Property Name="Note" Type="String">Tg=100C:_Df=0.015</Property>
		</Entity>
		<Entity Id="6bd74f66-498b-4a10-94bc-38ab6d2aa808" TypeId="27d70fdc-4c4e-4774-bfac-7efbb48cde47" RevisionId="213f7ab1-e5f1-4f0d-a19c-886f418396cf" RevisionDate="2021-03-16T04:34:50.4370739Z">
			<Property Name="Constructions" Type="String">RCC_Al_Base_Laminate</Property>
			<Property Name="Resin" Type="DimValue" Dimension="Relative">0</Property>
			<Property Name="Frequency" Type="DimValue" Dimension="Frequency">1MHz</Property>
			<Property Name="DielectricConstant" Type="DimValue" Dimension="Dimensionless">5.8</Property>
			<Property Name="LossTangent" Type="DimValue" Dimension="Dimensionless">0.015</Property>
			<Property Name="GlassTransTemp" Type="DimValue" Dimension="Temperature">100</Property>
			<Property Name="Manufacturer" Type="String">Chin-Shi</Property>
			<Property Name="Name" Type="String">AD5</Property>
			<Property Name="Thickness" Type="DimValue" Dimension="Length">5 mil</Property>
			<Property Name="Description" Type="String">Chin-Shi_AD5;_(1MHz)</Property>
			<Property Name="Note" Type="String">Tg=100C:_Df=0.015</Property>
		</Entity>
		<Entity Id="6bd74f66-498b-4a10-94bc-38ab6d2aa809" TypeId="27d70fdc-4c4e-4774-bfac-7efbb48cde47" RevisionId="213f7ab1-e5f1-4f0d-a19c-886f418396cf" RevisionDate="2021-03-16T04:34:50.4370739Z">
			<Property Name="Constructions" Type="String">RCC_Al_Base_Laminate</Property>
			<Property Name="Resin" Type="DimValue" Dimension="Relative">0</Property>
			<Property Name="Frequency" Type="DimValue" Dimension="Frequency">1MHz</Property>
			<Property Name="DielectricConstant" Type="DimValue" Dimension="Dimensionless">5.8</Property>
			<Property Name="LossTangent" Type="DimValue" Dimension="Dimensionless">0.015</Property>
			<Property Name="GlassTransTemp" Type="DimValue" Dimension="Temperature">100</Property>
			<Property Name="Manufacturer" Type="String">Chin-Shi</Property>
			<Property Name="Name" Type="String">AD5</Property>
			<Property Name="Thickness" Type="DimValue" Dimension="Length">6 mil</Property>
			<Property Name="Description" Type="String">Chin-Shi_AD5;_(1MHz)</Property>
			<Property Name="Note" Type="String">Tg=100C:_Df=0.015</Property>
		</Entity>
		<Entity Id="6bd74f66-498b-4a10-94bc-38ab6d2aa810" TypeId="27d70fdc-4c4e-4774-bfac-7efbb48cde47" RevisionId="213f7ab1-e5f1-4f0d-a19c-886f418396cf" RevisionDate="2021-03-16T04:34:50.4370739Z">
			<Property Name="Constructions" Type="String">RCC_Al_Base_Laminate</Property>
			<Property Name="Resin" Type="DimValue" Dimension="Relative">0</Property>
			<Property Name="Frequency" Type="DimValue" Dimension="Frequency">1MHz</Property>
			<Property Name="DielectricConstant" Type="DimValue" Dimension="Dimensionless">5.8</Property>
			<Property Name="LossTangent" Type="DimValue" Dimension="Dimensionless">0.015</Property>
			<Property Name="GlassTransTemp" Type="DimValue" Dimension="Temperature">100</Property>
			<Property Name="Manufacturer" Type="String">Chin-Shi</Property>
			<Property Name="Name" Type="String">AD5</Property>
			<Property Name="Thickness" Type="DimValue" Dimension="Length">7 mil</Property>
			<Property Name="Description" Type="String">Chin-Shi_AD5;_(1MHz)</Property>
			<Property Name="Note" Type="String">Tg=100C:_Df=0.015</Property>
		</Entity>
		<Entity Id="6bd74f66-498b-4a10-94bc-38ab6d2aa811" TypeId="27d70fdc-4c4e-4774-bfac-7efbb48cde47" RevisionId="213f7ab1-e5f1-4f0d-a19c-886f418396cf" RevisionDate="2021-03-16T04:34:50.4370739Z">
			<Property Name="Constructions" Type="String">RCC_Al_Base_Laminate</Property>
			<Property Name="Resin" Type="DimValue" Dimension="Relative">0</Property>
			<Property Name="Frequency" Type="DimValue" Dimension="Frequency">1MHz</Property>
			<Property Name="DielectricConstant" Type="DimValue" Dimension="Dimensionless">5.8</Property>
			<Property Name="LossTangent" Type="DimValue" Dimension="Dimensionless">0.015</Property>
			<Property Name="GlassTransTemp" Type="DimValue" Dimension="Temperature">100</Property>
			<Property Name="Manufacturer" Type="String">Chin-Shi</Property>
			<Property Name="Name" Type="String">AD5</Property>
			<Property Name="Thickness" Type="DimValue" Dimension="Length">8 mil</Property>
			<Property Name="Description" Type="String">Chin-Shi_AD5;_(1MHz)</Property>
			<Property Name="Note" Type="String">Tg=100C:_Df=0.015</Property>
		</Entity>
		<Entity Id="6bd74f66-498b-4a10-94bc-38ab6d2aa812" TypeId="27d70fdc-4c4e-4774-bfac-7efbb48cde47" RevisionId="213f7ab1-e5f1-4f0d-a19c-886f418396cf" RevisionDate="2021-03-16T04:34:50.4370739Z">
			<Property Name="Constructions" Type="String">RCC_Al_Base_Laminate</Property>
			<Property Name="Resin" Type="DimValue" Dimension="Relative">0</Property>
			<Property Name="Frequency" Type="DimValue" Dimension="Frequency">1GHz</Property>
			<Property Name="DielectricConstant" Type="DimValue" Dimension="Dimensionless">5.3</Property>
			<Property Name="LossTangent" Type="DimValue" Dimension="Dimensionless">0.01</Property>
			<Property Name="GlassTransTemp" Type="DimValue" Dimension="Temperature">100</Property>
			<Property Name="Manufacturer" Type="String">Chin-Shi</Property>
			<Property Name="Name" Type="String">AD5</Property>
			<Property Name="Thickness" Type="DimValue" Dimension="Length">2 mil</Property>
			<Property Name="Description" Type="String">Chin-Shi_AD5;_(1GHz)</Property>
			<Property Name="Note" Type="String">Tg=100C:_Df=0.010</Property>
		</Entity>
		<Entity Id="6bd74f66-498b-4a10-94bc-38ab6d2aa813" TypeId="27d70fdc-4c4e-4774-bfac-7efbb48cde47" RevisionId="213f7ab1-e5f1-4f0d-a19c-886f418396cf" RevisionDate="2021-03-16T04:34:50.4370739Z">
			<Property Name="Constructions" Type="String">RCC_Al_Base_Laminate</Property>
			<Property Name="Resin" Type="DimValue" Dimension="Relative">0</Property>
			<Property Name="Frequency" Type="DimValue" Dimension="Frequency">1GHz</Property>
			<Property Name="DielectricConstant" Type="DimValue" Dimension="Dimensionless">5.3</Property>
			<Property Name="LossTangent" Type="DimValue" Dimension="Dimensionless">0.01</Property>
			<Property Name="GlassTransTemp" Type="DimValue" Dimension="Temperature">100</Property>
			<Property Name="Manufacturer" Type="String">Chin-Shi</Property>
			<Property Name="Name" Type="String">AD5</Property>
			<Property Name="Thickness" Type="DimValue" Dimension="Length">3 mil</Property>
			<Property Name="Description" Type="String">Chin-Shi_AD5;_(1GHz)</Property>
			<Property Name="Note" Type="String">Tg=100C:_Df=0.010</Property>
		</Entity>
		<Entity Id="6bd74f66-498b-4a10-94bc-38ab6d2aa814" TypeId="27d70fdc-4c4e-4774-bfac-7efbb48cde47" RevisionId="213f7ab1-e5f1-4f0d-a19c-886f418396cf" RevisionDate="2021-03-16T04:34:50.4370739Z">
			<Property Name="Constructions" Type="String">RCC_Al_Base_Laminate</Property>
			<Property Name="Resin" Type="DimValue" Dimension="Relative">0</Property>
			<Property Name="Frequency" Type="DimValue" Dimension="Frequency">1GHz</Property>
			<Property Name="DielectricConstant" Type="DimValue" Dimension="Dimensionless">5.3</Property>
			<Property Name="LossTangent" Type="DimValue" Dimension="Dimensionless">0.01</Property>
			<Property Name="GlassTransTemp" Type="DimValue" Dimension="Temperature">100</Property>
			<Property Name="Manufacturer" Type="String">Chin-Shi</Property>
			<Property Name="Name" Type="String">AD5</Property>
			<Property Name="Thickness" Type="DimValue" Dimension="Length">4 mil</Property>
			<Property Name="Description" Type="String">Chin-Shi_AD5;_(1GHz)</Property>
			<Property Name="Note" Type="String">Tg=100C:_Df=0.010</Property>
		</Entity>
		<Entity Id="6bd74f66-498b-4a10-94bc-38ab6d2aa815" TypeId="27d70fdc-4c4e-4774-bfac-7efbb48cde47" RevisionId="213f7ab1-e5f1-4f0d-a19c-886f418396cf" RevisionDate="2021-03-16T04:34:50.4370739Z">
			<Property Name="Constructions" Type="String">RCC_Al_Base_Laminate</Property>
			<Property Name="Resin" Type="DimValue" Dimension="Relative">0</Property>
			<Property Name="Frequency" Type="DimValue" Dimension="Frequency">1GHz</Property>
			<Property Name="DielectricConstant" Type="DimValue" Dimension="Dimensionless">5.3</Property>
			<Property Name="LossTangent" Type="DimValue" Dimension="Dimensionless">0.01</Property>
			<Property Name="GlassTransTemp" Type="DimValue" Dimension="Temperature">100</Property>
			<Property Name="Manufacturer" Type="String">Chin-Shi</Property>
			<Property Name="Name" Type="String">AD5</Property>
			<Property Name="Thickness" Type="DimValue" Dimension="Length">5 mil</Property>
			<Property Name="Description" Type="String">Chin-Shi_AD5;_(1GHz)</Property>
			<Property Name="Note" Type="String">Tg=100C:_Df=0.010</Property>
		</Entity>
		<Entity Id="6bd74f66-498b-4a10-94bc-38ab6d2aa816" TypeId="27d70fdc-4c4e-4774-bfac-7efbb48cde47" RevisionId="213f7ab1-e5f1-4f0d-a19c-886f418396cf" RevisionDate="2021-03-16T04:34:50.4370739Z">
			<Property Name="Constructions" Type="String">RCC_Al_Base_Laminate</Property>
			<Property Name="Resin" Type="DimValue" Dimension="Relative">0</Property>
			<Property Name="Frequency" Type="DimValue" Dimension="Frequency">1GHz</Property>
			<Property Name="DielectricConstant" Type="DimValue" Dimension="Dimensionless">5.3</Property>
			<Property Name="LossTangent" Type="DimValue" Dimension="Dimensionless">0.01</Property>
			<Property Name="GlassTransTemp" Type="DimValue" Dimension="Temperature">100</Property>
			<Property Name="Manufacturer" Type="String">Chin-Shi</Property>
			<Property Name="Name" Type="String">AD5</Property>
			<Property Name="Thickness" Type="DimValue" Dimension="Length">6 mil</Property>
			<Property Name="Description" Type="String">Chin-Shi_AD5;_(1GHz)</Property>
			<Property Name="Note" Type="String">Tg=100C:_Df=0.010</Property>
		</Entity>
		<Entity Id="6bd74f66-498b-4a10-94bc-38ab6d2aa817" TypeId="27d70fdc-4c4e-4774-bfac-7efbb48cde47" RevisionId="213f7ab1-e5f1-4f0d-a19c-886f418396cf" RevisionDate="2021-03-16T04:34:50.4370739Z">
			<Property Name="Constructions" Type="String">RCC_Al_Base_Laminate</Property>
			<Property Name="Resin" Type="DimValue" Dimension="Relative">0</Property>
			<Property Name="Frequency" Type="DimValue" Dimension="Frequency">1GHz</Property>
			<Property Name="DielectricConstant" Type="DimValue" Dimension="Dimensionless">5.3</Property>
			<Property Name="LossTangent" Type="DimValue" Dimension="Dimensionless">0.01</Property>
			<Property Name="GlassTransTemp" Type="DimValue" Dimension="Temperature">100</Property>
			<Property Name="Manufacturer" Type="String">Chin-Shi</Property>
			<Property Name="Name" Type="String">AD5</Property>
			<Property Name="Thickness" Type="DimValue" Dimension="Length">7 mil</Property>
			<Property Name="Description" Type="String">Chin-Shi_AD5;_(1GHz)</Property>
			<Property Name="Note" Type="String">Tg=100C:_Df=0.010</Property>
		</Entity>
		<Entity Id="6bd74f66-498b-4a10-94bc-38ab6d2aa818" TypeId="27d70fdc-4c4e-4774-bfac-7efbb48cde47" RevisionId="213f7ab1-e5f1-4f0d-a19c-886f418396cf" RevisionDate="2021-03-16T04:34:50.4370739Z">
			<Property Name="Constructions" Type="String">RCC_Al_Base_Laminate</Property>
			<Property Name="Resin" Type="DimValue" Dimension="Relative">0</Property>
			<Property Name="Frequency" Type="DimValue" Dimension="Frequency">1GHz</Property>
			<Property Name="DielectricConstant" Type="DimValue" Dimension="Dimensionless">5.3</Property>
			<Property Name="LossTangent" Type="DimValue" Dimension="Dimensionless">0.01</Property>
			<Property Name="GlassTransTemp" Type="DimValue" Dimension="Temperature">100</Property>
			<Property Name="Manufacturer" Type="String">Chin-Shi</Property>
			<Property Name="Name" Type="String">AD5</Property>
			<Property Name="Thickness" Type="DimValue" Dimension="Length">8 mil</Property>
			<Property Name="Description" Type="String">Chin-Shi_AD5;_(1GHz)</Property>
			<Property Name="Note" Type="String">Tg=100C:_Df=0.010</Property>
		</Entity>
		<Entity Id="6bd74f66-498b-4a10-94bc-38ab6d2aa819" TypeId="27d70fdc-4c4e-4774-bfac-7efbb48cde47" RevisionId="213f7ab1-e5f1-4f0d-a19c-886f418396cf" RevisionDate="2021-03-16T04:34:50.4370739Z">
			<Property Name="Constructions" Type="String">RCC_Al_Base_Laminate</Property>
			<Property Name="Resin" Type="DimValue" Dimension="Relative">0</Property>
			<Property Name="Frequency" Type="DimValue" Dimension="Frequency">1MHz</Property>
			<Property Name="DielectricConstant" Type="DimValue" Dimension="Dimensionless">5.8</Property>
			<Property Name="LossTangent" Type="DimValue" Dimension="Dimensionless">0.015</Property>
			<Property Name="GlassTransTemp" Type="DimValue" Dimension="Temperature">100</Property>
			<Property Name="Manufacturer" Type="String">Chin-Shi</Property>
			<Property Name="Name" Type="String">AD8</Property>
			<Property Name="Thickness" Type="DimValue" Dimension="Length">2 mil</Property>
			<Property Name="Description" Type="String">Chin-Shi_AD8;_(1MHz)</Property>
			<Property Name="Note" Type="String">Tg=100C;_Df=0.015</Property>
		</Entity>
		<Entity Id="6bd74f66-498b-4a10-94bc-38ab6d2aa820" TypeId="27d70fdc-4c4e-4774-bfac-7efbb48cde47" RevisionId="213f7ab1-e5f1-4f0d-a19c-886f418396cf" RevisionDate="2021-03-16T04:34:50.4370739Z">
			<Property Name="Constructions" Type="String">RCC_Al_Base_Laminate</Property>
			<Property Name="Resin" Type="DimValue" Dimension="Relative">0</Property>
			<Property Name="Frequency" Type="DimValue" Dimension="Frequency">1MHz</Property>
			<Property Name="DielectricConstant" Type="DimValue" Dimension="Dimensionless">5.8</Property>
			<Property Name="LossTangent" Type="DimValue" Dimension="Dimensionless">0.015</Property>
			<Property Name="GlassTransTemp" Type="DimValue" Dimension="Temperature">100</Property>
			<Property Name="Manufacturer" Type="String">Chin-Shi</Property>
			<Property Name="Name" Type="String">AD8</Property>
			<Property Name="Thickness" Type="DimValue" Dimension="Length">3 mil</Property>
			<Property Name="Description" Type="String">Chin-Shi_AD8;_(1MHz)</Property>
			<Property Name="Note" Type="String">Tg=100C;_Df=0.015</Property>
		</Entity>
		<Entity Id="6bd74f66-498b-4a10-94bc-38ab6d2aa821" TypeId="27d70fdc-4c4e-4774-bfac-7efbb48cde47" RevisionId="213f7ab1-e5f1-4f0d-a19c-886f418396cf" RevisionDate="2021-03-16T04:34:50.4370739Z">
			<Property Name="Constructions" Type="String">RCC_Al_Base_Laminate</Property>
			<Property Name="Resin" Type="DimValue" Dimension="Relative">0</Property>
			<Property Name="Frequency" Type="DimValue" Dimension="Frequency">1MHz</Property>
			<Property Name="DielectricConstant" Type="DimValue" Dimension="Dimensionless">5.8</Property>
			<Property Name="LossTangent" Type="DimValue" Dimension="Dimensionless">0.015</Property>
			<Property Name="GlassTransTemp" Type="DimValue" Dimension="Temperature">100</Property>
			<Property Name="Manufacturer" Type="String">Chin-Shi</Property>
			<Property Name="Name" Type="String">AD8</Property>
			<Property Name="Thickness" Type="DimValue" Dimension="Length">4 mil</Property>
			<Property Name="Description" Type="String">Chin-Shi_AD8;_(1MHz)</Property>
			<Property Name="Note" Type="String">Tg=100C;_Df=0.015</Property>
		</Entity>
		<Entity Id="6bd74f66-498b-4a10-94bc-38ab6d2aa822" TypeId="27d70fdc-4c4e-4774-bfac-7efbb48cde47" RevisionId="213f7ab1-e5f1-4f0d-a19c-886f418396cf" RevisionDate="2021-03-16T04:34:50.4370739Z">
			<Property Name="Constructions" Type="String">RCC_Al_Base_Laminate</Property>
			<Property Name="Resin" Type="DimValue" Dimension="Relative">0</Property>
			<Property Name="Frequency" Type="DimValue" Dimension="Frequency">1MHz</Property>
			<Property Name="DielectricConstant" Type="DimValue" Dimension="Dimensionless">5.8</Property>
			<Property Name="LossTangent" Type="DimValue" Dimension="Dimensionless">0.015</Property>
			<Property Name="GlassTransTemp" Type="DimValue" Dimension="Temperature">100</Property>
			<Property Name="Manufacturer" Type="String">Chin-Shi</Property>
			<Property Name="Name" Type="String">AD8</Property>
			<Property Name="Thickness" Type="DimValue" Dimension="Length">5 mil</Property>
			<Property Name="Description" Type="String">Chin-Shi_AD8;_(1MHz)</Property>
			<Property Name="Note" Type="String">Tg=100C;_Df=0.015</Property>
		</Entity>
		<Entity Id="6bd74f66-498b-4a10-94bc-38ab6d2aa823" TypeId="27d70fdc-4c4e-4774-bfac-7efbb48cde47" RevisionId="213f7ab1-e5f1-4f0d-a19c-886f418396cf" RevisionDate="2021-03-16T04:34:50.4370739Z">
			<Property Name="Constructions" Type="String">RCC_Al_Base_Laminate</Property>
			<Property Name="Resin" Type="DimValue" Dimension="Relative">0</Property>
			<Property Name="Frequency" Type="DimValue" Dimension="Frequency">1MHz</Property>
			<Property Name="DielectricConstant" Type="DimValue" Dimension="Dimensionless">5.8</Property>
			<Property Name="LossTangent" Type="DimValue" Dimension="Dimensionless">0.015</Property>
			<Property Name="GlassTransTemp" Type="DimValue" Dimension="Temperature">100</Property>
			<Property Name="Manufacturer" Type="String">Chin-Shi</Property>
			<Property Name="Name" Type="String">AD8</Property>
			<Property Name="Thickness" Type="DimValue" Dimension="Length">6 mil</Property>
			<Property Name="Description" Type="String">Chin-Shi_AD8;_(1MHz)</Property>
			<Property Name="Note" Type="String">Tg=100C;_Df=0.015</Property>
		</Entity>
		<Entity Id="6bd74f66-498b-4a10-94bc-38ab6d2aa824" TypeId="27d70fdc-4c4e-4774-bfac-7efbb48cde47" RevisionId="213f7ab1-e5f1-4f0d-a19c-886f418396cf" RevisionDate="2021-03-16T04:34:50.4370739Z">
			<Property Name="Constructions" Type="String">RCC_Al_Base_Laminate</Property>
			<Property Name="Resin" Type="DimValue" Dimension="Relative">0</Property>
			<Property Name="Frequency" Type="DimValue" Dimension="Frequency">1MHz</Property>
			<Property Name="DielectricConstant" Type="DimValue" Dimension="Dimensionless">5.8</Property>
			<Property Name="LossTangent" Type="DimValue" Dimension="Dimensionless">0.015</Property>
			<Property Name="GlassTransTemp" Type="DimValue" Dimension="Temperature">100</Property>
			<Property Name="Manufacturer" Type="String">Chin-Shi</Property>
			<Property Name="Name" Type="String">AD8</Property>
			<Property Name="Thickness" Type="DimValue" Dimension="Length">7 mil</Property>
			<Property Name="Description" Type="String">Chin-Shi_AD8;_(1MHz)</Property>
			<Property Name="Note" Type="String">Tg=100C;_Df=0.015</Property>
		</Entity>
		<Entity Id="6bd74f66-498b-4a10-94bc-38ab6d2aa825" TypeId="27d70fdc-4c4e-4774-bfac-7efbb48cde47" RevisionId="213f7ab1-e5f1-4f0d-a19c-886f418396cf" RevisionDate="2021-03-16T04:34:50.4370739Z">
			<Property Name="Constructions" Type="String">RCC_Al_Base_Laminate</Property>
			<Property Name="Resin" Type="DimValue" Dimension="Relative">0</Property>
			<Property Name="Frequency" Type="DimValue" Dimension="Frequency">1MHz</Property>
			<Property Name="DielectricConstant" Type="DimValue" Dimension="Dimensionless">5.8</Property>
			<Property Name="LossTangent" Type="DimValue" Dimension="Dimensionless">0.015</Property>
			<Property Name="GlassTransTemp" Type="DimValue" Dimension="Temperature">100</Property>
			<Property Name="Manufacturer" Type="String">Chin-Shi</Property>
			<Property Name="Name" Type="String">AD8</Property>
			<Property Name="Thickness" Type="DimValue" Dimension="Length">8 mil</Property>
			<Property Name="Description" Type="String">Chin-Shi_AD8;_(1MHz)</Property>
			<Property Name="Note" Type="String">Tg=100C;_Df=0.015</Property>
		</Entity>
		<Entity Id="6bd74f66-498b-4a10-94bc-38ab6d2aa826" TypeId="27d70fdc-4c4e-4774-bfac-7efbb48cde47" RevisionId="213f7ab1-e5f1-4f0d-a19c-886f418396cf" RevisionDate="2021-03-16T04:34:50.4370739Z">
			<Property Name="Constructions" Type="String">RCC_Al_Base_Laminate</Property>
			<Property Name="Resin" Type="DimValue" Dimension="Relative">0</Property>
			<Property Name="Frequency" Type="DimValue" Dimension="Frequency">1GHz</Property>
			<Property Name="DielectricConstant" Type="DimValue" Dimension="Dimensionless">5.7</Property>
			<Property Name="LossTangent" Type="DimValue" Dimension="Dimensionless">0.008</Property>
			<Property Name="GlassTransTemp" Type="DimValue" Dimension="Temperature">100</Property>
			<Property Name="Manufacturer" Type="String">Chin-Shi</Property>
			<Property Name="Name" Type="String">AD8</Property>
			<Property Name="Thickness" Type="DimValue" Dimension="Length">2 mil</Property>
			<Property Name="Description" Type="String">Chin-Shi_AD8;_(1GHz)</Property>
			<Property Name="Note" Type="String">Tg=100C;_Df=0.008</Property>
		</Entity>
		<Entity Id="6bd74f66-498b-4a10-94bc-38ab6d2aa827" TypeId="27d70fdc-4c4e-4774-bfac-7efbb48cde47" RevisionId="213f7ab1-e5f1-4f0d-a19c-886f418396cf" RevisionDate="2021-03-16T04:34:50.4370739Z">
			<Property Name="Constructions" Type="String">RCC_Al_Base_Laminate</Property>
			<Property Name="Resin" Type="DimValue" Dimension="Relative">0</Property>
			<Property Name="Frequency" Type="DimValue" Dimension="Frequency">1GHz</Property>
			<Property Name="DielectricConstant" Type="DimValue" Dimension="Dimensionless">5.7</Property>
			<Property Name="LossTangent" Type="DimValue" Dimension="Dimensionless">0.008</Property>
			<Property Name="GlassTransTemp" Type="DimValue" Dimension="Temperature">100</Property>
			<Property Name="Manufacturer" Type="String">Chin-Shi</Property>
			<Property Name="Name" Type="String">AD8</Property>
			<Property Name="Thickness" Type="DimValue" Dimension="Length">3 mil</Property>
			<Property Name="Description" Type="String">Chin-Shi_AD8;_(1GHz)</Property>
			<Property Name="Note" Type="String">Tg=100C;_Df=0.008</Property>
		</Entity>
		<Entity Id="6bd74f66-498b-4a10-94bc-38ab6d2aa828" TypeId="27d70fdc-4c4e-4774-bfac-7efbb48cde47" RevisionId="213f7ab1-e5f1-4f0d-a19c-886f418396cf" RevisionDate="2021-03-16T04:34:50.4370739Z">
			<Property Name="Constructions" Type="String">RCC_Al_Base_Laminate</Property>
			<Property Name="Resin" Type="DimValue" Dimension="Relative">0</Property>
			<Property Name="Frequency" Type="DimValue" Dimension="Frequency">1GHz</Property>
			<Property Name="DielectricConstant" Type="DimValue" Dimension="Dimensionless">5.7</Property>
			<Property Name="LossTangent" Type="DimValue" Dimension="Dimensionless">0.008</Property>
			<Property Name="GlassTransTemp" Type="DimValue" Dimension="Temperature">100</Property>
			<Property Name="Manufacturer" Type="String">Chin-Shi</Property>
			<Property Name="Name" Type="String">AD8</Property>
			<Property Name="Thickness" Type="DimValue" Dimension="Length">4 mil</Property>
			<Property Name="Description" Type="String">Chin-Shi_AD8;_(1GHz)</Property>
			<Property Name="Note" Type="String">Tg=100C;_Df=0.008</Property>
		</Entity>
		<Entity Id="6bd74f66-498b-4a10-94bc-38ab6d2aa829" TypeId="27d70fdc-4c4e-4774-bfac-7efbb48cde47" RevisionId="213f7ab1-e5f1-4f0d-a19c-886f418396cf" RevisionDate="2021-03-16T04:34:50.4370739Z">
			<Property Name="Constructions" Type="String">RCC_Al_Base_Laminate</Property>
			<Property Name="Resin" Type="DimValue" Dimension="Relative">0</Property>
			<Property Name="Frequency" Type="DimValue" Dimension="Frequency">1GHz</Property>
			<Property Name="DielectricConstant" Type="DimValue" Dimension="Dimensionless">5.7</Property>
			<Property Name="LossTangent" Type="DimValue" Dimension="Dimensionless">0.008</Property>
			<Property Name="GlassTransTemp" Type="DimValue" Dimension="Temperature">100</Property>
			<Property Name="Manufacturer" Type="String">Chin-Shi</Property>
			<Property Name="Name" Type="String">AD8</Property>
			<Property Name="Thickness" Type="DimValue" Dimension="Length">5 mil</Property>
			<Property Name="Description" Type="String">Chin-Shi_AD8;_(1GHz)</Property>
			<Property Name="Note" Type="String">Tg=100C;_Df=0.008</Property>
		</Entity>
		<Entity Id="6bd74f66-498b-4a10-94bc-38ab6d2aa830" TypeId="27d70fdc-4c4e-4774-bfac-7efbb48cde47" RevisionId="213f7ab1-e5f1-4f0d-a19c-886f418396cf" RevisionDate="2021-03-16T04:34:50.4370739Z">
			<Property Name="Constructions" Type="String">RCC_Al_Base_Laminate</Property>
			<Property Name="Resin" Type="DimValue" Dimension="Relative">0</Property>
			<Property Name="Frequency" Type="DimValue" Dimension="Frequency">1GHz</Property>
			<Property Name="DielectricConstant" Type="DimValue" Dimension="Dimensionless">5.7</Property>
			<Property Name="LossTangent" Type="DimValue" Dimension="Dimensionless">0.008</Property>
			<Property Name="GlassTransTemp" Type="DimValue" Dimension="Temperature">100</Property>
			<Property Name="Manufacturer" Type="String">Chin-Shi</Property>
			<Property Name="Name" Type="String">AD8</Property>
			<Property Name="Thickness" Type="DimValue" Dimension="Length">6 mil</Property>
			<Property Name="Description" Type="String">Chin-Shi_AD8;_(1GHz)</Property>
			<Property Name="Note" Type="String">Tg=100C;_Df=0.008</Property>
		</Entity>
		<Entity Id="6bd74f66-498b-4a10-94bc-38ab6d2aa831" TypeId="27d70fdc-4c4e-4774-bfac-7efbb48cde47" RevisionId="213f7ab1-e5f1-4f0d-a19c-886f418396cf" RevisionDate="2021-03-16T04:34:50.4370739Z">
			<Property Name="Constructions" Type="String">RCC_Al_Base_Laminate</Property>
			<Property Name="Resin" Type="DimValue" Dimension="Relative">0</Property>
			<Property Name="Frequency" Type="DimValue" Dimension="Frequency">1GHz</Property>
			<Property Name="DielectricConstant" Type="DimValue" Dimension="Dimensionless">5.7</Property>
			<Property Name="LossTangent" Type="DimValue" Dimension="Dimensionless">0.008</Property>
			<Property Name="GlassTransTemp" Type="DimValue" Dimension="Temperature">100</Property>
			<Property Name="Manufacturer" Type="String">Chin-Shi</Property>
			<Property Name="Name" Type="String">AD8</Property>
			<Property Name="Thickness" Type="DimValue" Dimension="Length">7 mil</Property>
			<Property Name="Description" Type="String">Chin-Shi_AD8;_(1GHz)</Property>
			<Property Name="Note" Type="String">Tg=100C;_Df=0.008</Property>
		</Entity>
		<Entity Id="6bd74f66-498b-4a10-94bc-38ab6d2aa832" TypeId="27d70fdc-4c4e-4774-bfac-7efbb48cde47" RevisionId="213f7ab1-e5f1-4f0d-a19c-886f418396cf" RevisionDate="2021-03-16T04:34:50.4370739Z">
			<Property Name="Constructions" Type="String">RCC_Al_Base_Laminate</Property>
			<Property Name="Resin" Type="DimValue" Dimension="Relative">0</Property>
			<Property Name="Frequency" Type="DimValue" Dimension="Frequency">1GHz</Property>
			<Property Name="DielectricConstant" Type="DimValue" Dimension="Dimensionless">5.7</Property>
			<Property Name="LossTangent" Type="DimValue" Dimension="Dimensionless">0.008</Property>
			<Property Name="GlassTransTemp" Type="DimValue" Dimension="Temperature">100</Property>
			<Property Name="Manufacturer" Type="String">Chin-Shi</Property>
			<Property Name="Name" Type="String">AD8</Property>
			<Property Name="Thickness" Type="DimValue" Dimension="Length">8 mil</Property>
			<Property Name="Description" Type="String">Chin-Shi_AD8;_(1GHz)</Property>
			<Property Name="Note" Type="String">Tg=100C;_Df=0.008</Property>
		</Entity>
		<Entity Id="6bd74f66-498b-4a10-94bc-38ab6d2aa833" TypeId="27d70fdc-4c4e-4774-bfac-7efbb48cde47" RevisionId="213f7ab1-e5f1-4f0d-a19c-886f418396cf" RevisionDate="2021-03-16T04:34:50.4370739Z">
			<Property Name="Constructions" Type="String">RCC_Al_Base_Laminate</Property>
			<Property Name="Resin" Type="DimValue" Dimension="Relative">0</Property>
			<Property Name="Frequency" Type="DimValue" Dimension="Frequency">1MHz</Property>
			<Property Name="DielectricConstant" Type="DimValue" Dimension="Dimensionless">8</Property>
			<Property Name="LossTangent" Type="DimValue" Dimension="Dimensionless">0.005</Property>
			<Property Name="GlassTransTemp" Type="DimValue" Dimension="Temperature">100</Property>
			<Property Name="Manufacturer" Type="String">Chin-Shi</Property>
			<Property Name="Name" Type="String">M9</Property>
			<Property Name="Thickness" Type="DimValue" Dimension="Length">2 mil</Property>
			<Property Name="Description" Type="String">Chin-Shi_M9;(1MHz)</Property>
			<Property Name="Note" Type="String">Tg=100C;_Df=0.005</Property>
		</Entity>
		<Entity Id="6bd74f66-498b-4a10-94bc-38ab6d2aa834" TypeId="27d70fdc-4c4e-4774-bfac-7efbb48cde47" RevisionId="213f7ab1-e5f1-4f0d-a19c-886f418396cf" RevisionDate="2021-03-16T04:34:50.4370739Z">
			<Property Name="Constructions" Type="String">RCC_Al_Base_Laminate</Property>
			<Property Name="Resin" Type="DimValue" Dimension="Relative">0</Property>
			<Property Name="Frequency" Type="DimValue" Dimension="Frequency">1MHz</Property>
			<Property Name="DielectricConstant" Type="DimValue" Dimension="Dimensionless">8</Property>
			<Property Name="LossTangent" Type="DimValue" Dimension="Dimensionless">0.005</Property>
			<Property Name="GlassTransTemp" Type="DimValue" Dimension="Temperature">100</Property>
			<Property Name="Manufacturer" Type="String">Chin-Shi</Property>
			<Property Name="Name" Type="String">M9</Property>
			<Property Name="Thickness" Type="DimValue" Dimension="Length">3 mil</Property>
			<Property Name="Description" Type="String">Chin-Shi_M9;(1MHz)</Property>
			<Property Name="Note" Type="String">Tg=100C;_Df=0.005</Property>
		</Entity>
		<Entity Id="6bd74f66-498b-4a10-94bc-38ab6d2aa835" TypeId="27d70fdc-4c4e-4774-bfac-7efbb48cde47" RevisionId="213f7ab1-e5f1-4f0d-a19c-886f418396cf" RevisionDate="2021-03-16T04:34:50.4370739Z">
			<Property Name="Constructions" Type="String">RCC_Al_Base_Laminate</Property>
			<Property Name="Resin" Type="DimValue" Dimension="Relative">0</Property>
			<Property Name="Frequency" Type="DimValue" Dimension="Frequency">1MHz</Property>
			<Property Name="DielectricConstant" Type="DimValue" Dimension="Dimensionless">8</Property>
			<Property Name="LossTangent" Type="DimValue" Dimension="Dimensionless">0.005</Property>
			<Property Name="GlassTransTemp" Type="DimValue" Dimension="Temperature">100</Property>
			<Property Name="Manufacturer" Type="String">Chin-Shi</Property>
			<Property Name="Name" Type="String">M9</Property>
			<Property Name="Thickness" Type="DimValue" Dimension="Length">4 mil</Property>
			<Property Name="Description" Type="String">Chin-Shi_M9;(1MHz)</Property>
			<Property Name="Note" Type="String">Tg=100C;_Df=0.005</Property>
		</Entity>
		<Entity Id="6bd74f66-498b-4a10-94bc-38ab6d2aa836" TypeId="27d70fdc-4c4e-4774-bfac-7efbb48cde47" RevisionId="213f7ab1-e5f1-4f0d-a19c-886f418396cf" RevisionDate="2021-03-16T04:34:50.4370739Z">
			<Property Name="Constructions" Type="String">RCC_Al_Base_Laminate</Property>
			<Property Name="Resin" Type="DimValue" Dimension="Relative">0</Property>
			<Property Name="Frequency" Type="DimValue" Dimension="Frequency">1MHz</Property>
			<Property Name="DielectricConstant" Type="DimValue" Dimension="Dimensionless">8</Property>
			<Property Name="LossTangent" Type="DimValue" Dimension="Dimensionless">0.005</Property>
			<Property Name="GlassTransTemp" Type="DimValue" Dimension="Temperature">100</Property>
			<Property Name="Manufacturer" Type="String">Chin-Shi</Property>
			<Property Name="Name" Type="String">M9</Property>
			<Property Name="Thickness" Type="DimValue" Dimension="Length">5 mil</Property>
			<Property Name="Description" Type="String">Chin-Shi_M9;(1MHz)</Property>
			<Property Name="Note" Type="String">Tg=100C;_Df=0.005</Property>
		</Entity>
		<Entity Id="6bd74f66-498b-4a10-94bc-38ab6d2aa837" TypeId="27d70fdc-4c4e-4774-bfac-7efbb48cde47" RevisionId="213f7ab1-e5f1-4f0d-a19c-886f418396cf" RevisionDate="2021-03-16T04:34:50.4370739Z">
			<Property Name="Constructions" Type="String">RCC_Al_Base_Laminate</Property>
			<Property Name="Resin" Type="DimValue" Dimension="Relative">0</Property>
			<Property Name="Frequency" Type="DimValue" Dimension="Frequency">1MHz</Property>
			<Property Name="DielectricConstant" Type="DimValue" Dimension="Dimensionless">8</Property>
			<Property Name="LossTangent" Type="DimValue" Dimension="Dimensionless">0.005</Property>
			<Property Name="GlassTransTemp" Type="DimValue" Dimension="Temperature">100</Property>
			<Property Name="Manufacturer" Type="String">Chin-Shi</Property>
			<Property Name="Name" Type="String">M9</Property>
			<Property Name="Thickness" Type="DimValue" Dimension="Length">6 mil</Property>
			<Property Name="Description" Type="String">Chin-Shi_M9;(1MHz)</Property>
			<Property Name="Note" Type="String">Tg=100C;_Df=0.005</Property>
		</Entity>
		<Entity Id="6bd74f66-498b-4a10-94bc-38ab6d2aa838" TypeId="27d70fdc-4c4e-4774-bfac-7efbb48cde47" RevisionId="213f7ab1-e5f1-4f0d-a19c-886f418396cf" RevisionDate="2021-03-16T04:34:50.4370739Z">
			<Property Name="Constructions" Type="String">RCC_Al_Base_Laminate</Property>
			<Property Name="Resin" Type="DimValue" Dimension="Relative">0</Property>
			<Property Name="Frequency" Type="DimValue" Dimension="Frequency">1MHz</Property>
			<Property Name="DielectricConstant" Type="DimValue" Dimension="Dimensionless">8</Property>
			<Property Name="LossTangent" Type="DimValue" Dimension="Dimensionless">0.005</Property>
			<Property Name="GlassTransTemp" Type="DimValue" Dimension="Temperature">100</Property>
			<Property Name="Manufacturer" Type="String">Chin-Shi</Property>
			<Property Name="Name" Type="String">M9</Property>
			<Property Name="Thickness" Type="DimValue" Dimension="Length">7 mil</Property>
			<Property Name="Description" Type="String">Chin-Shi_M9;(1MHz)</Property>
			<Property Name="Note" Type="String">Tg=100C;_Df=0.005</Property>
		</Entity>
		<Entity Id="6bd74f66-498b-4a10-94bc-38ab6d2aa839" TypeId="27d70fdc-4c4e-4774-bfac-7efbb48cde47" RevisionId="213f7ab1-e5f1-4f0d-a19c-886f418396cf" RevisionDate="2021-03-16T04:34:50.4370739Z">
			<Property Name="Constructions" Type="String">RCC_Al_Base_Laminate</Property>
			<Property Name="Resin" Type="DimValue" Dimension="Relative">0</Property>
			<Property Name="Frequency" Type="DimValue" Dimension="Frequency">1MHz</Property>
			<Property Name="DielectricConstant" Type="DimValue" Dimension="Dimensionless">8</Property>
			<Property Name="LossTangent" Type="DimValue" Dimension="Dimensionless">0.005</Property>
			<Property Name="GlassTransTemp" Type="DimValue" Dimension="Temperature">100</Property>
			<Property Name="Manufacturer" Type="String">Chin-Shi</Property>
			<Property Name="Name" Type="String">M9</Property>
			<Property Name="Thickness" Type="DimValue" Dimension="Length">8 mil</Property>
			<Property Name="Description" Type="String">Chin-Shi_M9;(1MHz)</Property>
			<Property Name="Note" Type="String">Tg=100C;_Df=0.005</Property>
		</Entity>
		<Entity Id="6bd74f66-498b-4a10-94bc-38ab6d2aa840" TypeId="27d70fdc-4c4e-4774-bfac-7efbb48cde47" RevisionId="213f7ab1-e5f1-4f0d-a19c-886f418396cf" RevisionDate="2021-03-16T04:34:50.4370739Z">
			<Property Name="Constructions" Type="String">RCC_Al_Base_Laminate</Property>
			<Property Name="Resin" Type="DimValue" Dimension="Relative">0</Property>
			<Property Name="Frequency" Type="DimValue" Dimension="Frequency">1GHz</Property>
			<Property Name="DielectricConstant" Type="DimValue" Dimension="Dimensionless">7.6</Property>
			<Property Name="LossTangent" Type="DimValue" Dimension="Dimensionless">0.003</Property>
			<Property Name="GlassTransTemp" Type="DimValue" Dimension="Temperature">100</Property>
			<Property Name="Manufacturer" Type="String">Chin-Shi</Property>
			<Property Name="Name" Type="String">M9</Property>
			<Property Name="Thickness" Type="DimValue" Dimension="Length">2 mil</Property>
			<Property Name="Description" Type="String">Chin-Shi_M9;_(1GHz)</Property>
			<Property Name="Note" Type="String">Tg=100C;_Df=0.003</Property>
		</Entity>
		<Entity Id="6bd74f66-498b-4a10-94bc-38ab6d2aa841" TypeId="27d70fdc-4c4e-4774-bfac-7efbb48cde47" RevisionId="213f7ab1-e5f1-4f0d-a19c-886f418396cf" RevisionDate="2021-03-16T04:34:50.4370739Z">
			<Property Name="Constructions" Type="String">RCC_Al_Base_Laminate</Property>
			<Property Name="Resin" Type="DimValue" Dimension="Relative">0</Property>
			<Property Name="Frequency" Type="DimValue" Dimension="Frequency">1GHz</Property>
			<Property Name="DielectricConstant" Type="DimValue" Dimension="Dimensionless">7.6</Property>
			<Property Name="LossTangent" Type="DimValue" Dimension="Dimensionless">0.003</Property>
			<Property Name="GlassTransTemp" Type="DimValue" Dimension="Temperature">100</Property>
			<Property Name="Manufacturer" Type="String">Chin-Shi</Property>
			<Property Name="Name" Type="String">M9</Property>
			<Property Name="Thickness" Type="DimValue" Dimension="Length">3 mil</Property>
			<Property Name="Description" Type="String">Chin-Shi_M9;_(1GHz)</Property>
			<Property Name="Note" Type="String">Tg=100C;_Df=0.003</Property>
		</Entity>
		<Entity Id="6bd74f66-498b-4a10-94bc-38ab6d2aa842" TypeId="27d70fdc-4c4e-4774-bfac-7efbb48cde47" RevisionId="213f7ab1-e5f1-4f0d-a19c-886f418396cf" RevisionDate="2021-03-16T04:34:50.4370739Z">
			<Property Name="Constructions" Type="String">RCC_Al_Base_Laminate</Property>
			<Property Name="Resin" Type="DimValue" Dimension="Relative">0</Property>
			<Property Name="Frequency" Type="DimValue" Dimension="Frequency">1GHz</Property>
			<Property Name="DielectricConstant" Type="DimValue" Dimension="Dimensionless">7.6</Property>
			<Property Name="LossTangent" Type="DimValue" Dimension="Dimensionless">0.003</Property>
			<Property Name="GlassTransTemp" Type="DimValue" Dimension="Temperature">100</Property>
			<Property Name="Manufacturer" Type="String">Chin-Shi</Property>
			<Property Name="Name" Type="String">M9</Property>
			<Property Name="Thickness" Type="DimValue" Dimension="Length">4 mil</Property>
			<Property Name="Description" Type="String">Chin-Shi_M9;_(1GHz)</Property>
			<Property Name="Note" Type="String">Tg=100C;_Df=0.003</Property>
		</Entity>
		<Entity Id="6bd74f66-498b-4a10-94bc-38ab6d2aa843" TypeId="27d70fdc-4c4e-4774-bfac-7efbb48cde47" RevisionId="213f7ab1-e5f1-4f0d-a19c-886f418396cf" RevisionDate="2021-03-16T04:34:50.4370739Z">
			<Property Name="Constructions" Type="String">RCC_Al_Base_Laminate</Property>
			<Property Name="Resin" Type="DimValue" Dimension="Relative">0</Property>
			<Property Name="Frequency" Type="DimValue" Dimension="Frequency">1GHz</Property>
			<Property Name="DielectricConstant" Type="DimValue" Dimension="Dimensionless">7.6</Property>
			<Property Name="LossTangent" Type="DimValue" Dimension="Dimensionless">0.003</Property>
			<Property Name="GlassTransTemp" Type="DimValue" Dimension="Temperature">100</Property>
			<Property Name="Manufacturer" Type="String">Chin-Shi</Property>
			<Property Name="Name" Type="String">M9</Property>
			<Property Name="Thickness" Type="DimValue" Dimension="Length">5 mil</Property>
			<Property Name="Description" Type="String">Chin-Shi_M9;_(1GHz)</Property>
			<Property Name="Note" Type="String">Tg=100C;_Df=0.003</Property>
		</Entity>
		<Entity Id="6bd74f66-498b-4a10-94bc-38ab6d2aa844" TypeId="27d70fdc-4c4e-4774-bfac-7efbb48cde47" RevisionId="213f7ab1-e5f1-4f0d-a19c-886f418396cf" RevisionDate="2021-03-16T04:34:50.4370739Z">
			<Property Name="Constructions" Type="String">RCC_Al_Base_Laminate</Property>
			<Property Name="Resin" Type="DimValue" Dimension="Relative">0</Property>
			<Property Name="Frequency" Type="DimValue" Dimension="Frequency">1GHz</Property>
			<Property Name="DielectricConstant" Type="DimValue" Dimension="Dimensionless">7.6</Property>
			<Property Name="LossTangent" Type="DimValue" Dimension="Dimensionless">0.003</Property>
			<Property Name="GlassTransTemp" Type="DimValue" Dimension="Temperature">100</Property>
			<Property Name="Manufacturer" Type="String">Chin-Shi</Property>
			<Property Name="Name" Type="String">M9</Property>
			<Property Name="Thickness" Type="DimValue" Dimension="Length">6 mil</Property>
			<Property Name="Description" Type="String">Chin-Shi_M9;_(1GHz)</Property>
			<Property Name="Note" Type="String">Tg=100C;_Df=0.003</Property>
		</Entity>
		<Entity Id="6bd74f66-498b-4a10-94bc-38ab6d2aa845" TypeId="27d70fdc-4c4e-4774-bfac-7efbb48cde47" RevisionId="213f7ab1-e5f1-4f0d-a19c-886f418396cf" RevisionDate="2021-03-16T04:34:50.4370739Z">
			<Property Name="Constructions" Type="String">RCC_Al_Base_Laminate</Property>
			<Property Name="Resin" Type="DimValue" Dimension="Relative">0</Property>
			<Property Name="Frequency" Type="DimValue" Dimension="Frequency">1GHz</Property>
			<Property Name="DielectricConstant" Type="DimValue" Dimension="Dimensionless">7.6</Property>
			<Property Name="LossTangent" Type="DimValue" Dimension="Dimensionless">0.003</Property>
			<Property Name="GlassTransTemp" Type="DimValue" Dimension="Temperature">100</Property>
			<Property Name="Manufacturer" Type="String">Chin-Shi</Property>
			<Property Name="Name" Type="String">M9</Property>
			<Property Name="Thickness" Type="DimValue" Dimension="Length">7 mil</Property>
			<Property Name="Description" Type="String">Chin-Shi_M9;_(1GHz)</Property>
			<Property Name="Note" Type="String">Tg=100C;_Df=0.003</Property>
		</Entity>
		<Entity Id="6bd74f66-498b-4a10-94bc-38ab6d2aa846" TypeId="27d70fdc-4c4e-4774-bfac-7efbb48cde47" RevisionId="213f7ab1-e5f1-4f0d-a19c-886f418396cf" RevisionDate="2021-03-16T04:34:50.4370739Z">
			<Property Name="Constructions" Type="String">RCC_Al_Base_Laminate</Property>
			<Property Name="Resin" Type="DimValue" Dimension="Relative">0</Property>
			<Property Name="Frequency" Type="DimValue" Dimension="Frequency">1GHz</Property>
			<Property Name="DielectricConstant" Type="DimValue" Dimension="Dimensionless">7.6</Property>
			<Property Name="LossTangent" Type="DimValue" Dimension="Dimensionless">0.003</Property>
			<Property Name="GlassTransTemp" Type="DimValue" Dimension="Temperature">100</Property>
			<Property Name="Manufacturer" Type="String">Chin-Shi</Property>
			<Property Name="Name" Type="String">M9</Property>
			<Property Name="Thickness" Type="DimValue" Dimension="Length">8 mil</Property>
			<Property Name="Description" Type="String">Chin-Shi_M9;_(1GHz)</Property>
			<Property Name="Note" Type="String">Tg=100C;_Df=0.003</Property>
		</Entity>
	</Entities>
	<EntityExtensions />
</ExtensibleLibrary>
