﻿<?xml version="1.0" encoding="UTF-8"?>
<ExtensibleLibrary SerializerVersion="1.1.0.0" LibraryId="304daab4-9f31-485c-9cc0-983beabff0b4" Version="1.1.0.0" xmlns="http://altium.com/ns/Data/ExtensibleLibraries">
	<Types />
	<TypeExtensions />
	<Entities>
		<Entity Id="6bd74f66-498b-4a10-94bc-38ab6d2aaaa3" TypeId="27d70fdc-4c4e-4774-bfac-7efbb48cde47" RevisionId="213f7ab1-e5f1-4f0d-a19c-886f418396cf" RevisionDate="2021-03-16T04:34:50.4370739Z">
			<Property Name="Constructions" Type="String">Insulated_Al_Substrate</Property>
			<Property Name="Resin" Type="DimValue" Dimension="Relative">0</Property>
			<Property Name="Frequency" Type="DimValue" Dimension="Frequency">10KHz</Property>
			<Property Name="DielectricConstant" Type="DimValue" Dimension="Dimensionless">4.5</Property>
			<Property Name="LossTangent" Type="DimValue" Dimension="Dimensionless">0.02</Property>
			<Property Name="GlassTransTemp" Type="DimValue" Dimension="Temperature">90</Property>
			<Property Name="Manufacturer" Type="String">Aismalibar</Property>
			<Property Name="Name" Type="String">Cobritherm_ALCUP</Property>
			<Property Name="Thickness" Type="DimValue" Dimension="Length">4.724409449 mil</Property>
			<Property Name="Description" Type="String">Cobritherm_ALCUP;_Insulated_Al_Substrate;_(10KHz)</Property>
			<Property Name="Note" Type="String">Tg=90C;_Df=0.02</Property>
		</Entity>
		<Entity Id="6bd74f66-498b-4a10-94bc-38ab6d2aaaa4" TypeId="27d70fdc-4c4e-4774-bfac-7efbb48cde47" RevisionId="213f7ab1-e5f1-4f0d-a19c-886f418396cf" RevisionDate="2021-03-16T04:34:50.4370739Z">
			<Property Name="Constructions" Type="String">Insulated_Al_Substrate</Property>
			<Property Name="Resin" Type="DimValue" Dimension="Relative">0</Property>
			<Property Name="Frequency" Type="DimValue" Dimension="Frequency">10KHz</Property>
			<Property Name="DielectricConstant" Type="DimValue" Dimension="Dimensionless">4.5</Property>
			<Property Name="LossTangent" Type="DimValue" Dimension="Dimensionless">0.02</Property>
			<Property Name="GlassTransTemp" Type="DimValue" Dimension="Temperature">90</Property>
			<Property Name="Manufacturer" Type="String">Aismalibar</Property>
			<Property Name="Name" Type="String">Cobritherm_ALCUP-G</Property>
			<Property Name="Thickness" Type="DimValue" Dimension="Length">4.921259843 mil</Property>
			<Property Name="Description" Type="String">Cobritherm_ALCUP-G;_Insulated_Al_Substrate;_(10KHz)</Property>
			<Property Name="Note" Type="String">Tg=90C;_Df=0.02</Property>
		</Entity>
		<Entity Id="6bd74f66-498b-4a10-94bc-38ab6d2aaaa5" TypeId="27d70fdc-4c4e-4774-bfac-7efbb48cde47" RevisionId="213f7ab1-e5f1-4f0d-a19c-886f418396cf" RevisionDate="2021-03-16T04:34:50.4370739Z">
			<Property Name="Constructions" Type="String">Insulated_Al_Substrate</Property>
			<Property Name="Resin" Type="DimValue" Dimension="Relative">0</Property>
			<Property Name="Frequency" Type="DimValue" Dimension="Frequency">10KHz</Property>
			<Property Name="DielectricConstant" Type="DimValue" Dimension="Dimensionless">4.5</Property>
			<Property Name="LossTangent" Type="DimValue" Dimension="Dimensionless">0.02</Property>
			<Property Name="GlassTransTemp" Type="DimValue" Dimension="Temperature">90</Property>
			<Property Name="Manufacturer" Type="String">Aismalibar</Property>
			<Property Name="Name" Type="String">Cobritherm_HTC_2W</Property>
			<Property Name="Thickness" Type="DimValue" Dimension="Length">5.118110236 mil</Property>
			<Property Name="Description" Type="String">Cobritherm_HTC_2W;_Insulated_Al_Substrate;_(10KHz)</Property>
			<Property Name="Note" Type="String">Tg=90C;_Df=0.02</Property>
		</Entity>
	</Entities>
	<EntityExtensions />
</ExtensibleLibrary>
