﻿<?xml version="1.0" encoding="UTF-8"?>
<ExtensibleLibrary SerializerVersion="1.1.0.0" LibraryId="304daab4-9f31-485c-9cc0-983beabff0b4" Version="1.1.0.0" xmlns="http://altium.com/ns/Data/ExtensibleLibraries">
	<Types />
	<TypeExtensions />
	<Entities>
		<Entity Id="6bd74f66-498b-4a10-94bc-38ab6d2a3000" TypeId="27d70fdc-4c4e-4774-bfac-7efbb48cde47" RevisionId="213f7ab1-e5f1-4f0d-a19c-886f418396cf" RevisionDate="2021-03-16T04:34:50.4370739Z">
			<Property Name="Constructions" Type="String">Cu_Polyester_Laminates</Property>
			<Property Name="Resin" Type="DimValue" Dimension="Relative">0</Property>
			<Property Name="Frequency" Type="DimValue" Dimension="Frequency">1MHz</Property>
			<Property Name="DielectricConstant" Type="DimValue" Dimension="Dimensionless">3.2</Property>
			<Property Name="LossTangent" Type="DimValue" Dimension="Dimensionless">0.01</Property>
			<Property Name="GlassTransTemp" Type="DimValue" Dimension="Temperature">0</Property>
			<Property Name="Manufacturer" Type="String">GTS_Flexible_Materials</Property>
			<Property Name="Name" Type="String">Ultraflex_GTS_5500</Property>
			<Property Name="Thickness" Type="DimValue" Dimension="Length">0.472440945 mil</Property>
			<Property Name="Description" Type="String">Ultraflex_GTS_5500;_(1MHz)</Property>
			<Property Name="Note" Type="String">Df=0.01</Property>
		</Entity>
		<Entity Id="6bd74f66-498b-4a10-94bc-38ab6d2a3001" TypeId="27d70fdc-4c4e-4774-bfac-7efbb48cde47" RevisionId="213f7ab1-e5f1-4f0d-a19c-886f418396cf" RevisionDate="2021-03-16T04:34:50.4370739Z">
			<Property Name="Constructions" Type="String">Cu_Polyester_Laminates</Property>
			<Property Name="Resin" Type="DimValue" Dimension="Relative">0</Property>
			<Property Name="Frequency" Type="DimValue" Dimension="Frequency">1MHz</Property>
			<Property Name="DielectricConstant" Type="DimValue" Dimension="Dimensionless">3.2</Property>
			<Property Name="LossTangent" Type="DimValue" Dimension="Dimensionless">0.01</Property>
			<Property Name="GlassTransTemp" Type="DimValue" Dimension="Temperature">0</Property>
			<Property Name="Manufacturer" Type="String">GTS_Flexible_Materials</Property>
			<Property Name="Name" Type="String">Ultraflex_GTS_5500</Property>
			<Property Name="Thickness" Type="DimValue" Dimension="Length">0.984251969 mil</Property>
			<Property Name="Description" Type="String">Ultraflex_GTS_5500;_(1MHz)</Property>
			<Property Name="Note" Type="String">Df=0.01</Property>
		</Entity>
		<Entity Id="6bd74f66-498b-4a10-94bc-38ab6d2a3002" TypeId="27d70fdc-4c4e-4774-bfac-7efbb48cde47" RevisionId="213f7ab1-e5f1-4f0d-a19c-886f418396cf" RevisionDate="2021-03-16T04:34:50.4370739Z">
			<Property Name="Constructions" Type="String">Cu_Polyester_Laminates</Property>
			<Property Name="Resin" Type="DimValue" Dimension="Relative">0</Property>
			<Property Name="Frequency" Type="DimValue" Dimension="Frequency">1MHz</Property>
			<Property Name="DielectricConstant" Type="DimValue" Dimension="Dimensionless">3.2</Property>
			<Property Name="LossTangent" Type="DimValue" Dimension="Dimensionless">0.01</Property>
			<Property Name="GlassTransTemp" Type="DimValue" Dimension="Temperature">0</Property>
			<Property Name="Manufacturer" Type="String">GTS_Flexible_Materials</Property>
			<Property Name="Name" Type="String">Ultraflex_GTS_5500</Property>
			<Property Name="Thickness" Type="DimValue" Dimension="Length">1.968503937 mil</Property>
			<Property Name="Description" Type="String">Ultraflex_GTS_5500;_(1MHz)</Property>
			<Property Name="Note" Type="String">Df=0.01</Property>
		</Entity>
		<Entity Id="6bd74f66-498b-4a10-94bc-38ab6d2a3003" TypeId="27d70fdc-4c4e-4774-bfac-7efbb48cde47" RevisionId="213f7ab1-e5f1-4f0d-a19c-886f418396cf" RevisionDate="2021-03-16T04:34:50.4370739Z">
			<Property Name="Constructions" Type="String">Cu_Polyester_Laminates</Property>
			<Property Name="Resin" Type="DimValue" Dimension="Relative">0</Property>
			<Property Name="Frequency" Type="DimValue" Dimension="Frequency">1MHz</Property>
			<Property Name="DielectricConstant" Type="DimValue" Dimension="Dimensionless">3.2</Property>
			<Property Name="LossTangent" Type="DimValue" Dimension="Dimensionless">0.01</Property>
			<Property Name="GlassTransTemp" Type="DimValue" Dimension="Temperature">0</Property>
			<Property Name="Manufacturer" Type="String">GTS_Flexible_Materials</Property>
			<Property Name="Name" Type="String">Ultraflex_GTS_5500</Property>
			<Property Name="Thickness" Type="DimValue" Dimension="Length">2.952755906 mil</Property>
			<Property Name="Description" Type="String">Ultraflex_GTS_5500:_(1MHz)</Property>
			<Property Name="Note" Type="String">Df=0.01</Property>
		</Entity>
		<Entity Id="6bd74f66-498b-4a10-94bc-38ab6d2a3004" TypeId="27d70fdc-4c4e-4774-bfac-7efbb48cde47" RevisionId="213f7ab1-e5f1-4f0d-a19c-886f418396cf" RevisionDate="2021-03-16T04:34:50.4370739Z">
			<Property Name="Constructions" Type="String">Cu_Polyester_Laminates</Property>
			<Property Name="Resin" Type="DimValue" Dimension="Relative">0</Property>
			<Property Name="Frequency" Type="DimValue" Dimension="Frequency">1MHz</Property>
			<Property Name="DielectricConstant" Type="DimValue" Dimension="Dimensionless">3.2</Property>
			<Property Name="LossTangent" Type="DimValue" Dimension="Dimensionless">0.01</Property>
			<Property Name="GlassTransTemp" Type="DimValue" Dimension="Temperature">0</Property>
			<Property Name="Manufacturer" Type="String">GTS_Flexible_Materials</Property>
			<Property Name="Name" Type="String">Ultraflex_GTS_5500</Property>
			<Property Name="Thickness" Type="DimValue" Dimension="Length">3.937007874 mil</Property>
			<Property Name="Description" Type="String">Ultraflex_GTS_5500:_(1MHz)</Property>
			<Property Name="Note" Type="String">Df=0.01</Property>
		</Entity>
		<Entity Id="6bd74f66-498b-4a10-94bc-38ab6d2a3005" TypeId="27d70fdc-4c4e-4774-bfac-7efbb48cde47" RevisionId="213f7ab1-e5f1-4f0d-a19c-886f418396cf" RevisionDate="2021-03-16T04:34:50.4370739Z">
			<Property Name="Constructions" Type="String">Cu_Polyester_Laminates</Property>
			<Property Name="Resin" Type="DimValue" Dimension="Relative">0</Property>
			<Property Name="Frequency" Type="DimValue" Dimension="Frequency">1MHz</Property>
			<Property Name="DielectricConstant" Type="DimValue" Dimension="Dimensionless">3.2</Property>
			<Property Name="LossTangent" Type="DimValue" Dimension="Dimensionless">0.01</Property>
			<Property Name="GlassTransTemp" Type="DimValue" Dimension="Temperature">0</Property>
			<Property Name="Manufacturer" Type="String">GTS_Flexible_Materials</Property>
			<Property Name="Name" Type="String">Ultraflex_GTS_5500</Property>
			<Property Name="Thickness" Type="DimValue" Dimension="Length">4.921259843 mil</Property>
			<Property Name="Description" Type="String">Ultraflex_GTS_5500:_(1MHz)</Property>
			<Property Name="Note" Type="String">Df=0.01</Property>
		</Entity>
		<Entity Id="6bd74f66-498b-4a10-94bc-38ab6d2a3006" TypeId="27d70fdc-4c4e-4774-bfac-7efbb48cde47" RevisionId="213f7ab1-e5f1-4f0d-a19c-886f418396cf" RevisionDate="2021-03-16T04:34:50.4370739Z">
			<Property Name="Constructions" Type="String">Cu_Polyester_Laminates</Property>
			<Property Name="Resin" Type="DimValue" Dimension="Relative">0</Property>
			<Property Name="Frequency" Type="DimValue" Dimension="Frequency">1MHz</Property>
			<Property Name="DielectricConstant" Type="DimValue" Dimension="Dimensionless">3.5</Property>
			<Property Name="LossTangent" Type="DimValue" Dimension="Dimensionless">0.02</Property>
			<Property Name="GlassTransTemp" Type="DimValue" Dimension="Temperature">0</Property>
			<Property Name="Manufacturer" Type="String">GTS_Flexible_Materials</Property>
			<Property Name="Name" Type="String">Ultraflex_GTS_7800</Property>
			<Property Name="Thickness" Type="DimValue" Dimension="Length">0.472440945 mil</Property>
			<Property Name="Description" Type="String">Ultraflex_GTS_7800:_(1MHz)</Property>
			<Property Name="Note" Type="String">Df=0.02</Property>
		</Entity>
		<Entity Id="6bd74f66-498b-4a10-94bc-38ab6d2a3007" TypeId="27d70fdc-4c4e-4774-bfac-7efbb48cde47" RevisionId="213f7ab1-e5f1-4f0d-a19c-886f418396cf" RevisionDate="2021-03-16T04:34:50.4370739Z">
			<Property Name="Constructions" Type="String">Cu_Polyester_Laminates</Property>
			<Property Name="Resin" Type="DimValue" Dimension="Relative">0</Property>
			<Property Name="Frequency" Type="DimValue" Dimension="Frequency">1MHz</Property>
			<Property Name="DielectricConstant" Type="DimValue" Dimension="Dimensionless">3.5</Property>
			<Property Name="LossTangent" Type="DimValue" Dimension="Dimensionless">0.02</Property>
			<Property Name="GlassTransTemp" Type="DimValue" Dimension="Temperature">0</Property>
			<Property Name="Manufacturer" Type="String">GTS_Flexible_Materials</Property>
			<Property Name="Name" Type="String">Ultraflex_GTS_7800</Property>
			<Property Name="Thickness" Type="DimValue" Dimension="Length">0.984251969 mil</Property>
			<Property Name="Description" Type="String">Ultraflex_GTS_7800:_(1MHz)</Property>
			<Property Name="Note" Type="String">Df=0.02</Property>
		</Entity>
		<Entity Id="6bd74f66-498b-4a10-94bc-38ab6d2a3008" TypeId="27d70fdc-4c4e-4774-bfac-7efbb48cde47" RevisionId="213f7ab1-e5f1-4f0d-a19c-886f418396cf" RevisionDate="2021-03-16T04:34:50.4370739Z">
			<Property Name="Constructions" Type="String">Cu_Polyester_Laminates</Property>
			<Property Name="Resin" Type="DimValue" Dimension="Relative">0</Property>
			<Property Name="Frequency" Type="DimValue" Dimension="Frequency">1MHz</Property>
			<Property Name="DielectricConstant" Type="DimValue" Dimension="Dimensionless">3.5</Property>
			<Property Name="LossTangent" Type="DimValue" Dimension="Dimensionless">0.02</Property>
			<Property Name="GlassTransTemp" Type="DimValue" Dimension="Temperature">0</Property>
			<Property Name="Manufacturer" Type="String">GTS_Flexible_Materials</Property>
			<Property Name="Name" Type="String">Ultraflex_GTS_7800</Property>
			<Property Name="Thickness" Type="DimValue" Dimension="Length">1.968503937 mil</Property>
			<Property Name="Description" Type="String">Ultraflex_GTS_7800:_(1MHz)</Property>
			<Property Name="Note" Type="String">Df=0.02</Property>
		</Entity>
		<Entity Id="6bd74f66-498b-4a10-94bc-38ab6d2a3009" TypeId="27d70fdc-4c4e-4774-bfac-7efbb48cde47" RevisionId="213f7ab1-e5f1-4f0d-a19c-886f418396cf" RevisionDate="2021-03-16T04:34:50.4370739Z">
			<Property Name="Constructions" Type="String">Cu_Polyester_Laminates</Property>
			<Property Name="Resin" Type="DimValue" Dimension="Relative">0</Property>
			<Property Name="Frequency" Type="DimValue" Dimension="Frequency">1MHz</Property>
			<Property Name="DielectricConstant" Type="DimValue" Dimension="Dimensionless">3.5</Property>
			<Property Name="LossTangent" Type="DimValue" Dimension="Dimensionless">0.02</Property>
			<Property Name="GlassTransTemp" Type="DimValue" Dimension="Temperature">0</Property>
			<Property Name="Manufacturer" Type="String">GTS_Flexible_Materials</Property>
			<Property Name="Name" Type="String">Ultraflex_GTS_7800</Property>
			<Property Name="Thickness" Type="DimValue" Dimension="Length">2.952755906 mil</Property>
			<Property Name="Description" Type="String">Ultraflex_GTS_7800:_(1MHz)</Property>
			<Property Name="Note" Type="String">Df=0.02</Property>
		</Entity>
		<Entity Id="6bd74f66-498b-4a10-94bc-38ab6d2a3010" TypeId="27d70fdc-4c4e-4774-bfac-7efbb48cde47" RevisionId="213f7ab1-e5f1-4f0d-a19c-886f418396cf" RevisionDate="2021-03-16T04:34:50.4370739Z">
			<Property Name="Constructions" Type="String">Cu_Polyester_Laminates</Property>
			<Property Name="Resin" Type="DimValue" Dimension="Relative">0</Property>
			<Property Name="Frequency" Type="DimValue" Dimension="Frequency">1MHz</Property>
			<Property Name="DielectricConstant" Type="DimValue" Dimension="Dimensionless">3.5</Property>
			<Property Name="LossTangent" Type="DimValue" Dimension="Dimensionless">0.02</Property>
			<Property Name="GlassTransTemp" Type="DimValue" Dimension="Temperature">0</Property>
			<Property Name="Manufacturer" Type="String">GTS_Flexible_Materials</Property>
			<Property Name="Name" Type="String">Ultraflex_GTS_7800</Property>
			<Property Name="Thickness" Type="DimValue" Dimension="Length">4.921259843 mil</Property>
			<Property Name="Description" Type="String">Ultraflex_GTS_7800:_(1MHz)</Property>
			<Property Name="Note" Type="String">Df=0.02</Property>
		</Entity>
	</Entities>
	<EntityExtensions />
</ExtensibleLibrary>
