﻿<?xml version="1.0" encoding="UTF-8"?>
<ExtensibleLibrary SerializerVersion="1.1.0.0" LibraryId="304daab4-9f31-485c-9cc0-983beabff0b4" Version="1.1.0.0" xmlns="http://altium.com/ns/Data/ExtensibleLibraries">
	<Types />
	<TypeExtensions />
	<Entities>
		<Entity Id="6bd74f66-498b-4a10-94bc-38ab6d210442" TypeId="27d70fdc-4c4e-4774-bfac-7efbb48cde47" RevisionId="213f7ab1-e5f1-4f0d-a19c-886f418396cf" RevisionDate="2021-03-16T04:34:50.4370739Z">
			<Property Name="Constructions" Type="String">Metal_Base_Laminate</Property>
			<Property Name="Resin" Type="DimValue" Dimension="Relative">0</Property>
			<Property Name="Frequency" Type="DimValue" Dimension="Frequency">1MHz</Property>
			<Property Name="DielectricConstant" Type="DimValue" Dimension="Dimensionless">4.8</Property>
			<Property Name="LossTangent" Type="DimValue" Dimension="Dimensionless">0.018</Property>
			<Property Name="GlassTransTemp" Type="DimValue" Dimension="Temperature">100</Property>
			<Property Name="Manufacturer" Type="String">ITEC</Property>
			<Property Name="Name" Type="String">IT-859GTA</Property>
			<Property Name="Thickness" Type="DimValue" Dimension="Length">23.6 mil</Property>
			<Property Name="Description" Type="String">IT-859GTA;_Metal_Base_Laminate;_(1MHz)</Property>
			<Property Name="Note" Type="String">Tg=100C;_Df=0.018</Property>
		</Entity>
		<Entity Id="6bd74f66-498b-4a10-94bc-38ab6d210443" TypeId="27d70fdc-4c4e-4774-bfac-7efbb48cde47" RevisionId="213f7ab1-e5f1-4f0d-a19c-886f418396cf" RevisionDate="2021-03-16T04:34:50.4370739Z">
			<Property Name="Constructions" Type="String">Metal_Base_Laminate</Property>
			<Property Name="Resin" Type="DimValue" Dimension="Relative">0</Property>
			<Property Name="Frequency" Type="DimValue" Dimension="Frequency">1MHz</Property>
			<Property Name="DielectricConstant" Type="DimValue" Dimension="Dimensionless">4.8</Property>
			<Property Name="LossTangent" Type="DimValue" Dimension="Dimensionless">0.018</Property>
			<Property Name="GlassTransTemp" Type="DimValue" Dimension="Temperature">100</Property>
			<Property Name="Manufacturer" Type="String">ITEC</Property>
			<Property Name="Name" Type="String">IT-859GTA</Property>
			<Property Name="Thickness" Type="DimValue" Dimension="Length">118.1 mil</Property>
			<Property Name="Description" Type="String">IT-859GTA;_Metal_Base_Laminate;_(1MHz)</Property>
			<Property Name="Note" Type="String">Tg=100C;_Df=0.018</Property>
		</Entity>
	</Entities>
	<EntityExtensions />
</ExtensibleLibrary>
