﻿<?xml version="1.0" encoding="UTF-8"?>
<ExtensibleLibrary SerializerVersion="1.1.0.0" LibraryId="304daab4-9f31-485c-9cc0-983beabff0b4" Version="1.1.0.0" xmlns="http://altium.com/ns/Data/ExtensibleLibraries">
	<Types />
	<TypeExtensions />
	<Entities>
		<Entity Id="6bd74f66-498b-4a10-94bc-38ab6d2aa537" TypeId="27d70fdc-4c4e-4774-bfac-7efbb48cde47" RevisionId="213f7ab1-e5f1-4f0d-a19c-886f418396cf" RevisionDate="2021-03-16T04:34:50.4370739Z">
			<Property Name="Constructions" Type="String">Glass_PTFE_Ceramic</Property>
			<Property Name="Resin" Type="DimValue" Dimension="Relative">0</Property>
			<Property Name="Frequency" Type="DimValue" Dimension="Frequency">10GHz</Property>
			<Property Name="DielectricConstant" Type="DimValue" Dimension="Dimensionless">2.75</Property>
			<Property Name="LossTangent" Type="DimValue" Dimension="Dimensionless">0.0012</Property>
			<Property Name="GlassTransTemp" Type="DimValue" Dimension="Temperature">0</Property>
			<Property Name="Manufacturer" Type="String">Ar10n/Rogers</Property>
			<Property Name="Name" Type="String">CLTE</Property>
			<Property Name="Thickness" Type="DimValue" Dimension="Length">3 mil</Property>
			<Property Name="Description" Type="String">CLTE;_Glass_PTFE_Ceramic;_(10GHz)</Property>
			<Property Name="Note" Type="String">Df=0.0012</Property>
		</Entity>
		<Entity Id="6bd74f66-498b-4a10-94bc-38ab6d2aa538" TypeId="27d70fdc-4c4e-4774-bfac-7efbb48cde47" RevisionId="213f7ab1-e5f1-4f0d-a19c-886f418396cf" RevisionDate="2021-03-16T04:34:50.4370739Z">
			<Property Name="Constructions" Type="String">Glass_PTFE_Ceramic</Property>
			<Property Name="Resin" Type="DimValue" Dimension="Relative">0</Property>
			<Property Name="Frequency" Type="DimValue" Dimension="Frequency">10GHz</Property>
			<Property Name="DielectricConstant" Type="DimValue" Dimension="Dimensionless">2.85</Property>
			<Property Name="LossTangent" Type="DimValue" Dimension="Dimensionless">0.0012</Property>
			<Property Name="GlassTransTemp" Type="DimValue" Dimension="Temperature">0</Property>
			<Property Name="Manufacturer" Type="String">Ar10n/Rogers</Property>
			<Property Name="Name" Type="String">CLTE</Property>
			<Property Name="Thickness" Type="DimValue" Dimension="Length">5.3 mil</Property>
			<Property Name="Description" Type="String">CLTE;_Glass_PTFE_Ceramic;_(10GHz)</Property>
			<Property Name="Note" Type="String">Df=0.0012</Property>
		</Entity>
		<Entity Id="6bd74f66-498b-4a10-94bc-38ab6d2aa539" TypeId="27d70fdc-4c4e-4774-bfac-7efbb48cde47" RevisionId="213f7ab1-e5f1-4f0d-a19c-886f418396cf" RevisionDate="2021-03-16T04:34:50.4370739Z">
			<Property Name="Constructions" Type="String">Glass_PTFE_Ceramic</Property>
			<Property Name="Resin" Type="DimValue" Dimension="Relative">0</Property>
			<Property Name="Frequency" Type="DimValue" Dimension="Frequency">10GHz</Property>
			<Property Name="DielectricConstant" Type="DimValue" Dimension="Dimensionless">2.94</Property>
			<Property Name="LossTangent" Type="DimValue" Dimension="Dimensionless">0.0012</Property>
			<Property Name="GlassTransTemp" Type="DimValue" Dimension="Temperature">0</Property>
			<Property Name="Manufacturer" Type="String">Ar10n/Rogers</Property>
			<Property Name="Name" Type="String">CLTE</Property>
			<Property Name="Thickness" Type="DimValue" Dimension="Length">10 mil</Property>
			<Property Name="Description" Type="String">CLTE;_Glass_PTFE_Ceramic;_(10GHz)</Property>
			<Property Name="Note" Type="String">Df=0.0012</Property>
		</Entity>
		<Entity Id="6bd74f66-498b-4a10-94bc-38ab6d2aa540" TypeId="27d70fdc-4c4e-4774-bfac-7efbb48cde47" RevisionId="213f7ab1-e5f1-4f0d-a19c-886f418396cf" RevisionDate="2021-03-16T04:34:50.4370739Z">
			<Property Name="Constructions" Type="String">Glass_PTFE_Ceramic</Property>
			<Property Name="Resin" Type="DimValue" Dimension="Relative">0</Property>
			<Property Name="Frequency" Type="DimValue" Dimension="Frequency">10GHz</Property>
			<Property Name="DielectricConstant" Type="DimValue" Dimension="Dimensionless">2.95</Property>
			<Property Name="LossTangent" Type="DimValue" Dimension="Dimensionless">0.0012</Property>
			<Property Name="GlassTransTemp" Type="DimValue" Dimension="Temperature">0</Property>
			<Property Name="Manufacturer" Type="String">Ar10n/Rogers</Property>
			<Property Name="Name" Type="String">CLTE</Property>
			<Property Name="Thickness" Type="DimValue" Dimension="Length">15 mil</Property>
			<Property Name="Description" Type="String">CLTE;_Glass_PTFE_Ceramic;_(10GHz)</Property>
			<Property Name="Note" Type="String">Df=0.0012</Property>
		</Entity>
		<Entity Id="6bd74f66-498b-4a10-94bc-38ab6d2aa541" TypeId="27d70fdc-4c4e-4774-bfac-7efbb48cde47" RevisionId="213f7ab1-e5f1-4f0d-a19c-886f418396cf" RevisionDate="2021-03-16T04:34:50.4370739Z">
			<Property Name="Constructions" Type="String">Glass_PTFE_Ceramic</Property>
			<Property Name="Resin" Type="DimValue" Dimension="Relative">0</Property>
			<Property Name="Frequency" Type="DimValue" Dimension="Frequency">10GHz</Property>
			<Property Name="DielectricConstant" Type="DimValue" Dimension="Dimensionless">2.96</Property>
			<Property Name="LossTangent" Type="DimValue" Dimension="Dimensionless">0.0012</Property>
			<Property Name="GlassTransTemp" Type="DimValue" Dimension="Temperature">0</Property>
			<Property Name="Manufacturer" Type="String">Ar10n/Rogers</Property>
			<Property Name="Name" Type="String">CLTE</Property>
			<Property Name="Thickness" Type="DimValue" Dimension="Length">20 mil</Property>
			<Property Name="Description" Type="String">CLTE;_Glass_PTFE_Ceramic;_(10GHz)</Property>
			<Property Name="Note" Type="String">Df=0.0012</Property>
		</Entity>
		<Entity Id="6bd74f66-498b-4a10-94bc-38ab6d2aa542" TypeId="27d70fdc-4c4e-4774-bfac-7efbb48cde47" RevisionId="213f7ab1-e5f1-4f0d-a19c-886f418396cf" RevisionDate="2021-03-16T04:34:50.4370739Z">
			<Property Name="Constructions" Type="String">Glass_PTFE_Ceramic</Property>
			<Property Name="Resin" Type="DimValue" Dimension="Relative">0</Property>
			<Property Name="Frequency" Type="DimValue" Dimension="Frequency">10GHz</Property>
			<Property Name="DielectricConstant" Type="DimValue" Dimension="Dimensionless">2.97</Property>
			<Property Name="LossTangent" Type="DimValue" Dimension="Dimensionless">0.0012</Property>
			<Property Name="GlassTransTemp" Type="DimValue" Dimension="Temperature">0</Property>
			<Property Name="Manufacturer" Type="String">Ar10n/Rogers</Property>
			<Property Name="Name" Type="String">CLTE</Property>
			<Property Name="Thickness" Type="DimValue" Dimension="Length">24 mil</Property>
			<Property Name="Description" Type="String">CLTE;_Glass_PTFE_Ceramic;_(10GHz)</Property>
			<Property Name="Note" Type="String">Df=0.0012</Property>
		</Entity>
		<Entity Id="6bd74f66-498b-4a10-94bc-38ab6d2aa543" TypeId="27d70fdc-4c4e-4774-bfac-7efbb48cde47" RevisionId="213f7ab1-e5f1-4f0d-a19c-886f418396cf" RevisionDate="2021-03-16T04:34:50.4370739Z">
			<Property Name="Constructions" Type="String">Glass_PTFE_Ceramic</Property>
			<Property Name="Resin" Type="DimValue" Dimension="Relative">0</Property>
			<Property Name="Frequency" Type="DimValue" Dimension="Frequency">10GHz</Property>
			<Property Name="DielectricConstant" Type="DimValue" Dimension="Dimensionless">2.98</Property>
			<Property Name="LossTangent" Type="DimValue" Dimension="Dimensionless">0.0012</Property>
			<Property Name="GlassTransTemp" Type="DimValue" Dimension="Temperature">0</Property>
			<Property Name="Manufacturer" Type="String">Ar10n/Rogers</Property>
			<Property Name="Name" Type="String">CLTE</Property>
			<Property Name="Thickness" Type="DimValue" Dimension="Length">31 mil</Property>
			<Property Name="Description" Type="String">CLTE;_Glass_PTFE_Ceramic;_(10GHz)</Property>
			<Property Name="Note" Type="String">Df=0.0012</Property>
		</Entity>
		<Entity Id="6bd74f66-498b-4a10-94bc-38ab6d2aa544" TypeId="27d70fdc-4c4e-4774-bfac-7efbb48cde47" RevisionId="213f7ab1-e5f1-4f0d-a19c-886f418396cf" RevisionDate="2021-03-16T04:34:50.4370739Z">
			<Property Name="Constructions" Type="String">Glass_PTFE_Ceramic</Property>
			<Property Name="Resin" Type="DimValue" Dimension="Relative">0</Property>
			<Property Name="Frequency" Type="DimValue" Dimension="Frequency">10GHz</Property>
			<Property Name="DielectricConstant" Type="DimValue" Dimension="Dimensionless">2.98</Property>
			<Property Name="LossTangent" Type="DimValue" Dimension="Dimensionless">0.0012</Property>
			<Property Name="GlassTransTemp" Type="DimValue" Dimension="Temperature">0</Property>
			<Property Name="Manufacturer" Type="String">Ar10n/Rogers</Property>
			<Property Name="Name" Type="String">CLTE</Property>
			<Property Name="Thickness" Type="DimValue" Dimension="Length">40 mil</Property>
			<Property Name="Description" Type="String">CLTE;_Glass_PTFE_Ceramic;_(10GHz)</Property>
			<Property Name="Note" Type="String">Df=0.0012</Property>
		</Entity>
		<Entity Id="6bd74f66-498b-4a10-94bc-38ab6d2aa545" TypeId="27d70fdc-4c4e-4774-bfac-7efbb48cde47" RevisionId="213f7ab1-e5f1-4f0d-a19c-886f418396cf" RevisionDate="2021-03-16T04:34:50.4370739Z">
			<Property Name="Constructions" Type="String">Glass_PTFE_Ceramic</Property>
			<Property Name="Resin" Type="DimValue" Dimension="Relative">0</Property>
			<Property Name="Frequency" Type="DimValue" Dimension="Frequency">10GHz</Property>
			<Property Name="DielectricConstant" Type="DimValue" Dimension="Dimensionless">2.98</Property>
			<Property Name="LossTangent" Type="DimValue" Dimension="Dimensionless">0.0012</Property>
			<Property Name="GlassTransTemp" Type="DimValue" Dimension="Temperature">0</Property>
			<Property Name="Manufacturer" Type="String">Ar10n/Rogers</Property>
			<Property Name="Name" Type="String">CLTE</Property>
			<Property Name="Thickness" Type="DimValue" Dimension="Length">47 mil</Property>
			<Property Name="Description" Type="String">CLTE;_Glass_PTFE_Ceramic;_(10GHz)</Property>
			<Property Name="Note" Type="String">Df=0.0012</Property>
		</Entity>
		<Entity Id="6bd74f66-498b-4a10-94bc-38ab6d2aa546" TypeId="27d70fdc-4c4e-4774-bfac-7efbb48cde47" RevisionId="213f7ab1-e5f1-4f0d-a19c-886f418396cf" RevisionDate="2021-03-16T04:34:50.4370739Z">
			<Property Name="Constructions" Type="String">Glass_PTFE_Ceramic</Property>
			<Property Name="Resin" Type="DimValue" Dimension="Relative">0</Property>
			<Property Name="Frequency" Type="DimValue" Dimension="Frequency">10GHz</Property>
			<Property Name="DielectricConstant" Type="DimValue" Dimension="Dimensionless">2.98</Property>
			<Property Name="LossTangent" Type="DimValue" Dimension="Dimensionless">0.0012</Property>
			<Property Name="GlassTransTemp" Type="DimValue" Dimension="Temperature">0</Property>
			<Property Name="Manufacturer" Type="String">Ar10n/Rogers</Property>
			<Property Name="Name" Type="String">CLTE</Property>
			<Property Name="Thickness" Type="DimValue" Dimension="Length">62 mil</Property>
			<Property Name="Description" Type="String">CLTE;_Glass_PTFE_Ceramic;_(10GHz)</Property>
			<Property Name="Note" Type="String">Df=0.0012</Property>
		</Entity>
		<Entity Id="6bd74f66-498b-4a10-94bc-38ab6d2aa547" TypeId="27d70fdc-4c4e-4774-bfac-7efbb48cde47" RevisionId="213f7ab1-e5f1-4f0d-a19c-886f418396cf" RevisionDate="2021-03-16T04:34:50.4370739Z">
			<Property Name="Constructions" Type="String">Glass_PTFE_Ceramic</Property>
			<Property Name="Resin" Type="DimValue" Dimension="Relative">0</Property>
			<Property Name="Frequency" Type="DimValue" Dimension="Frequency">10GHz</Property>
			<Property Name="DielectricConstant" Type="DimValue" Dimension="Dimensionless">2.98</Property>
			<Property Name="LossTangent" Type="DimValue" Dimension="Dimensionless">0.0012</Property>
			<Property Name="GlassTransTemp" Type="DimValue" Dimension="Temperature">0</Property>
			<Property Name="Manufacturer" Type="String">Ar10n/Rogers</Property>
			<Property Name="Name" Type="String">CLTE</Property>
			<Property Name="Thickness" Type="DimValue" Dimension="Length">93 mil</Property>
			<Property Name="Description" Type="String">CLTE;_Glass_PTFE_Ceramic;_(10GHz)</Property>
			<Property Name="Note" Type="String">Df=0.0012</Property>
		</Entity>
		<Entity Id="6bd74f66-498b-4a10-94bc-38ab6d2aa548" TypeId="27d70fdc-4c4e-4774-bfac-7efbb48cde47" RevisionId="213f7ab1-e5f1-4f0d-a19c-886f418396cf" RevisionDate="2021-03-16T04:34:50.4370739Z">
			<Property Name="Constructions" Type="String">Glass_PTFE_Ceramic</Property>
			<Property Name="Resin" Type="DimValue" Dimension="Relative">0</Property>
			<Property Name="Frequency" Type="DimValue" Dimension="Frequency">10GHz</Property>
			<Property Name="DielectricConstant" Type="DimValue" Dimension="Dimensionless">3</Property>
			<Property Name="LossTangent" Type="DimValue" Dimension="Dimensionless">0.0013</Property>
			<Property Name="GlassTransTemp" Type="DimValue" Dimension="Temperature">0</Property>
			<Property Name="Manufacturer" Type="String">Ar10n/Rogers</Property>
			<Property Name="Name" Type="String">CLTE-AT</Property>
			<Property Name="Thickness" Type="DimValue" Dimension="Length">5 mil</Property>
			<Property Name="Description" Type="String">CLTE-AT;_Glass_PTFE_Ceramic;_(10GHz)</Property>
			<Property Name="Note" Type="String">Df=0.0013</Property>
		</Entity>
		<Entity Id="6bd74f66-498b-4a10-94bc-38ab6d2aa549" TypeId="27d70fdc-4c4e-4774-bfac-7efbb48cde47" RevisionId="213f7ab1-e5f1-4f0d-a19c-886f418396cf" RevisionDate="2021-03-16T04:34:50.4370739Z">
			<Property Name="Constructions" Type="String">Glass_PTFE_Ceramic</Property>
			<Property Name="Resin" Type="DimValue" Dimension="Relative">0</Property>
			<Property Name="Frequency" Type="DimValue" Dimension="Frequency">10GHz</Property>
			<Property Name="DielectricConstant" Type="DimValue" Dimension="Dimensionless">3</Property>
			<Property Name="LossTangent" Type="DimValue" Dimension="Dimensionless">0.0013</Property>
			<Property Name="GlassTransTemp" Type="DimValue" Dimension="Temperature">0</Property>
			<Property Name="Manufacturer" Type="String">Ar10n/Rogers</Property>
			<Property Name="Name" Type="String">CLTE-AT</Property>
			<Property Name="Thickness" Type="DimValue" Dimension="Length">10 mil</Property>
			<Property Name="Description" Type="String">CLTE-AT;_Glass_PTFE_Ceramic;_(10GHz)</Property>
			<Property Name="Note" Type="String">Df=0.0013</Property>
		</Entity>
		<Entity Id="6bd74f66-498b-4a10-94bc-38ab6d2aa550" TypeId="27d70fdc-4c4e-4774-bfac-7efbb48cde47" RevisionId="213f7ab1-e5f1-4f0d-a19c-886f418396cf" RevisionDate="2021-03-16T04:34:50.4370739Z">
			<Property Name="Constructions" Type="String">Glass_PTFE_Ceramic</Property>
			<Property Name="Resin" Type="DimValue" Dimension="Relative">0</Property>
			<Property Name="Frequency" Type="DimValue" Dimension="Frequency">10GHz</Property>
			<Property Name="DielectricConstant" Type="DimValue" Dimension="Dimensionless">3</Property>
			<Property Name="LossTangent" Type="DimValue" Dimension="Dimensionless">0.0013</Property>
			<Property Name="GlassTransTemp" Type="DimValue" Dimension="Temperature">0</Property>
			<Property Name="Manufacturer" Type="String">Ar10n/Rogers</Property>
			<Property Name="Name" Type="String">CLTE-AT</Property>
			<Property Name="Thickness" Type="DimValue" Dimension="Length">15 mil</Property>
			<Property Name="Description" Type="String">CLTE-AT;_Glass_PTFE_Ceramic;_(10GHz)</Property>
			<Property Name="Note" Type="String">Df=0.0013</Property>
		</Entity>
		<Entity Id="6bd74f66-498b-4a10-94bc-38ab6d2aa551" TypeId="27d70fdc-4c4e-4774-bfac-7efbb48cde47" RevisionId="213f7ab1-e5f1-4f0d-a19c-886f418396cf" RevisionDate="2021-03-16T04:34:50.4370739Z">
			<Property Name="Constructions" Type="String">Glass_PTFE_Ceramic</Property>
			<Property Name="Resin" Type="DimValue" Dimension="Relative">0</Property>
			<Property Name="Frequency" Type="DimValue" Dimension="Frequency">10GHz</Property>
			<Property Name="DielectricConstant" Type="DimValue" Dimension="Dimensionless">3</Property>
			<Property Name="LossTangent" Type="DimValue" Dimension="Dimensionless">0.0013</Property>
			<Property Name="GlassTransTemp" Type="DimValue" Dimension="Temperature">0</Property>
			<Property Name="Manufacturer" Type="String">Ar10n/Rogers</Property>
			<Property Name="Name" Type="String">CLTE-AT</Property>
			<Property Name="Thickness" Type="DimValue" Dimension="Length">20 mil</Property>
			<Property Name="Description" Type="String">CLTE-AT;_Glass_PTFE_Ceramic;_(10GHz)</Property>
			<Property Name="Note" Type="String">Df=0.0013</Property>
		</Entity>
		<Entity Id="6bd74f66-498b-4a10-94bc-38ab6d2aa552" TypeId="27d70fdc-4c4e-4774-bfac-7efbb48cde47" RevisionId="213f7ab1-e5f1-4f0d-a19c-886f418396cf" RevisionDate="2021-03-16T04:34:50.4370739Z">
			<Property Name="Constructions" Type="String">Glass_PTFE_Ceramic</Property>
			<Property Name="Resin" Type="DimValue" Dimension="Relative">0</Property>
			<Property Name="Frequency" Type="DimValue" Dimension="Frequency">10GHz</Property>
			<Property Name="DielectricConstant" Type="DimValue" Dimension="Dimensionless">3</Property>
			<Property Name="LossTangent" Type="DimValue" Dimension="Dimensionless">0.0013</Property>
			<Property Name="GlassTransTemp" Type="DimValue" Dimension="Temperature">0</Property>
			<Property Name="Manufacturer" Type="String">Ar10n/Rogers</Property>
			<Property Name="Name" Type="String">CLTE-AT</Property>
			<Property Name="Thickness" Type="DimValue" Dimension="Length">25 mil</Property>
			<Property Name="Description" Type="String">CLTE-AT;_Glass_PTFE_Ceramic;_(10GHz)</Property>
			<Property Name="Note" Type="String">Df=0.0013</Property>
		</Entity>
		<Entity Id="6bd74f66-498b-4a10-94bc-38ab6d2aa553" TypeId="27d70fdc-4c4e-4774-bfac-7efbb48cde47" RevisionId="213f7ab1-e5f1-4f0d-a19c-886f418396cf" RevisionDate="2021-03-16T04:34:50.4370739Z">
			<Property Name="Constructions" Type="String">Glass_PTFE_Ceramic</Property>
			<Property Name="Resin" Type="DimValue" Dimension="Relative">0</Property>
			<Property Name="Frequency" Type="DimValue" Dimension="Frequency">10GHz</Property>
			<Property Name="DielectricConstant" Type="DimValue" Dimension="Dimensionless">3</Property>
			<Property Name="LossTangent" Type="DimValue" Dimension="Dimensionless">0.0013</Property>
			<Property Name="GlassTransTemp" Type="DimValue" Dimension="Temperature">0</Property>
			<Property Name="Manufacturer" Type="String">Ar10n/Rogers</Property>
			<Property Name="Name" Type="String">CLTE-AT</Property>
			<Property Name="Thickness" Type="DimValue" Dimension="Length">30 mil</Property>
			<Property Name="Description" Type="String">CLTE-AT;_Glass_PTFE_Ceramic;_(10GHz)</Property>
			<Property Name="Note" Type="String">Df=0.0013</Property>
		</Entity>
		<Entity Id="6bd74f66-498b-4a10-94bc-38ab6d2aa554" TypeId="27d70fdc-4c4e-4774-bfac-7efbb48cde47" RevisionId="213f7ab1-e5f1-4f0d-a19c-886f418396cf" RevisionDate="2021-03-16T04:34:50.4370739Z">
			<Property Name="Constructions" Type="String">Glass_PTFE_Ceramic</Property>
			<Property Name="Resin" Type="DimValue" Dimension="Relative">0</Property>
			<Property Name="Frequency" Type="DimValue" Dimension="Frequency">10GHz</Property>
			<Property Name="DielectricConstant" Type="DimValue" Dimension="Dimensionless">3</Property>
			<Property Name="LossTangent" Type="DimValue" Dimension="Dimensionless">0.0013</Property>
			<Property Name="GlassTransTemp" Type="DimValue" Dimension="Temperature">0</Property>
			<Property Name="Manufacturer" Type="String">Ar10n/Rogers</Property>
			<Property Name="Name" Type="String">CLTE-AT</Property>
			<Property Name="Thickness" Type="DimValue" Dimension="Length">40 mil</Property>
			<Property Name="Description" Type="String">CLTE-AT;_Glass_PTFE_Ceramic;_(10GHz)</Property>
			<Property Name="Note" Type="String">Df=0.0013</Property>
		</Entity>
		<Entity Id="6bd74f66-498b-4a10-94bc-38ab6d2aa555" TypeId="27d70fdc-4c4e-4774-bfac-7efbb48cde47" RevisionId="213f7ab1-e5f1-4f0d-a19c-886f418396cf" RevisionDate="2021-03-16T04:34:50.4370739Z">
			<Property Name="Constructions" Type="String">Glass_PTFE_Ceramic</Property>
			<Property Name="Resin" Type="DimValue" Dimension="Relative">0</Property>
			<Property Name="Frequency" Type="DimValue" Dimension="Frequency">10GHz</Property>
			<Property Name="DielectricConstant" Type="DimValue" Dimension="Dimensionless">3</Property>
			<Property Name="LossTangent" Type="DimValue" Dimension="Dimensionless">0.0013</Property>
			<Property Name="GlassTransTemp" Type="DimValue" Dimension="Temperature">0</Property>
			<Property Name="Manufacturer" Type="String">Ar10n/Rogers</Property>
			<Property Name="Name" Type="String">CLTE-AT</Property>
			<Property Name="Thickness" Type="DimValue" Dimension="Length">50 mil</Property>
			<Property Name="Description" Type="String">CLTE-AT;_Glass_PTFE_Ceramic;_(10GHz)</Property>
			<Property Name="Note" Type="String">Df=0.0013</Property>
		</Entity>
		<Entity Id="6bd74f66-498b-4a10-94bc-38ab6d2aa556" TypeId="27d70fdc-4c4e-4774-bfac-7efbb48cde47" RevisionId="213f7ab1-e5f1-4f0d-a19c-886f418396cf" RevisionDate="2021-03-16T04:34:50.4370739Z">
			<Property Name="Constructions" Type="String">Glass_PTFE_Ceramic</Property>
			<Property Name="Resin" Type="DimValue" Dimension="Relative">0</Property>
			<Property Name="Frequency" Type="DimValue" Dimension="Frequency">10GHz</Property>
			<Property Name="DielectricConstant" Type="DimValue" Dimension="Dimensionless">3</Property>
			<Property Name="LossTangent" Type="DimValue" Dimension="Dimensionless">0.0013</Property>
			<Property Name="GlassTransTemp" Type="DimValue" Dimension="Temperature">0</Property>
			<Property Name="Manufacturer" Type="String">Ar10n/Rogers</Property>
			<Property Name="Name" Type="String">CLTE-AT</Property>
			<Property Name="Thickness" Type="DimValue" Dimension="Length">60 mil</Property>
			<Property Name="Description" Type="String">CLTE-AT;_Glass_PTFE_Ceramic;_(10GHz)</Property>
			<Property Name="Note" Type="String">Df=0.0013</Property>
		</Entity>
		<Entity Id="6bd74f66-498b-4a10-94bc-38ab6d2aa557" TypeId="27d70fdc-4c4e-4774-bfac-7efbb48cde47" RevisionId="213f7ab1-e5f1-4f0d-a19c-886f418396cf" RevisionDate="2021-03-16T04:34:50.4370739Z">
			<Property Name="Constructions" Type="String">Glass_PTFE_Ceramic</Property>
			<Property Name="Resin" Type="DimValue" Dimension="Relative">0</Property>
			<Property Name="Frequency" Type="DimValue" Dimension="Frequency">10GHz</Property>
			<Property Name="DielectricConstant" Type="DimValue" Dimension="Dimensionless">3.02</Property>
			<Property Name="LossTangent" Type="DimValue" Dimension="Dimensionless">0.0013</Property>
			<Property Name="GlassTransTemp" Type="DimValue" Dimension="Temperature">0</Property>
			<Property Name="Manufacturer" Type="String">Ar10n/Rogers</Property>
			<Property Name="Name" Type="String">CLTE-AT</Property>
			<Property Name="Thickness" Type="DimValue" Dimension="Length">90 mil</Property>
			<Property Name="Description" Type="String">CLTE-AT;_Glass_PTFE_Ceramic;_(10GHz)</Property>
			<Property Name="Note" Type="String">Df=0.0013</Property>
		</Entity>
		<Entity Id="6bd74f66-498b-4a10-94bc-38ab6d2aa558" TypeId="27d70fdc-4c4e-4774-bfac-7efbb48cde47" RevisionId="213f7ab1-e5f1-4f0d-a19c-886f418396cf" RevisionDate="2021-03-16T04:34:50.4370739Z">
			<Property Name="Constructions" Type="String">Glass_PTFE_Ceramic</Property>
			<Property Name="Resin" Type="DimValue" Dimension="Relative">0</Property>
			<Property Name="Frequency" Type="DimValue" Dimension="Frequency">10GHz</Property>
			<Property Name="DielectricConstant" Type="DimValue" Dimension="Dimensionless">3.02</Property>
			<Property Name="LossTangent" Type="DimValue" Dimension="Dimensionless">0.0013</Property>
			<Property Name="GlassTransTemp" Type="DimValue" Dimension="Temperature">0</Property>
			<Property Name="Manufacturer" Type="String">Ar10n/Rogers</Property>
			<Property Name="Name" Type="String">CLTE-AT</Property>
			<Property Name="Thickness" Type="DimValue" Dimension="Length">125 mil</Property>
			<Property Name="Description" Type="String">CLTE-AT;_Glass_PTFE_Ceramic;_(10GHz)</Property>
			<Property Name="Note" Type="String">Df=0.0013</Property>
		</Entity>
		<Entity Id="6bd74f66-498b-4a10-94bc-38ab6d2aa559" TypeId="27d70fdc-4c4e-4774-bfac-7efbb48cde47" RevisionId="213f7ab1-e5f1-4f0d-a19c-886f418396cf" RevisionDate="2021-03-16T04:34:50.4370739Z">
			<Property Name="Constructions" Type="String">Glass_PTFE_Ceramic</Property>
			<Property Name="Resin" Type="DimValue" Dimension="Relative">0</Property>
			<Property Name="Frequency" Type="DimValue" Dimension="Frequency">10GHz</Property>
			<Property Name="DielectricConstant" Type="DimValue" Dimension="Dimensionless">2.79</Property>
			<Property Name="LossTangent" Type="DimValue" Dimension="Dimensionless">0.0012</Property>
			<Property Name="GlassTransTemp" Type="DimValue" Dimension="Temperature">0</Property>
			<Property Name="Manufacturer" Type="String">Ar10n/Rogers</Property>
			<Property Name="Name" Type="String">CLTE-XT</Property>
			<Property Name="Thickness" Type="DimValue" Dimension="Length">5.1 mil</Property>
			<Property Name="Description" Type="String">CLTE-XT;_Glass_PTFE_Ceramic;_(10GHz)</Property>
			<Property Name="Note" Type="String">Df=0.0012</Property>
		</Entity>
		<Entity Id="6bd74f66-498b-4a10-94bc-38ab6d2aa560" TypeId="27d70fdc-4c4e-4774-bfac-7efbb48cde47" RevisionId="213f7ab1-e5f1-4f0d-a19c-886f418396cf" RevisionDate="2021-03-16T04:34:50.4370739Z">
			<Property Name="Constructions" Type="String">Glass_PTFE_Ceramic</Property>
			<Property Name="Resin" Type="DimValue" Dimension="Relative">0</Property>
			<Property Name="Frequency" Type="DimValue" Dimension="Frequency">10GHz</Property>
			<Property Name="DielectricConstant" Type="DimValue" Dimension="Dimensionless">2.89</Property>
			<Property Name="LossTangent" Type="DimValue" Dimension="Dimensionless">0.0012</Property>
			<Property Name="GlassTransTemp" Type="DimValue" Dimension="Temperature">0</Property>
			<Property Name="Manufacturer" Type="String">Ar10n/Rogers</Property>
			<Property Name="Name" Type="String">CLTE-XT</Property>
			<Property Name="Thickness" Type="DimValue" Dimension="Length">9.4 mil</Property>
			<Property Name="Description" Type="String">CLTE-XT;_Glass_PTFE_Ceramic;_(10GHz)</Property>
			<Property Name="Note" Type="String">Df=0.0012</Property>
		</Entity>
		<Entity Id="6bd74f66-498b-4a10-94bc-38ab6d2aa561" TypeId="27d70fdc-4c4e-4774-bfac-7efbb48cde47" RevisionId="213f7ab1-e5f1-4f0d-a19c-886f418396cf" RevisionDate="2021-03-16T04:34:50.4370739Z">
			<Property Name="Constructions" Type="String">Glass_PTFE_Ceramic</Property>
			<Property Name="Resin" Type="DimValue" Dimension="Relative">0</Property>
			<Property Name="Frequency" Type="DimValue" Dimension="Frequency">10GHz</Property>
			<Property Name="DielectricConstant" Type="DimValue" Dimension="Dimensionless">2.94</Property>
			<Property Name="LossTangent" Type="DimValue" Dimension="Dimensionless">0.0012</Property>
			<Property Name="GlassTransTemp" Type="DimValue" Dimension="Temperature">0</Property>
			<Property Name="Manufacturer" Type="String">Ar10n/Rogers</Property>
			<Property Name="Name" Type="String">CLTE-XT</Property>
			<Property Name="Thickness" Type="DimValue" Dimension="Length">14.5 mil</Property>
			<Property Name="Description" Type="String">CLTE-XT;_Glass_PTFE_Ceramic;_(10GHz)</Property>
			<Property Name="Note" Type="String">Df=0.0012</Property>
		</Entity>
		<Entity Id="6bd74f66-498b-4a10-94bc-38ab6d2aa562" TypeId="27d70fdc-4c4e-4774-bfac-7efbb48cde47" RevisionId="213f7ab1-e5f1-4f0d-a19c-886f418396cf" RevisionDate="2021-03-16T04:34:50.4370739Z">
			<Property Name="Constructions" Type="String">Glass_PTFE_Ceramic</Property>
			<Property Name="Resin" Type="DimValue" Dimension="Relative">0</Property>
			<Property Name="Frequency" Type="DimValue" Dimension="Frequency">10GHz</Property>
			<Property Name="DielectricConstant" Type="DimValue" Dimension="Dimensionless">2.92</Property>
			<Property Name="LossTangent" Type="DimValue" Dimension="Dimensionless">0.0012</Property>
			<Property Name="GlassTransTemp" Type="DimValue" Dimension="Temperature">0</Property>
			<Property Name="Manufacturer" Type="String">Ar10n/Rogers</Property>
			<Property Name="Name" Type="String">CLTE-XT</Property>
			<Property Name="Thickness" Type="DimValue" Dimension="Length">20 mil</Property>
			<Property Name="Description" Type="String">CLTE-XT;_Glass_PTFE_Ceramic;_(10GHz)</Property>
			<Property Name="Note" Type="String">Df=0.0012</Property>
		</Entity>
		<Entity Id="6bd74f66-498b-4a10-94bc-38ab6d2aa563" TypeId="27d70fdc-4c4e-4774-bfac-7efbb48cde47" RevisionId="213f7ab1-e5f1-4f0d-a19c-886f418396cf" RevisionDate="2021-03-16T04:34:50.4370739Z">
			<Property Name="Constructions" Type="String">Glass_PTFE_Ceramic</Property>
			<Property Name="Resin" Type="DimValue" Dimension="Relative">0</Property>
			<Property Name="Frequency" Type="DimValue" Dimension="Frequency">10GHz</Property>
			<Property Name="DielectricConstant" Type="DimValue" Dimension="Dimensionless">2.94</Property>
			<Property Name="LossTangent" Type="DimValue" Dimension="Dimensionless">0.0012</Property>
			<Property Name="GlassTransTemp" Type="DimValue" Dimension="Temperature">0</Property>
			<Property Name="Manufacturer" Type="String">Ar10n/Rogers</Property>
			<Property Name="Name" Type="String">CLTE-XT</Property>
			<Property Name="Thickness" Type="DimValue" Dimension="Length">25 mil</Property>
			<Property Name="Description" Type="String">CLTE-XT;_Glass_PTFE_Ceramic;_(10GHz)</Property>
			<Property Name="Note" Type="String">Df=0.0012</Property>
		</Entity>
		<Entity Id="6bd74f66-498b-4a10-94bc-38ab6d2aa564" TypeId="27d70fdc-4c4e-4774-bfac-7efbb48cde47" RevisionId="213f7ab1-e5f1-4f0d-a19c-886f418396cf" RevisionDate="2021-03-16T04:34:50.4370739Z">
			<Property Name="Constructions" Type="String">Glass_PTFE_Ceramic</Property>
			<Property Name="Resin" Type="DimValue" Dimension="Relative">0</Property>
			<Property Name="Frequency" Type="DimValue" Dimension="Frequency">10GHz</Property>
			<Property Name="DielectricConstant" Type="DimValue" Dimension="Dimensionless">2.94</Property>
			<Property Name="LossTangent" Type="DimValue" Dimension="Dimensionless">0.0012</Property>
			<Property Name="GlassTransTemp" Type="DimValue" Dimension="Temperature">0</Property>
			<Property Name="Manufacturer" Type="String">Ar10n/Rogers</Property>
			<Property Name="Name" Type="String">CLTE-XT</Property>
			<Property Name="Thickness" Type="DimValue" Dimension="Length">30 mil</Property>
			<Property Name="Description" Type="String">CLTE-XT;_Glass_PTFE_Ceramic;_(10GHz)</Property>
			<Property Name="Note" Type="String">Df=0.0012</Property>
		</Entity>
		<Entity Id="6bd74f66-498b-4a10-94bc-38ab6d2aa565" TypeId="27d70fdc-4c4e-4774-bfac-7efbb48cde47" RevisionId="213f7ab1-e5f1-4f0d-a19c-886f418396cf" RevisionDate="2021-03-16T04:34:50.4370739Z">
			<Property Name="Constructions" Type="String">Glass_PTFE_Ceramic</Property>
			<Property Name="Resin" Type="DimValue" Dimension="Relative">0</Property>
			<Property Name="Frequency" Type="DimValue" Dimension="Frequency">10GHz</Property>
			<Property Name="DielectricConstant" Type="DimValue" Dimension="Dimensionless">2.94</Property>
			<Property Name="LossTangent" Type="DimValue" Dimension="Dimensionless">0.0012</Property>
			<Property Name="GlassTransTemp" Type="DimValue" Dimension="Temperature">0</Property>
			<Property Name="Manufacturer" Type="String">Ar10n/Rogers</Property>
			<Property Name="Name" Type="String">CLTE-XT</Property>
			<Property Name="Thickness" Type="DimValue" Dimension="Length">40 mil</Property>
			<Property Name="Description" Type="String">CLTE-XT;_Glass_PTFE_Ceramic;_(10GHz)</Property>
			<Property Name="Note" Type="String">Df=0.0012</Property>
		</Entity>
		<Entity Id="6bd74f66-498b-4a10-94bc-38ab6d2aa566" TypeId="27d70fdc-4c4e-4774-bfac-7efbb48cde47" RevisionId="213f7ab1-e5f1-4f0d-a19c-886f418396cf" RevisionDate="2021-03-16T04:34:50.4370739Z">
			<Property Name="Constructions" Type="String">Glass_PTFE_Ceramic</Property>
			<Property Name="Resin" Type="DimValue" Dimension="Relative">0</Property>
			<Property Name="Frequency" Type="DimValue" Dimension="Frequency">10GHz</Property>
			<Property Name="DielectricConstant" Type="DimValue" Dimension="Dimensionless">2.94</Property>
			<Property Name="LossTangent" Type="DimValue" Dimension="Dimensionless">0.0012</Property>
			<Property Name="GlassTransTemp" Type="DimValue" Dimension="Temperature">0</Property>
			<Property Name="Manufacturer" Type="String">Ar10n/Rogers</Property>
			<Property Name="Name" Type="String">CLTE-XT</Property>
			<Property Name="Thickness" Type="DimValue" Dimension="Length">45 mil</Property>
			<Property Name="Description" Type="String">CLTE-XT;_Glass_PTFE_Ceramic;_(10GHz)</Property>
			<Property Name="Note" Type="String">Df=0.0012</Property>
		</Entity>
		<Entity Id="6bd74f66-498b-4a10-94bc-38ab6d2aa567" TypeId="27d70fdc-4c4e-4774-bfac-7efbb48cde47" RevisionId="213f7ab1-e5f1-4f0d-a19c-886f418396cf" RevisionDate="2021-03-16T04:34:50.4370739Z">
			<Property Name="Constructions" Type="String">Glass_PTFE_Ceramic</Property>
			<Property Name="Resin" Type="DimValue" Dimension="Relative">0</Property>
			<Property Name="Frequency" Type="DimValue" Dimension="Frequency">10GHz</Property>
			<Property Name="DielectricConstant" Type="DimValue" Dimension="Dimensionless">2.95</Property>
			<Property Name="LossTangent" Type="DimValue" Dimension="Dimensionless">0.0012</Property>
			<Property Name="GlassTransTemp" Type="DimValue" Dimension="Temperature">0</Property>
			<Property Name="Manufacturer" Type="String">Ar10n/Rogers</Property>
			<Property Name="Name" Type="String">CLTE-XT</Property>
			<Property Name="Thickness" Type="DimValue" Dimension="Length">48 mil</Property>
			<Property Name="Description" Type="String">CLTE-XT;_Glass_PTFE_Ceramic;_(10GHz)</Property>
			<Property Name="Note" Type="String">Df=0.0012</Property>
		</Entity>
		<Entity Id="6bd74f66-498b-4a10-94bc-38ab6d2aa568" TypeId="27d70fdc-4c4e-4774-bfac-7efbb48cde47" RevisionId="213f7ab1-e5f1-4f0d-a19c-886f418396cf" RevisionDate="2021-03-16T04:34:50.4370739Z">
			<Property Name="Constructions" Type="String">Glass_PTFE_Ceramic</Property>
			<Property Name="Resin" Type="DimValue" Dimension="Relative">0</Property>
			<Property Name="Frequency" Type="DimValue" Dimension="Frequency">10GHz</Property>
			<Property Name="DielectricConstant" Type="DimValue" Dimension="Dimensionless">2.95</Property>
			<Property Name="LossTangent" Type="DimValue" Dimension="Dimensionless">0.0012</Property>
			<Property Name="GlassTransTemp" Type="DimValue" Dimension="Temperature">0</Property>
			<Property Name="Manufacturer" Type="String">Ar10n/Rogers</Property>
			<Property Name="Name" Type="String">CLTE-XT</Property>
			<Property Name="Thickness" Type="DimValue" Dimension="Length">59 mil</Property>
			<Property Name="Description" Type="String">CLTE-XT;_Glass_PTFE_Ceramic;_(10GHz)</Property>
			<Property Name="Note" Type="String">Df=0.0012</Property>
		</Entity>
		<Entity Id="6bd74f66-498b-4a10-94bc-38ab6d2aa569" TypeId="27d70fdc-4c4e-4774-bfac-7efbb48cde47" RevisionId="213f7ab1-e5f1-4f0d-a19c-886f418396cf" RevisionDate="2021-03-16T04:34:50.4370739Z">
			<Property Name="Constructions" Type="String">Glass_PTFE_Ceramic</Property>
			<Property Name="Resin" Type="DimValue" Dimension="Relative">0</Property>
			<Property Name="Frequency" Type="DimValue" Dimension="Frequency">10GHz</Property>
			<Property Name="DielectricConstant" Type="DimValue" Dimension="Dimensionless">2.94</Property>
			<Property Name="LossTangent" Type="DimValue" Dimension="Dimensionless">0.0012</Property>
			<Property Name="GlassTransTemp" Type="DimValue" Dimension="Temperature">0</Property>
			<Property Name="Manufacturer" Type="String">Ar10n/Rogers</Property>
			<Property Name="Name" Type="String">CLTE-XT</Property>
			<Property Name="Thickness" Type="DimValue" Dimension="Length">60 mil</Property>
			<Property Name="Description" Type="String">CLTE-XT;_Glass_PTFE_Ceramic;_(10GHz)</Property>
			<Property Name="Note" Type="String">Df=0.0012</Property>
		</Entity>
		<Entity Id="6bd74f66-498b-4a10-94bc-38ab6d2aa570" TypeId="27d70fdc-4c4e-4774-bfac-7efbb48cde47" RevisionId="213f7ab1-e5f1-4f0d-a19c-886f418396cf" RevisionDate="2021-03-16T04:34:50.4370739Z">
			<Property Name="Constructions" Type="String">Glass_PTFE_Ceramic</Property>
			<Property Name="Resin" Type="DimValue" Dimension="Relative">0</Property>
			<Property Name="Frequency" Type="DimValue" Dimension="Frequency">10GHz</Property>
			<Property Name="DielectricConstant" Type="DimValue" Dimension="Dimensionless">2.95</Property>
			<Property Name="LossTangent" Type="DimValue" Dimension="Dimensionless">0.0012</Property>
			<Property Name="GlassTransTemp" Type="DimValue" Dimension="Temperature">0</Property>
			<Property Name="Manufacturer" Type="String">Ar10n/Rogers</Property>
			<Property Name="Name" Type="String">CLTE-XT</Property>
			<Property Name="Thickness" Type="DimValue" Dimension="Length">70 mil</Property>
			<Property Name="Description" Type="String">CLTE-XT;_Glass_PTFE_Ceramic;_(10GHz)</Property>
			<Property Name="Note" Type="String">Df=0.0012</Property>
		</Entity>
		<Entity Id="6bd74f66-498b-4a10-94bc-38ab6d2aa571" TypeId="27d70fdc-4c4e-4774-bfac-7efbb48cde47" RevisionId="213f7ab1-e5f1-4f0d-a19c-886f418396cf" RevisionDate="2021-03-16T04:34:50.4370739Z">
			<Property Name="Constructions" Type="String">Glass_PTFE_Ceramic</Property>
			<Property Name="Resin" Type="DimValue" Dimension="Relative">0</Property>
			<Property Name="Frequency" Type="DimValue" Dimension="Frequency">10GHz</Property>
			<Property Name="DielectricConstant" Type="DimValue" Dimension="Dimensionless">2.98</Property>
			<Property Name="LossTangent" Type="DimValue" Dimension="Dimensionless">0.0012</Property>
			<Property Name="GlassTransTemp" Type="DimValue" Dimension="Temperature">0</Property>
			<Property Name="Manufacturer" Type="String">Ar10n/Rogers</Property>
			<Property Name="Name" Type="String">CLTE-XT</Property>
			<Property Name="Thickness" Type="DimValue" Dimension="Length">90 mil</Property>
			<Property Name="Description" Type="String">CLTE-XT;_Glass_PTFE_Ceramic;_(10GHz)</Property>
			<Property Name="Note" Type="String">Df=0.0012</Property>
		</Entity>
		<Entity Id="6bd74f66-498b-4a10-94bc-38ab6d2aa572" TypeId="27d70fdc-4c4e-4774-bfac-7efbb48cde47" RevisionId="213f7ab1-e5f1-4f0d-a19c-886f418396cf" RevisionDate="2021-03-16T04:34:50.4370739Z">
			<Property Name="Constructions" Type="String">Glass_PTFE_Ceramic</Property>
			<Property Name="Resin" Type="DimValue" Dimension="Relative">0</Property>
			<Property Name="Frequency" Type="DimValue" Dimension="Frequency">10GHz</Property>
			<Property Name="DielectricConstant" Type="DimValue" Dimension="Dimensionless">3.01</Property>
			<Property Name="LossTangent" Type="DimValue" Dimension="Dimensionless">0.0012</Property>
			<Property Name="GlassTransTemp" Type="DimValue" Dimension="Temperature">0</Property>
			<Property Name="Manufacturer" Type="String">Ar10n/Rogers</Property>
			<Property Name="Name" Type="String">CLTE-XT</Property>
			<Property Name="Thickness" Type="DimValue" Dimension="Length">100 mil</Property>
			<Property Name="Description" Type="String">CLTE-XT;_Glass_PTFE_Ceramic;_(10GHz)</Property>
			<Property Name="Note" Type="String">Df=0.0012</Property>
		</Entity>
		<Entity Id="6bd74f66-498b-4a10-94bc-38ab6d2aa573" TypeId="27d70fdc-4c4e-4774-bfac-7efbb48cde47" RevisionId="213f7ab1-e5f1-4f0d-a19c-886f418396cf" RevisionDate="2021-03-16T04:34:50.4370739Z">
			<Property Name="Constructions" Type="String">Glass_PTFE_Ceramic</Property>
			<Property Name="Resin" Type="DimValue" Dimension="Relative">0</Property>
			<Property Name="Frequency" Type="DimValue" Dimension="Frequency">10GHz</Property>
			<Property Name="DielectricConstant" Type="DimValue" Dimension="Dimensionless">3.01</Property>
			<Property Name="LossTangent" Type="DimValue" Dimension="Dimensionless">0.0012</Property>
			<Property Name="GlassTransTemp" Type="DimValue" Dimension="Temperature">0</Property>
			<Property Name="Manufacturer" Type="String">Ar10n/Rogers</Property>
			<Property Name="Name" Type="String">CLTE-XT</Property>
			<Property Name="Thickness" Type="DimValue" Dimension="Length">120 mil</Property>
			<Property Name="Description" Type="String">CLTE-XT;_Glass_PTFE_Ceramic;_(10GHz)</Property>
			<Property Name="Note" Type="String">Df=0.0012</Property>
		</Entity>
		<Entity Id="6bd74f66-498b-4a10-94bc-38ab6d2aa574" TypeId="27d70fdc-4c4e-4774-bfac-7efbb48cde47" RevisionId="213f7ab1-e5f1-4f0d-a19c-886f418396cf" RevisionDate="2021-03-16T04:34:50.4370739Z">
			<Property Name="Constructions" Type="String">Spread_glass_PTFE_Ceramic</Property>
			<Property Name="Resin" Type="DimValue" Dimension="Relative">0</Property>
			<Property Name="Frequency" Type="DimValue" Dimension="Frequency">10GHz</Property>
			<Property Name="DielectricConstant" Type="DimValue" Dimension="Dimensionless">2.94</Property>
			<Property Name="LossTangent" Type="DimValue" Dimension="Dimensionless">0.0015</Property>
			<Property Name="GlassTransTemp" Type="DimValue" Dimension="Temperature">0</Property>
			<Property Name="Manufacturer" Type="String">Ar10n/Rogers</Property>
			<Property Name="Name" Type="String">CLTE-MW</Property>
			<Property Name="Thickness" Type="DimValue" Dimension="Length">3.0 mil</Property>
			<Property Name="Description" Type="String">CLTE-MW;_Spread_glass_PTFE_Ceramic;_(10GHz)</Property>
			<Property Name="Note" Type="String">Df=0.0012</Property>
		</Entity>
		<Entity Id="6bd74f66-498b-4a10-94bc-38ab6d2aa575" TypeId="27d70fdc-4c4e-4774-bfac-7efbb48cde47" RevisionId="213f7ab1-e5f1-4f0d-a19c-886f418396cf" RevisionDate="2021-03-16T04:34:50.4370739Z">
			<Property Name="Constructions" Type="String">Spread_glass_PTFE_Ceramic</Property>
			<Property Name="Resin" Type="DimValue" Dimension="Relative">0</Property>
			<Property Name="Frequency" Type="DimValue" Dimension="Frequency">10GHz</Property>
			<Property Name="DielectricConstant" Type="DimValue" Dimension="Dimensionless">2.97</Property>
			<Property Name="LossTangent" Type="DimValue" Dimension="Dimensionless">0.0015</Property>
			<Property Name="GlassTransTemp" Type="DimValue" Dimension="Temperature">0</Property>
			<Property Name="Manufacturer" Type="String">Ar10n/Rogers</Property>
			<Property Name="Name" Type="String">CLTE-MW</Property>
			<Property Name="Thickness" Type="DimValue" Dimension="Length">4.0 mil</Property>
			<Property Name="Description" Type="String">CLTE-MW;_Spread_glass_PTFE_Ceramic;_(10GHz)</Property>
			<Property Name="Note" Type="String">Df=0.0012</Property>
		</Entity>
		<Entity Id="6bd74f66-498b-4a10-94bc-38ab6d2aa576" TypeId="27d70fdc-4c4e-4774-bfac-7efbb48cde47" RevisionId="213f7ab1-e5f1-4f0d-a19c-886f418396cf" RevisionDate="2021-03-16T04:34:50.4370739Z">
			<Property Name="Constructions" Type="String">Spread_glass_PTFE_Ceramic</Property>
			<Property Name="Resin" Type="DimValue" Dimension="Relative">0</Property>
			<Property Name="Frequency" Type="DimValue" Dimension="Frequency">10GHz</Property>
			<Property Name="DielectricConstant" Type="DimValue" Dimension="Dimensionless">2.96</Property>
			<Property Name="LossTangent" Type="DimValue" Dimension="Dimensionless">0.0015</Property>
			<Property Name="GlassTransTemp" Type="DimValue" Dimension="Temperature">0</Property>
			<Property Name="Manufacturer" Type="String">Ar10n/Rogers</Property>
			<Property Name="Name" Type="String">CLTE-MW</Property>
			<Property Name="Thickness" Type="DimValue" Dimension="Length">5.0 mil</Property>
			<Property Name="Description" Type="String">CLTE-MW;_Spread_glass_PTFE_Ceramic;_(10GHz)</Property>
			<Property Name="Note" Type="String">Df=0.0012</Property>
		</Entity>
		<Entity Id="6bd74f66-498b-4a10-94bc-38ab6d2aa577" TypeId="27d70fdc-4c4e-4774-bfac-7efbb48cde47" RevisionId="213f7ab1-e5f1-4f0d-a19c-886f418396cf" RevisionDate="2021-03-16T04:34:50.4370739Z">
			<Property Name="Constructions" Type="String">Spread_glass_PTFE_Ceramic</Property>
			<Property Name="Resin" Type="DimValue" Dimension="Relative">0</Property>
			<Property Name="Frequency" Type="DimValue" Dimension="Frequency">10GHz</Property>
			<Property Name="DielectricConstant" Type="DimValue" Dimension="Dimensionless">3.02</Property>
			<Property Name="LossTangent" Type="DimValue" Dimension="Dimensionless">0.0015</Property>
			<Property Name="GlassTransTemp" Type="DimValue" Dimension="Temperature">0</Property>
			<Property Name="Manufacturer" Type="String">Ar10n/Rogers</Property>
			<Property Name="Name" Type="String">CLTE-MW</Property>
			<Property Name="Thickness" Type="DimValue" Dimension="Length">6.0 mil</Property>
			<Property Name="Description" Type="String">CLTE-MW;_Spread_glass_PTFE_Ceramic;_(10GHz)</Property>
			<Property Name="Note" Type="String">Df=0.0012</Property>
		</Entity>
		<Entity Id="6bd74f66-498b-4a10-94bc-38ab6d2aa578" TypeId="27d70fdc-4c4e-4774-bfac-7efbb48cde47" RevisionId="213f7ab1-e5f1-4f0d-a19c-886f418396cf" RevisionDate="2021-03-16T04:34:50.4370739Z">
			<Property Name="Constructions" Type="String">Spread_glass_PTFE_Ceramic</Property>
			<Property Name="Resin" Type="DimValue" Dimension="Relative">0</Property>
			<Property Name="Frequency" Type="DimValue" Dimension="Frequency">10GHz</Property>
			<Property Name="DielectricConstant" Type="DimValue" Dimension="Dimensionless">3.00</Property>
			<Property Name="LossTangent" Type="DimValue" Dimension="Dimensionless">0.0015</Property>
			<Property Name="GlassTransTemp" Type="DimValue" Dimension="Temperature">0</Property>
			<Property Name="Manufacturer" Type="String">Ar10n/Rogers</Property>
			<Property Name="Name" Type="String">CLTE-MW</Property>
			<Property Name="Thickness" Type="DimValue" Dimension="Length">7.0 mil</Property>
			<Property Name="Description" Type="String">CLTE-MW;_Spread_glass_PTFE_Ceramic;_(10GHz)</Property>
			<Property Name="Note" Type="String">Df=0.0012</Property>
		</Entity>
		<Entity Id="6bd74f66-498b-4a10-94bc-38ab6d2aa579" TypeId="27d70fdc-4c4e-4774-bfac-7efbb48cde47" RevisionId="213f7ab1-e5f1-4f0d-a19c-886f418396cf" RevisionDate="2021-03-16T04:34:50.4370739Z">
			<Property Name="Constructions" Type="String">Spread_glass_PTFE_Ceramic</Property>
			<Property Name="Resin" Type="DimValue" Dimension="Relative">0</Property>
			<Property Name="Frequency" Type="DimValue" Dimension="Frequency">10GHz</Property>
			<Property Name="DielectricConstant" Type="DimValue" Dimension="Dimensionless">3.01</Property>
			<Property Name="LossTangent" Type="DimValue" Dimension="Dimensionless">0.0015</Property>
			<Property Name="GlassTransTemp" Type="DimValue" Dimension="Temperature">0</Property>
			<Property Name="Manufacturer" Type="String">Ar10n/Rogers</Property>
			<Property Name="Name" Type="String">CLTE-MW</Property>
			<Property Name="Thickness" Type="DimValue" Dimension="Length">8.0 mil</Property>
			<Property Name="Description" Type="String">CLTE-MW;_Spread_glass_PTFE_Ceramic;_(10GHz)</Property>
			<Property Name="Note" Type="String">Df=0.0012</Property>
		</Entity>
		<Entity Id="6bd74f66-498b-4a10-94bc-38ab6d2aa580" TypeId="27d70fdc-4c4e-4774-bfac-7efbb48cde47" RevisionId="213f7ab1-e5f1-4f0d-a19c-886f418396cf" RevisionDate="2021-03-16T04:34:50.4370739Z">
			<Property Name="Constructions" Type="String">Spread_glass_PTFE_Ceramic</Property>
			<Property Name="Resin" Type="DimValue" Dimension="Relative">0</Property>
			<Property Name="Frequency" Type="DimValue" Dimension="Frequency">10GHz</Property>
			<Property Name="DielectricConstant" Type="DimValue" Dimension="Dimensionless">3.00</Property>
			<Property Name="LossTangent" Type="DimValue" Dimension="Dimensionless">0.0015</Property>
			<Property Name="GlassTransTemp" Type="DimValue" Dimension="Temperature">0</Property>
			<Property Name="Manufacturer" Type="String">Ar10n/Rogers</Property>
			<Property Name="Name" Type="String">CLTE-MW</Property>
			<Property Name="Thickness" Type="DimValue" Dimension="Length">10 mil</Property>
			<Property Name="Description" Type="String">CLTE-MW;_Spread_glass_PTFE_Ceramic;_(10GHz)</Property>
			<Property Name="Note" Type="String">Df=0.0012</Property>
		</Entity>
	</Entities>
	<EntityExtensions />
</ExtensibleLibrary>
